sku_id,product_name,brand,parent_company,category,sub_category,is_magic_price_point,magic_price_tier,packaging_type,baseline_price_inr,terminal_price_inr,baseline_weight,terminal_weight,unit_of_measure,baseline_unit_price,terminal_unit_price,pct_change_nominal_price,pct_change_weight,pct_change_unit_price,dln_unit_price,dln_nominal_price,dln_pack_weight,share_from_shrinkflation,share_from_price_hike,stealth_index,quadrant,quadrant_code,is_shrinkflated,has_marketing_redesign_claim
BIS-20--1022,20-20 Cookies (Butter Cookies),20-20,Parle Products,Biscuits & Bakery,Butter Cookies,1,₹20 Pack,Poly Bag,20.0,25.0,110.0,93.1,g,18.18,26.85,25.0,-15.36,47.69,0.3899,0.2231,-0.1668,0.4278,0.5722,0.3222,Q3: Double Whammy (Price Up + Weight Down),Q3_Double_Whammy,1,1
BIS-20--1037,20-20 Cookies (Crackers),20-20,Parle Products,Biscuits & Bakery,Crackers,0,Standard / Non-LUP,Paper Wrapper,168.0,217.6,300.0,265.1,g,56.0,82.08,29.52,-11.63,46.57,0.3823,0.2587,-0.1237,0.3235,0.6766,0.2498,Q3: Double Whammy (Price Up + Weight Down),Q3_Double_Whammy,1,1
BIS-20--1065,20-20 Cookies (Glucose Biscuits),20-20,Parle Products,Biscuits & Bakery,Glucose Biscuits,0,Standard / Non-LUP,Nitrogen Flushed Foil Pouch,152.6,152.6,500.0,372.2,g,30.52,41.0,0.0,-25.56,34.34,0.2952,0.0,-0.2952,1.0,0.0,0.7444,"Q2: Silent Shrinkflation (Weight Down, Price Flat)",Q2_Silent_Shrink,1,1
BIS-20--1237,20-20 Cookies (Crackers),20-20,Parle Products,Biscuits & Bakery,Crackers,0,Standard / Non-LUP,LDPE Pouch,69.1,91.2,400.0,338.4,g,17.27,26.95,31.98,-15.4,56.05,0.445,0.2775,-0.1672,0.3758,0.6236,0.2748,Q3: Double Whammy (Price Up + Weight Down),Q3_Double_Whammy,1,1
BIS-20--1398,20-20 Cookies (Digestive),20-20,Parle Products,Biscuits & Bakery,Digestive,0,Standard / Non-LUP,Poly Bag,90.0,109.8,250.0,220.9,g,36.0,49.71,22.0,-11.64,38.08,0.3227,0.1989,-0.1238,0.3835,0.6162,0.3056,Q3: Double Whammy (Price Up + Weight Down),Q3_Double_Whammy,1,1
BIS-20--1469,20-20 Cookies (Glucose Biscuits),20-20,Parle Products,Biscuits & Bakery,Glucose Biscuits,1,₹5 Pack,Mono Carton Box,5.0,6.0,45.0,38.1,g,11.11,15.75,20.0,-15.33,41.76,0.349,0.1823,-0.1664,0.4769,0.5224,0.3671,Q3: Double Whammy (Price Up + Weight Down),Q3_Double_Whammy,1,1
BIS-20--1488,20-20 Cookies (Crackers),20-20,Parle Products,Biscuits & Bakery,Crackers,0,Standard / Non-LUP,HDPE Plastic Bottle,159.7,210.0,150.0,150.0,g,106.47,140.0,31.5,0.0,31.49,0.2738,0.2738,0.0,0.0,1.0,0.0,"Q1: Overt Inflation (Price Up, Weight Flat)",Q1_Overt_Inflation,0,0
BIS-20--1537,20-20 Cookies (Chocolate Chip),20-20,Parle Products,Biscuits & Bakery,Chocolate Chip,0,Standard / Non-LUP,Poly Bag,46.1,54.7,100.0,100.0,g,46.1,54.7,18.66,0.0,18.66,0.1711,0.1711,0.0,0.0,1.0,0.0,"Q1: Overt Inflation (Price Up, Weight Flat)",Q1_Overt_Inflation,0,0
BIS-20--1651,20-20 Cookies (Chocolate Chip),20-20,Parle Products,Biscuits & Bakery,Chocolate Chip,1,₹20 Pack,Nitrogen Flushed Foil Pouch,20.0,25.0,90.0,72.9,g,22.22,34.29,25.0,-19.0,54.32,0.4339,0.2231,-0.2107,0.4857,0.5143,0.3498,Q3: Double Whammy (Price Up + Weight Down),Q3_Double_Whammy,1,1
BIS-20--1714,20-20 Cookies (Crackers),20-20,Parle Products,Biscuits & Bakery,Crackers,1,₹50 Pack,Paper Wrapper,50.0,62.0,100.0,88.4,g,50.0,70.14,24.0,-11.6,40.28,0.3385,0.2151,-0.1233,0.3643,0.6355,0.288,Q3: Double Whammy (Price Up + Weight Down),Q3_Double_Whammy,1,1
BIS-20--2317,20-20 Cookies (Glucose Biscuits),20-20,Parle Products,Biscuits & Bakery,Glucose Biscuits,1,₹50 Pack,Flow Wrap,50.0,50.0,175.0,133.2,g,28.57,37.54,0.0,-23.89,31.4,0.273,0.0,-0.2729,0.9996,0.0,0.7608,"Q2: Silent Shrinkflation (Weight Down, Price Flat)",Q2_Silent_Shrink,1,1
BIS-20--2342,20-20 Cookies (Crackers),20-20,Parle Products,Biscuits & Bakery,Crackers,1,₹20 Pack,Mono Carton Box,20.0,20.0,120.0,85.5,g,16.67,23.39,0.0,-28.75,40.31,0.3387,0.0,-0.339,1.0,0.0,0.7132,"Q2: Silent Shrinkflation (Weight Down, Price Flat)",Q2_Silent_Shrink,1,1
BIS-20--2347,20-20 Cookies (Butter Cookies),20-20,Parle Products,Biscuits & Bakery,Butter Cookies,0,Standard / Non-LUP,Poly Bag,120.0,114.0,150.0,109.3,g,80.0,104.3,-5.0,-27.13,30.37,0.2652,-0.0513,-0.3165,1.0,0.0,0.8933,"Q2: Silent Shrinkflation (Weight Down, Price Flat)",Q2_Silent_Shrink,1,1
BIS-5 S-1301,5 Star (Bar Chocolate),5,Mondelez India,Biscuits & Bakery,Bar Chocolate,1,₹5 Pack,Flow Wrap,5.0,5.0,65.0,45.3,g,7.69,11.04,0.0,-30.31,43.56,0.3616,0.0,-0.3611,0.9986,0.0,0.6957,"Q2: Silent Shrinkflation (Weight Down, Price Flat)",Q2_Silent_Shrink,1,1
BIS-5 S-1302,5 Star (Malted Biscuits),5,Mondelez India,Biscuits & Bakery,Malted Biscuits,1,₹20 Pack,Paper Wrapper,20.0,20.0,60.0,48.8,g,33.33,40.98,0.0,-18.67,22.95,0.2066,0.0,-0.2066,0.9999,0.0,0.8133,"Q2: Silent Shrinkflation (Weight Down, Price Flat)",Q2_Silent_Shrink,1,1
BIS-5 S-1366,5 Star (Cream Biscuits),5,Mondelez India,Biscuits & Bakery,Cream Biscuits,0,Standard / Non-LUP,Flow Wrap,169.5,206.4,150.0,126.9,g,113.0,162.65,21.77,-15.4,43.94,0.3642,0.197,-0.1672,0.4592,0.5408,0.3505,Q3: Double Whammy (Price Up + Weight Down),Q3_Double_Whammy,1,1
BIS-5 S-1452,5 Star (Cream Biscuits),5,Mondelez India,Biscuits & Bakery,Cream Biscuits,0,Standard / Non-LUP,Flexible Pillow Pouch,90.2,92.0,250.0,186.1,g,36.08,49.44,2.0,-25.56,37.03,0.315,0.0198,-0.2952,0.937,0.0627,0.6903,"Q2: Silent Shrinkflation (Weight Down, Price Flat)",Q2_Silent_Shrink,1,1
BIS-5 S-1468,5 Star (Milk Chocolate),5,Mondelez India,Biscuits & Bakery,Milk Chocolate,1,₹20 Pack,Poly Bag,20.0,20.0,120.0,83.6,g,16.67,23.92,0.0,-30.33,43.49,0.3611,0.0,-0.3614,1.0,0.0,0.6975,"Q2: Silent Shrinkflation (Weight Down, Price Flat)",Q2_Silent_Shrink,1,1
BIS-5 S-1480,5 Star (Bar Chocolate),5,Mondelez India,Biscuits & Bakery,Bar Chocolate,1,₹5 Pack,LDPE Pouch,5.0,5.0,70.0,51.0,g,7.14,9.8,0.0,-27.14,37.25,0.3167,0.0,-0.3167,1.0,0.0,0.7286,"Q2: Silent Shrinkflation (Weight Down, Price Flat)",Q2_Silent_Shrink,1,1
BIS-5 S-1758,5 Star (Bar Chocolate),5,Mondelez India,Biscuits & Bakery,Bar Chocolate,1,₹5 Pack,HDPE Plastic Bottle,5.0,5.0,60.0,60.0,g,8.33,8.33,0.0,0.0,0.0,0.0,0.0,0.0,0.0,0.0,0.0,Q4: Stable / Fair Value,Q4_Stable_Fair,0,0
BIS-5 S-1801,5 Star (Malted Biscuits),5,Mondelez India,Biscuits & Bakery,Malted Biscuits,0,Standard / Non-LUP,Stand-up Spout Pouch,133.0,161.5,300.0,300.0,g,44.33,53.83,21.43,0.0,21.43,0.1942,0.1942,0.0,0.0,0.9999,0.0,"Q1: Overt Inflation (Price Up, Weight Flat)",Q1_Overt_Inflation,0,0
BIS-5 S-1840,5 Star (Cream Biscuits),5,Mondelez India,Biscuits & Bakery,Cream Biscuits,0,Standard / Non-LUP,Paper Wrapper,163.4,216.6,200.0,169.2,g,81.7,128.01,32.56,-15.4,56.68,0.4491,0.2819,-0.1672,0.3724,0.6277,0.2717,Q3: Double Whammy (Price Up + Weight Down),Q3_Double_Whammy,1,1
BIS-5 S-1846,5 Star (Bar Chocolate),5,Mondelez India,Biscuits & Bakery,Bar Chocolate,0,Standard / Non-LUP,Mono Carton Box,69.1,69.1,200.0,148.9,g,34.55,46.41,0.0,-25.55,34.33,0.2951,0.0,-0.295,0.9998,0.0,0.7443,"Q2: Silent Shrinkflation (Weight Down, Price Flat)",Q2_Silent_Shrink,1,1
BIS-5 S-2027,5 Star (Bar Chocolate),5,Mondelez India,Biscuits & Bakery,Bar Chocolate,1,₹50 Pack,Flow Wrap,50.0,62.0,115.0,93.2,g,43.48,66.52,24.0,-18.96,52.99,0.4252,0.2151,-0.2102,0.4943,0.5059,0.3577,Q3: Double Whammy (Price Up + Weight Down),Q3_Double_Whammy,1,1
BIS-5 S-2057,5 Star (Malted Biscuits),5,Mondelez India,Biscuits & Bakery,Malted Biscuits,1,₹10 Pack,Stand-up Spout Pouch,10.0,13.0,120.0,101.5,g,8.33,12.81,30.0,-15.42,53.78,0.4304,0.2624,-0.1674,0.3891,0.6096,0.2867,Q3: Double Whammy (Price Up + Weight Down),Q3_Double_Whammy,1,1
BIS-BOU-1083,Bourbon (Nut Cookies),Bourbon,Britannia Industries,Biscuits & Bakery,Nut Cookies,1,₹20 Pack,Poly Bag,20.0,24.0,90.0,72.9,g,22.22,32.92,20.0,-19.0,48.15,0.3931,0.1823,-0.2107,0.5361,0.4638,0.3946,Q3: Double Whammy (Price Up + Weight Down),Q3_Double_Whammy,1,1
BIS-BOU-1148,Bounce (Butter Cookies),Bounce,ITC Limited,Biscuits & Bakery,Butter Cookies,1,₹5 Pack,Flow Wrap,5.0,5.0,60.0,44.7,g,8.33,11.19,0.0,-25.5,34.33,0.2952,0.0,-0.2944,0.9973,0.0,0.7427,"Q2: Silent Shrinkflation (Weight Down, Price Flat)",Q2_Silent_Shrink,1,1
BIS-BOU-1201,Bourbon (Health & Digestive),Bourbon,Britannia Industries,Biscuits & Bakery,Health & Digestive,1,₹10 Pack,Stand-up Spout Pouch,10.0,13.0,120.0,101.5,g,8.33,12.81,30.0,-15.42,53.78,0.4304,0.2624,-0.1674,0.3891,0.6096,0.2867,Q3: Double Whammy (Price Up + Weight Down),Q3_Double_Whammy,1,1
BIS-BOU-1216,Bounce (Filled Cookies),Bounce,ITC Limited,Biscuits & Bakery,Filled Cookies,1,₹20 Pack,Flow Wrap,20.0,24.0,120.0,101.5,g,16.67,23.65,20.0,-15.42,41.87,0.3498,0.1823,-0.1674,0.4787,0.5213,0.3682,Q3: Double Whammy (Price Up + Weight Down),Q3_Double_Whammy,1,1
BIS-BOU-1279,Bounce (Cream Biscuits),Bounce,ITC Limited,Biscuits & Bakery,Cream Biscuits,0,Standard / Non-LUP,HDPE Plastic Bottle,162.4,196.6,400.0,400.0,g,40.6,49.15,21.06,0.0,21.06,0.1911,0.1911,0.0,0.0,1.0,0.0,"Q1: Overt Inflation (Price Up, Weight Flat)",Q1_Overt_Inflation,0,0
BIS-BOU-1295,Bounce (Oat Biscuits),Bounce,ITC Limited,Biscuits & Bakery,Oat Biscuits,1,₹20 Pack,HDPE Plastic Bottle,20.0,20.0,120.0,89.5,g,16.67,22.35,0.0,-25.42,34.07,0.2932,0.0,-0.2933,1.0,0.0,0.7459,"Q2: Silent Shrinkflation (Weight Down, Price Flat)",Q2_Silent_Shrink,1,1
BIS-BOU-1296,Bounce (Butter Cookies),Bounce,ITC Limited,Biscuits & Bakery,Butter Cookies,0,Standard / Non-LUP,Paper Wrapper,81.3,79.7,250.0,182.0,g,32.52,43.79,-1.97,-27.2,34.66,0.2976,-0.0199,-0.3175,1.0,0.0,0.7849,"Q2: Silent Shrinkflation (Weight Down, Price Flat)",Q2_Silent_Shrink,1,1
BIS-BOU-1337,Bourbon (Tea Biscuits),Bourbon,Britannia Industries,Biscuits & Bakery,Tea Biscuits,0,Standard / Non-LUP,Poly Bag,69.6,69.6,250.0,182.0,g,27.84,38.24,0.0,-27.2,37.36,0.3174,0.0,-0.3175,1.0,0.0,0.7281,"Q2: Silent Shrinkflation (Weight Down, Price Flat)",Q2_Silent_Shrink,1,1
BIS-BOU-1364,Bounce (Filled Cookies),Bounce,ITC Limited,Biscuits & Bakery,Filled Cookies,1,₹50 Pack,LDPE Pouch,50.0,62.0,115.0,97.3,g,43.48,63.72,24.0,-15.39,46.55,0.3822,0.2151,-0.1671,0.4373,0.5628,0.3306,Q3: Double Whammy (Price Up + Weight Down),Q3_Double_Whammy,1,1
BIS-BOU-1387,Bounce (Cream Biscuits),Bounce,ITC Limited,Biscuits & Bakery,Cream Biscuits,0,Standard / Non-LUP,Paper Wrapper,72.5,71.0,100.0,72.9,g,72.5,97.39,-2.07,-27.1,34.33,0.2951,-0.0209,-0.3161,1.0,0.0,0.7894,"Q2: Silent Shrinkflation (Weight Down, Price Flat)",Q2_Silent_Shrink,1,1
BIS-BOU-1407,Bounce (Butter Cookies),Bounce,ITC Limited,Biscuits & Bakery,Butter Cookies,1,₹20 Pack,Nitrogen Flushed Foil Pouch,20.0,24.0,120.0,97.2,g,16.67,24.69,20.0,-19.0,48.11,0.3928,0.1823,-0.2107,0.5365,0.4642,0.3949,Q3: Double Whammy (Price Up + Weight Down),Q3_Double_Whammy,1,1
BIS-BOU-1424,Bourbon (Wafer Biscuits),Bourbon,Britannia Industries,Biscuits & Bakery,Wafer Biscuits,1,₹5 Pack,Flow Wrap,5.0,5.0,45.0,45.0,g,11.11,11.11,0.0,0.0,0.0,0.0,0.0,0.0,0.0,0.0,0.0,Q4: Stable / Fair Value,Q4_Stable_Fair,0,0
BIS-BOU-1481,Bourbon (Nut Cookies),Bourbon,Britannia Industries,Biscuits & Bakery,Nut Cookies,0,Standard / Non-LUP,Paper Wrapper,110.0,104.5,150.0,106.9,g,73.33,97.75,-5.0,-28.73,33.3,0.2874,-0.0513,-0.3387,1.0,0.0,0.8628,"Q2: Silent Shrinkflation (Weight Down, Price Flat)",Q2_Silent_Shrink,1,1
BIS-BOU-1627,Bounce (Oat Biscuits),Bounce,ITC Limited,Biscuits & Bakery,Oat Biscuits,1,₹50 Pack,LDPE Pouch,50.0,50.0,150.0,121.9,g,33.33,41.02,0.0,-18.73,23.07,0.2076,0.0,-0.2074,0.9992,0.0,0.8119,"Q2: Silent Shrinkflation (Weight Down, Price Flat)",Q2_Silent_Shrink,1,1
BIS-BOU-1630,Bourbon (Wafer Biscuits),Bourbon,Britannia Industries,Biscuits & Bakery,Wafer Biscuits,0,Standard / Non-LUP,Nitrogen Flushed Foil Pouch,101.8,103.9,500.0,372.2,g,20.36,27.92,2.06,-25.56,37.13,0.3158,0.0204,-0.2952,0.9348,0.0647,0.6884,"Q2: Silent Shrinkflation (Weight Down, Price Flat)",Q2_Silent_Shrink,1,1
BIS-BOU-1732,Bourbon (Tea Biscuits),Bourbon,Britannia Industries,Biscuits & Bakery,Tea Biscuits,1,₹5 Pack,HDPE Plastic Bottle,5.0,5.0,50.0,36.4,g,10.0,13.74,0.0,-27.2,37.4,0.3177,0.0,-0.3175,0.9991,0.0,0.7273,"Q2: Silent Shrinkflation (Weight Down, Price Flat)",Q2_Silent_Shrink,1,1
BIS-BOU-1800,Bourbon (Health & Digestive),Bourbon,Britannia Industries,Biscuits & Bakery,Health & Digestive,0,Standard / Non-LUP,HDPE Plastic Bottle,67.2,82.6,200.0,169.2,g,33.6,48.82,22.92,-15.4,45.3,0.3736,0.2063,-0.1672,0.4476,0.5523,0.34,Q3: Double Whammy (Price Up + Weight Down),Q3_Double_Whammy,1,1
BIS-BOU-1803,Bourbon (Tea Biscuits),Bourbon,Britannia Industries,Biscuits & Bakery,Tea Biscuits,1,₹10 Pack,Poly Bag,10.0,10.0,90.0,71.5,g,11.11,13.99,0.0,-20.56,25.92,0.2305,0.0,-0.2301,0.9983,0.0,0.793,"Q2: Silent Shrinkflation (Weight Down, Price Flat)",Q2_Silent_Shrink,1,1
BIS-BOU-1828,Bourbon (Nut Cookies),Bourbon,Britannia Industries,Biscuits & Bakery,Nut Cookies,0,Standard / Non-LUP,Nitrogen Flushed Foil Pouch,72.2,72.2,200.0,200.0,g,36.1,36.1,0.0,0.0,0.0,0.0,0.0,0.0,0.0,0.0,0.0,Q4: Stable / Fair Value,Q4_Stable_Fair,0,0
BIS-BOU-1843,Bounce (Cream Biscuits),Bounce,ITC Limited,Biscuits & Bakery,Cream Biscuits,1,₹10 Pack,Stand-up Spout Pouch,10.0,13.0,80.0,67.7,g,12.5,19.2,30.0,-15.37,53.6,0.4292,0.2624,-0.1669,0.389,0.6113,0.2868,Q3: Double Whammy (Price Up + Weight Down),Q3_Double_Whammy,1,1
BIS-BOU-1856,Bounce (Cream Biscuits),Bounce,ITC Limited,Biscuits & Bakery,Cream Biscuits,1,₹50 Pack,Mono Carton Box,50.0,50.0,150.0,124.5,g,33.33,40.16,0.0,-17.0,20.49,0.1864,0.0,-0.1863,0.9995,0.0,0.8296,"Q2: Silent Shrinkflation (Weight Down, Price Flat)",Q2_Silent_Shrink,1,1
BIS-BOU-1896,Bounce (Butter Cookies),Bounce,ITC Limited,Biscuits & Bakery,Butter Cookies,0,Standard / Non-LUP,Flexible Pillow Pouch,131.5,171.0,200.0,176.7,g,65.75,96.77,30.04,-11.65,47.18,0.3865,0.2627,-0.1239,0.3205,0.6796,0.2469,Q3: Double Whammy (Price Up + Weight Down),Q3_Double_Whammy,1,1
BIS-BOU-1900,Bourbon (Cream Biscuits),Bourbon,Britannia Industries,Biscuits & Bakery,Cream Biscuits,0,Standard / Non-LUP,Paper Wrapper,117.6,157.0,500.0,500.0,g,23.52,31.4,33.5,0.0,33.5,0.289,0.289,0.0,0.0,1.0,0.0,"Q1: Overt Inflation (Price Up, Weight Flat)",Q1_Overt_Inflation,0,0
BIS-BOU-1908,Bourbon (Wafer Biscuits),Bourbon,Britannia Industries,Biscuits & Bakery,Wafer Biscuits,1,₹50 Pack,Flow Wrap,50.0,62.0,100.0,88.4,g,50.0,70.14,24.0,-11.6,40.28,0.3385,0.2151,-0.1233,0.3643,0.6355,0.288,Q3: Double Whammy (Price Up + Weight Down),Q3_Double_Whammy,1,1
BIS-BOU-1971,Bourbon (Health & Digestive),Bourbon,Britannia Industries,Biscuits & Bakery,Health & Digestive,1,₹10 Pack,Nitrogen Flushed Foil Pouch,10.0,10.0,130.0,105.7,g,7.69,9.46,0.0,-18.69,23.02,0.2072,0.0,-0.2069,0.9989,0.0,0.8121,"Q2: Silent Shrinkflation (Weight Down, Price Flat)",Q2_Silent_Shrink,1,1
BIS-BOU-2044,Bourbon (Tea Biscuits),Bourbon,Britannia Industries,Biscuits & Bakery,Tea Biscuits,0,Standard / Non-LUP,Poly Bag,73.0,92.1,100.0,84.6,g,73.0,108.87,26.16,-15.4,49.14,0.3997,0.2324,-0.1672,0.4184,0.5815,0.3134,Q3: Double Whammy (Price Up + Weight Down),Q3_Double_Whammy,1,1
BIS-BOU-2079,Bounce (Butter Cookies),Bounce,ITC Limited,Biscuits & Bakery,Butter Cookies,1,₹10 Pack,Flexible Pillow Pouch,10.0,10.0,75.0,52.3,g,13.33,19.12,0.0,-30.27,43.44,0.3607,0.0,-0.3605,0.9994,0.0,0.6968,"Q2: Silent Shrinkflation (Weight Down, Price Flat)",Q2_Silent_Shrink,1,1
BIS-BOU-2126,Bourbon (Cream Biscuits),Bourbon,Britannia Industries,Biscuits & Bakery,Cream Biscuits,1,₹5 Pack,LDPE Pouch,5.0,6.0,65.0,52.6,g,7.69,11.41,20.0,-19.08,48.37,0.3946,0.1823,-0.2117,0.5365,0.4621,0.3944,Q3: Double Whammy (Price Up + Weight Down),Q3_Double_Whammy,1,1
BIS-BOU-2225,Bourbon (Tea Biscuits),Bourbon,Britannia Industries,Biscuits & Bakery,Tea Biscuits,0,Standard / Non-LUP,Flexible Pillow Pouch,112.0,136.2,100.0,100.0,g,112.0,136.2,21.61,0.0,21.61,0.1956,0.1956,0.0,0.0,1.0,0.0,"Q1: Overt Inflation (Price Up, Weight Flat)",Q1_Overt_Inflation,0,0
BIS-BOU-2239,Bounce (Filled Cookies),Bounce,ITC Limited,Biscuits & Bakery,Filled Cookies,1,₹50 Pack,Stand-up Spout Pouch,50.0,58.0,100.0,84.6,g,50.0,68.56,16.0,-15.4,37.12,0.3157,0.1484,-0.1672,0.5298,0.4702,0.4149,Q3: Double Whammy (Price Up + Weight Down),Q3_Double_Whammy,1,1
BIS-BOU-2294,Bourbon (Health & Digestive),Bourbon,Britannia Industries,Biscuits & Bakery,Health & Digestive,1,₹10 Pack,LDPE Pouch,10.0,10.0,75.0,55.8,g,13.33,17.92,0.0,-25.6,34.43,0.2959,0.0,-0.2957,0.9994,0.0,0.7435,"Q2: Silent Shrinkflation (Weight Down, Price Flat)",Q2_Silent_Shrink,1,1
BIS-BOU-2314,Bourbon (Health & Digestive),Bourbon,Britannia Industries,Biscuits & Bakery,Health & Digestive,1,₹5 Pack,Nitrogen Flushed Foil Pouch,5.0,5.0,55.0,42.8,g,9.09,11.68,0.0,-22.18,28.49,0.2507,0.0,-0.2508,1.0,0.0,0.7785,"Q2: Silent Shrinkflation (Weight Down, Price Flat)",Q2_Silent_Shrink,1,1
BIS-CAD-1008,Cadbury Bournvita Biscuits (Bar Chocolate),Cadbury,Mondelez India,Biscuits & Bakery,Bar Chocolate,1,₹50 Pack,Flow Wrap,50.0,50.0,150.0,111.7,g,33.33,44.76,0.0,-25.53,34.29,0.2949,0.0,-0.2948,0.9999,0.0,0.7446,"Q2: Silent Shrinkflation (Weight Down, Price Flat)",Q2_Silent_Shrink,1,1
BIS-CAD-1102,Cadbury Bournvita Biscuits (Cream Biscuits),Cadbury,Mondelez India,Biscuits & Bakery,Cream Biscuits,1,₹50 Pack,Paper Wrapper,50.0,62.0,125.0,110.4,g,40.0,56.16,24.0,-11.68,40.4,0.3393,0.2151,-0.1242,0.366,0.6339,0.2891,Q3: Double Whammy (Price Up + Weight Down),Q3_Double_Whammy,1,1
BIS-CAD-1118,Cadbury Oreo (Cream Biscuits),Cadbury,Mondelez India,Biscuits & Bakery,Cream Biscuits,0,Standard / Non-LUP,Poly Bag,101.6,125.0,250.0,211.5,g,40.64,59.1,23.03,-15.4,45.42,0.3745,0.2073,-0.1672,0.4466,0.5535,0.339,Q3: Double Whammy (Price Up + Weight Down),Q3_Double_Whammy,1,1
BIS-CAD-1128,Cadbury Oreo (Cream Biscuits),Cadbury,Mondelez India,Biscuits & Bakery,Cream Biscuits,1,₹50 Pack,LDPE Pouch,50.0,50.0,150.0,106.8,g,33.33,46.82,0.0,-28.8,40.47,0.3399,0.0,-0.3397,0.9995,0.0,0.7116,"Q2: Silent Shrinkflation (Weight Down, Price Flat)",Q2_Silent_Shrink,1,1
BIS-CAD-1172,Cadbury Oreo (Milk Chocolate),Cadbury,Mondelez India,Biscuits & Bakery,Milk Chocolate,1,₹50 Pack,Nitrogen Flushed Foil Pouch,50.0,50.0,125.0,95.1,g,40.0,52.58,0.0,-23.92,31.45,0.2735,0.0,-0.2734,0.9997,0.0,0.7606,"Q2: Silent Shrinkflation (Weight Down, Price Flat)",Q2_Silent_Shrink,1,1
BIS-CAD-1185,Cadbury Dairy Milk (Cream Biscuits),Cadbury,Mondelez India,Biscuits & Bakery,Cream Biscuits,1,₹10 Pack,Flow Wrap,10.0,10.0,120.0,89.4,g,8.33,11.19,0.0,-25.5,34.33,0.2952,0.0,-0.2944,0.9973,0.0,0.7427,"Q2: Silent Shrinkflation (Weight Down, Price Flat)",Q2_Silent_Shrink,1,1
BIS-CAD-1297,Cadbury Dairy Milk (Cream Biscuits),Cadbury,Mondelez India,Biscuits & Bakery,Cream Biscuits,0,Standard / Non-LUP,Mono Carton Box,157.4,204.2,500.0,500.0,g,31.48,40.84,29.73,0.0,29.73,0.2603,0.2603,0.0,0.0,1.0,0.0,"Q1: Overt Inflation (Price Up, Weight Flat)",Q1_Overt_Inflation,0,0
BIS-CAD-1300,Cadbury Dairy Milk (Malted Biscuits),Cadbury,Mondelez India,Biscuits & Bakery,Malted Biscuits,1,₹10 Pack,Flow Wrap,10.0,10.0,100.0,76.1,g,10.0,13.14,0.0,-23.9,31.4,0.2731,0.0,-0.2731,1.0,0.0,0.7611,"Q2: Silent Shrinkflation (Weight Down, Price Flat)",Q2_Silent_Shrink,1,1
BIS-CAD-1311,Cadbury Bournvita Biscuits (Bar Chocolate),Cadbury,Mondelez India,Biscuits & Bakery,Bar Chocolate,0,Standard / Non-LUP,Nitrogen Flushed Foil Pouch,35.3,45.0,100.0,100.0,g,35.3,45.0,27.48,0.0,27.48,0.2428,0.2428,0.0,0.0,1.0,0.0,"Q1: Overt Inflation (Price Up, Weight Flat)",Q1_Overt_Inflation,0,0
BIS-CAD-1335,Cadbury Dairy Milk (Bar Chocolate),Cadbury,Mondelez India,Biscuits & Bakery,Bar Chocolate,1,₹5 Pack,Flow Wrap,5.0,5.0,50.0,38.9,g,10.0,12.85,0.0,-22.2,28.5,0.2508,0.0,-0.251,1.0,0.0,0.7789,"Q2: Silent Shrinkflation (Weight Down, Price Flat)",Q2_Silent_Shrink,1,1
BIS-CAD-1336,Cadbury Oreo (Bar Chocolate),Cadbury,Mondelez India,Biscuits & Bakery,Bar Chocolate,1,₹50 Pack,Poly Bag,50.0,66.0,125.0,101.2,g,40.0,65.22,32.0,-19.04,63.05,0.4889,0.2776,-0.2112,0.432,0.5679,0.302,Q3: Double Whammy (Price Up + Weight Down),Q3_Double_Whammy,1,1
BIS-CAD-1342,Cadbury Oreo (Milk Chocolate),Cadbury,Mondelez India,Biscuits & Bakery,Milk Chocolate,1,₹5 Pack,Flexible Pillow Pouch,5.0,5.0,50.0,34.8,g,10.0,14.37,0.0,-30.4,43.7,0.3626,0.0,-0.3624,0.9996,0.0,0.6957,"Q2: Silent Shrinkflation (Weight Down, Price Flat)",Q2_Silent_Shrink,1,1
BIS-CAD-1393,Cadbury Bournvita Biscuits (Cream Biscuits),Cadbury,Mondelez India,Biscuits & Bakery,Cream Biscuits,0,Standard / Non-LUP,Flow Wrap,137.8,139.2,250.0,250.0,g,55.12,55.68,1.02,0.0,1.02,0.0101,0.0101,0.0,0.0,1.0,0.0,Q4: Stable / Fair Value,Q4_Stable_Fair,0,0
BIS-CAD-1422,Cadbury Oreo (Bar Chocolate),Cadbury,Mondelez India,Biscuits & Bakery,Bar Chocolate,1,₹20 Pack,Paper Wrapper,20.0,24.0,120.0,97.2,g,16.67,24.69,20.0,-19.0,48.11,0.3928,0.1823,-0.2107,0.5365,0.4642,0.3949,Q3: Double Whammy (Price Up + Weight Down),Q3_Double_Whammy,1,1
BIS-CAD-1477,Cadbury Oreo (Bar Chocolate),Cadbury,Mondelez India,Biscuits & Bakery,Bar Chocolate,1,₹50 Pack,Poly Bag,50.0,62.0,175.0,148.0,g,28.57,41.89,24.0,-15.43,46.62,0.3827,0.2151,-0.1676,0.4379,0.5621,0.3309,Q3: Double Whammy (Price Up + Weight Down),Q3_Double_Whammy,1,1
BIS-CAD-1501,Cadbury Dairy Milk (Cream Biscuits),Cadbury,Mondelez India,Biscuits & Bakery,Cream Biscuits,1,₹10 Pack,Poly Bag,10.0,10.0,90.0,65.6,g,11.11,15.24,0.0,-27.11,37.17,0.3161,0.0,-0.3162,1.0,0.0,0.7293,"Q2: Silent Shrinkflation (Weight Down, Price Flat)",Q2_Silent_Shrink,1,1
BIS-CAD-1509,Cadbury Dairy Milk (Bar Chocolate),Cadbury,Mondelez India,Biscuits & Bakery,Bar Chocolate,0,Standard / Non-LUP,Mono Carton Box,134.9,139.2,200.0,149.0,g,67.45,93.42,3.19,-25.5,38.5,0.3257,0.0314,-0.2944,0.9038,0.0963,0.6623,Q3: Double Whammy (Price Up + Weight Down),Q3_Double_Whammy,1,1
BIS-CAD-1583,Cadbury Bournvita Biscuits (Malted Biscuits),Cadbury,Mondelez India,Biscuits & Bakery,Malted Biscuits,0,Standard / Non-LUP,Flexible Pillow Pouch,62.4,81.7,150.0,121.5,g,41.6,67.24,30.93,-19.0,61.63,0.4802,0.2695,-0.2107,0.4388,0.5612,0.3083,Q3: Double Whammy (Price Up + Weight Down),Q3_Double_Whammy,1,1
BIS-CAD-1607,Cadbury Dairy Milk (Malted Biscuits),Cadbury,Mondelez India,Biscuits & Bakery,Malted Biscuits,0,Standard / Non-LUP,Poly Bag,142.1,180.0,300.0,265.1,g,47.37,67.9,26.67,-11.63,43.34,0.36,0.2364,-0.1237,0.3435,0.6567,0.2684,Q3: Double Whammy (Price Up + Weight Down),Q3_Double_Whammy,1,1
BIS-CAD-1649,Cadbury Oreo (Milk Chocolate),Cadbury,Mondelez India,Biscuits & Bakery,Milk Chocolate,0,Standard / Non-LUP,Flow Wrap,153.6,195.0,300.0,300.0,g,51.2,65.0,26.95,0.0,26.95,0.2386,0.2386,0.0,0.0,1.0,0.0,"Q1: Overt Inflation (Price Up, Weight Flat)",Q1_Overt_Inflation,0,0
BIS-CAD-1664,Cadbury Dairy Milk (Bar Chocolate),Cadbury,Mondelez India,Biscuits & Bakery,Bar Chocolate,1,₹50 Pack,Flexible Pillow Pouch,50.0,62.0,100.0,81.0,g,50.0,76.54,24.0,-19.0,53.08,0.4258,0.2151,-0.2107,0.4949,0.5052,0.358,Q3: Double Whammy (Price Up + Weight Down),Q3_Double_Whammy,1,1
BIS-CAD-1669,Cadbury Dairy Milk (Milk Chocolate),Cadbury,Mondelez India,Biscuits & Bakery,Milk Chocolate,0,Standard / Non-LUP,Flexible Pillow Pouch,96.0,129.4,400.0,353.4,g,24.0,36.62,34.79,-11.65,52.58,0.4225,0.2986,-0.1239,0.2931,0.7066,0.2216,Q3: Double Whammy (Price Up + Weight Down),Q3_Double_Whammy,1,1
BIS-CAD-1691,Cadbury Oreo (Bar Chocolate),Cadbury,Mondelez India,Biscuits & Bakery,Bar Chocolate,0,Standard / Non-LUP,Mono Carton Box,50.3,50.3,150.0,109.2,g,33.53,46.06,0.0,-27.2,37.37,0.3175,0.0,-0.3175,0.9998,0.0,0.7279,"Q2: Silent Shrinkflation (Weight Down, Price Flat)",Q2_Silent_Shrink,1,1
BIS-CAD-1697,Cadbury Bournvita Biscuits (Malted Biscuits),Cadbury,Mondelez India,Biscuits & Bakery,Malted Biscuits,0,Standard / Non-LUP,Flexible Pillow Pouch,130.0,124.8,500.0,372.6,g,26.0,33.49,-4.0,-25.48,28.81,0.2532,-0.0408,-0.2941,1.0,0.0,0.8845,"Q2: Silent Shrinkflation (Weight Down, Price Flat)",Q2_Silent_Shrink,1,1
BIS-CAD-1701,Cadbury Bournvita Biscuits (Cream Biscuits),Cadbury,Mondelez India,Biscuits & Bakery,Cream Biscuits,1,₹5 Pack,LDPE Pouch,5.0,5.0,55.0,42.8,g,9.09,11.68,0.0,-22.18,28.49,0.2507,0.0,-0.2508,1.0,0.0,0.7785,"Q2: Silent Shrinkflation (Weight Down, Price Flat)",Q2_Silent_Shrink,1,1
BIS-CAD-1769,Cadbury Bournvita Biscuits (Cream Biscuits),Cadbury,Mondelez India,Biscuits & Bakery,Cream Biscuits,1,₹50 Pack,Flexible Pillow Pouch,50.0,50.0,100.0,83.1,g,50.0,60.17,0.0,-16.9,20.34,0.1852,0.0,-0.1851,0.9999,0.0,0.8309,"Q2: Silent Shrinkflation (Weight Down, Price Flat)",Q2_Silent_Shrink,1,1
BIS-CAD-1770,Cadbury Bournvita Biscuits (Milk Chocolate),Cadbury,Mondelez India,Biscuits & Bakery,Milk Chocolate,0,Standard / Non-LUP,LDPE Pouch,67.5,67.5,400.0,304.6,g,16.88,22.16,0.0,-23.85,31.28,0.2722,0.0,-0.2725,1.0,0.0,0.7625,"Q2: Silent Shrinkflation (Weight Down, Price Flat)",Q2_Silent_Shrink,1,1
BIS-CAD-1813,Cadbury Dairy Milk (Cream Biscuits),Cadbury,Mondelez India,Biscuits & Bakery,Cream Biscuits,1,₹10 Pack,Stand-up Spout Pouch,10.0,10.0,80.0,63.7,g,12.5,15.7,0.0,-20.37,25.6,0.2279,0.0,-0.2278,0.9996,0.0,0.7959,"Q2: Silent Shrinkflation (Weight Down, Price Flat)",Q2_Silent_Shrink,1,1
BIS-CAD-1932,Cadbury Bournvita Biscuits (Milk Chocolate),Cadbury,Mondelez India,Biscuits & Bakery,Milk Chocolate,0,Standard / Non-LUP,Mono Carton Box,144.0,141.1,500.0,372.6,g,28.8,37.87,-2.01,-25.48,31.49,0.2738,-0.0203,-0.2941,1.0,0.0,0.8091,"Q2: Silent Shrinkflation (Weight Down, Price Flat)",Q2_Silent_Shrink,1,1
BIS-CAD-1943,Cadbury Dairy Milk (Milk Chocolate),Cadbury,Mondelez India,Biscuits & Bakery,Milk Chocolate,1,₹50 Pack,Paper Wrapper,50.0,50.0,115.0,87.6,g,43.48,57.08,0.0,-23.83,31.28,0.2722,0.0,-0.2722,1.0,0.0,0.7617,"Q2: Silent Shrinkflation (Weight Down, Price Flat)",Q2_Silent_Shrink,1,1
BIS-CAD-1984,Cadbury Oreo (Milk Chocolate),Cadbury,Mondelez India,Biscuits & Bakery,Milk Chocolate,1,₹10 Pack,Stand-up Spout Pouch,10.0,10.0,70.0,54.5,g,14.29,18.35,0.0,-22.14,28.41,0.2501,0.0,-0.2503,1.0,0.0,0.7794,"Q2: Silent Shrinkflation (Weight Down, Price Flat)",Q2_Silent_Shrink,1,1
BIS-CAD-1991,Cadbury Dairy Milk (Bar Chocolate),Cadbury,Mondelez India,Biscuits & Bakery,Bar Chocolate,1,₹50 Pack,Paper Wrapper,50.0,62.0,125.0,105.8,g,40.0,58.6,24.0,-15.36,46.5,0.3819,0.2151,-0.1668,0.4367,0.5633,0.3303,Q3: Double Whammy (Price Up + Weight Down),Q3_Double_Whammy,1,1
BIS-CAD-2016,Cadbury Dairy Milk (Bar Chocolate),Cadbury,Mondelez India,Biscuits & Bakery,Bar Chocolate,0,Standard / Non-LUP,Poly Bag,138.7,138.7,150.0,106.9,g,92.47,129.75,0.0,-28.73,40.32,0.3387,0.0,-0.3387,1.0,0.0,0.7127,"Q2: Silent Shrinkflation (Weight Down, Price Flat)",Q2_Silent_Shrink,1,1
BIS-CAD-2035,Cadbury Dairy Milk (Bar Chocolate),Cadbury,Mondelez India,Biscuits & Bakery,Bar Chocolate,1,₹20 Pack,Poly Bag,20.0,20.0,75.0,54.6,g,26.67,36.63,0.0,-27.2,37.35,0.3173,0.0,-0.3175,1.0,0.0,0.7283,"Q2: Silent Shrinkflation (Weight Down, Price Flat)",Q2_Silent_Shrink,1,1
BIS-CAD-2070,Cadbury Oreo (Milk Chocolate),Cadbury,Mondelez India,Biscuits & Bakery,Milk Chocolate,1,₹50 Pack,Mono Carton Box,50.0,62.0,150.0,126.9,g,33.33,48.86,24.0,-15.4,46.59,0.3825,0.2151,-0.1672,0.4372,0.5624,0.3305,Q3: Double Whammy (Price Up + Weight Down),Q3_Double_Whammy,1,1
BIS-CAD-2087,Cadbury Oreo (Cream Biscuits),Cadbury,Mondelez India,Biscuits & Bakery,Cream Biscuits,0,Standard / Non-LUP,Poly Bag,162.0,201.0,500.0,441.8,g,32.4,45.5,24.07,-11.64,40.43,0.3396,0.2157,-0.1238,0.3645,0.6353,0.2879,Q3: Double Whammy (Price Up + Weight Down),Q3_Double_Whammy,1,1
BIS-CAD-2211,Cadbury Bournvita Biscuits (Bar Chocolate),Cadbury,Mondelez India,Biscuits & Bakery,Bar Chocolate,1,₹50 Pack,Nitrogen Flushed Foil Pouch,50.0,61.0,100.0,100.0,g,50.0,61.0,22.0,0.0,22.0,0.1989,0.1989,0.0,0.0,1.0,0.0,"Q1: Overt Inflation (Price Up, Weight Flat)",Q1_Overt_Inflation,0,0
BIS-CAD-2372,Cadbury Oreo (Cream Biscuits),Cadbury,Mondelez India,Biscuits & Bakery,Cream Biscuits,1,₹50 Pack,Nitrogen Flushed Foil Pouch,50.0,50.0,125.0,93.1,g,40.0,53.71,0.0,-25.52,34.27,0.2947,0.0,-0.2946,0.9997,0.0,0.7446,"Q2: Silent Shrinkflation (Weight Down, Price Flat)",Q2_Silent_Shrink,1,1
BIS-FAR-1021,Farmlite (Cream Biscuits),Farmlite,ITC Limited,Biscuits & Bakery,Cream Biscuits,0,Standard / Non-LUP,Paper Wrapper,170.9,174.4,400.0,318.2,g,42.73,54.81,2.05,-20.45,28.27,0.249,0.0203,-0.2288,0.9189,0.0814,0.7234,"Q2: Silent Shrinkflation (Weight Down, Price Flat)",Q2_Silent_Shrink,1,1
BIS-FAR-1132,Farmlite (Filled Cookies),Farmlite,ITC Limited,Biscuits & Bakery,Filled Cookies,1,₹50 Pack,LDPE Pouch,50.0,50.0,175.0,122.0,g,28.57,40.98,0.0,-30.29,43.44,0.3607,0.0,-0.3608,1.0,0.0,0.6972,"Q2: Silent Shrinkflation (Weight Down, Price Flat)",Q2_Silent_Shrink,1,1
BIS-FAR-1360,Farmlite (Oat Biscuits),Farmlite,ITC Limited,Biscuits & Bakery,Oat Biscuits,1,₹10 Pack,Paper Wrapper,10.0,10.0,80.0,60.9,g,12.5,16.42,0.0,-23.88,31.36,0.2728,0.0,-0.2728,1.0,0.0,0.7613,"Q2: Silent Shrinkflation (Weight Down, Price Flat)",Q2_Silent_Shrink,1,1
BIS-FAR-1378,Farmlite (Oat Biscuits),Farmlite,ITC Limited,Biscuits & Bakery,Oat Biscuits,1,₹5 Pack,HDPE Plastic Bottle,5.0,6.0,65.0,55.0,g,7.69,10.91,20.0,-15.38,41.87,0.3498,0.1823,-0.1671,0.4776,0.5213,0.3674,Q3: Double Whammy (Price Up + Weight Down),Q3_Double_Whammy,1,1
BIS-FAR-1423,Farmlite (Oat Biscuits),Farmlite,ITC Limited,Biscuits & Bakery,Oat Biscuits,1,₹20 Pack,LDPE Pouch,20.0,20.0,90.0,69.9,g,22.22,28.61,0.0,-22.33,28.76,0.2528,0.0,-0.2527,0.9999,0.0,0.7766,"Q2: Silent Shrinkflation (Weight Down, Price Flat)",Q2_Silent_Shrink,1,1
BIS-FAR-1474,Farmlite (Oat Biscuits),Farmlite,ITC Limited,Biscuits & Bakery,Oat Biscuits,1,₹50 Pack,Poly Bag,50.0,62.0,150.0,126.9,g,33.33,48.86,24.0,-15.4,46.59,0.3825,0.2151,-0.1672,0.4372,0.5624,0.3305,Q3: Double Whammy (Price Up + Weight Down),Q3_Double_Whammy,1,1
BIS-FAR-1718,Farmlite (Filled Cookies),Farmlite,ITC Limited,Biscuits & Bakery,Filled Cookies,1,₹20 Pack,Stand-up Spout Pouch,20.0,24.0,75.0,75.0,g,26.67,32.0,20.0,0.0,19.99,0.1822,0.1823,0.0,0.0,1.0,0.0,"Q1: Overt Inflation (Price Up, Weight Flat)",Q1_Overt_Inflation,0,0
BIS-FAR-1861,Farmlite (Filled Cookies),Farmlite,ITC Limited,Biscuits & Bakery,Filled Cookies,0,Standard / Non-LUP,Flexible Pillow Pouch,118.0,146.3,200.0,200.0,g,59.0,73.15,23.98,0.0,23.98,0.215,0.215,0.0,0.0,1.0,0.0,"Q1: Overt Inflation (Price Up, Weight Flat)",Q1_Overt_Inflation,0,0
BIS-FAR-2240,Farmlite (Butter Cookies),Farmlite,ITC Limited,Biscuits & Bakery,Butter Cookies,1,₹20 Pack,Flexible Pillow Pouch,20.0,24.0,110.0,93.1,g,18.18,25.78,20.0,-15.36,41.8,0.3493,0.1823,-0.1668,0.4776,0.522,0.3675,Q3: Double Whammy (Price Up + Weight Down),Q3_Double_Whammy,1,1
BIS-FAR-2298,Farmlite (Filled Cookies),Farmlite,ITC Limited,Biscuits & Bakery,Filled Cookies,1,₹20 Pack,Flow Wrap,20.0,25.0,110.0,97.2,g,18.18,25.72,25.0,-11.64,41.47,0.3469,0.2231,-0.1237,0.3566,0.6432,0.2806,Q3: Double Whammy (Price Up + Weight Down),Q3_Double_Whammy,1,1
BIS-FAR-2334,Farmlite (Cream Biscuits),Farmlite,ITC Limited,Biscuits & Bakery,Cream Biscuits,1,₹5 Pack,Nitrogen Flushed Foil Pouch,5.0,5.0,50.0,37.2,g,10.0,13.44,0.0,-25.6,34.4,0.2957,0.0,-0.2957,1.0,0.0,0.7442,"Q2: Silent Shrinkflation (Weight Down, Price Flat)",Q2_Silent_Shrink,1,1
BIS-FAR-2352,Farmlite (Cream Biscuits),Farmlite,ITC Limited,Biscuits & Bakery,Cream Biscuits,0,Standard / Non-LUP,Mono Carton Box,146.3,182.4,150.0,150.0,g,97.53,121.6,24.68,0.0,24.68,0.2206,0.2205,0.0,0.0,0.9998,0.0,"Q1: Overt Inflation (Price Up, Weight Flat)",Q1_Overt_Inflation,0,0
BIS-GOO-1075,Good Day (Wafer Biscuits),Good,Britannia Industries,Biscuits & Bakery,Wafer Biscuits,0,Standard / Non-LUP,Poly Bag,113.7,144.1,300.0,300.0,g,37.9,48.03,26.74,0.0,26.73,0.2369,0.2369,0.0,0.0,1.0,0.0,"Q1: Overt Inflation (Price Up, Weight Flat)",Q1_Overt_Inflation,0,0
BIS-GOO-1265,Good Day (Nut Cookies),Good,Britannia Industries,Biscuits & Bakery,Nut Cookies,0,Standard / Non-LUP,Poly Bag,153.9,189.0,500.0,405.0,g,30.78,46.67,22.81,-19.0,51.62,0.4162,0.2054,-0.2107,0.5063,0.4936,0.368,Q3: Double Whammy (Price Up + Weight Down),Q3_Double_Whammy,1,1
BIS-GOO-1348,Good Day (Cream Biscuits),Good,Britannia Industries,Biscuits & Bakery,Cream Biscuits,1,₹5 Pack,LDPE Pouch,5.0,5.0,45.0,35.0,g,11.11,14.29,0.0,-22.22,28.62,0.2517,0.0,-0.2513,0.9984,0.0,0.7764,"Q2: Silent Shrinkflation (Weight Down, Price Flat)",Q2_Silent_Shrink,1,1
BIS-GOO-1386,Good Day (Tea Biscuits),Good,Britannia Industries,Biscuits & Bakery,Tea Biscuits,1,₹20 Pack,Nitrogen Flushed Foil Pouch,20.0,26.0,75.0,63.5,g,26.67,40.94,30.0,-15.33,53.51,0.4286,0.2624,-0.1664,0.3884,0.6122,0.2866,Q3: Double Whammy (Price Up + Weight Down),Q3_Double_Whammy,1,1
BIS-GOO-1410,Good Day (Cream Biscuits),Good,Britannia Industries,Biscuits & Bakery,Cream Biscuits,0,Standard / Non-LUP,Poly Bag,49.4,62.4,150.0,150.0,g,32.93,41.6,26.32,0.0,26.33,0.2337,0.2336,0.0,0.0,0.9996,0.0,"Q1: Overt Inflation (Price Up, Weight Flat)",Q1_Overt_Inflation,0,0
BIS-GOO-1518,Good Day (Tea Biscuits),Good,Britannia Industries,Biscuits & Bakery,Tea Biscuits,1,₹5 Pack,Flow Wrap,5.0,5.0,70.0,54.5,g,7.14,9.17,0.0,-22.14,28.43,0.2502,0.0,-0.2503,1.0,0.0,0.7788,"Q2: Silent Shrinkflation (Weight Down, Price Flat)",Q2_Silent_Shrink,1,1
BIS-GOO-1520,Good Day (Nut Cookies),Good,Britannia Industries,Biscuits & Bakery,Nut Cookies,0,Standard / Non-LUP,LDPE Pouch,135.2,177.6,250.0,250.0,g,54.08,71.04,31.36,0.0,31.36,0.2728,0.2728,0.0,0.0,1.0,0.0,"Q1: Overt Inflation (Price Up, Weight Flat)",Q1_Overt_Inflation,0,0
BIS-GOO-1660,Good Day (Tea Biscuits),Good,Britannia Industries,Biscuits & Bakery,Tea Biscuits,1,₹20 Pack,Flow Wrap,20.0,20.0,90.0,70.0,g,22.22,28.57,0.0,-22.22,28.58,0.2514,0.0,-0.2513,0.9998,0.0,0.7776,"Q2: Silent Shrinkflation (Weight Down, Price Flat)",Q2_Silent_Shrink,1,1
BIS-GOO-1670,Good Day (Tea Biscuits),Good,Britannia Industries,Biscuits & Bakery,Tea Biscuits,0,Standard / Non-LUP,Poly Bag,91.1,116.0,400.0,400.0,g,22.77,29.0,27.33,0.0,27.36,0.2419,0.2416,0.0,0.0,0.9991,0.0,"Q1: Overt Inflation (Price Up, Weight Flat)",Q1_Overt_Inflation,0,0
BIS-GOO-1858,Good Day (Health & Digestive),Good,Britannia Industries,Biscuits & Bakery,Health & Digestive,1,₹5 Pack,Nitrogen Flushed Foil Pouch,5.0,5.0,65.0,65.0,g,7.69,7.69,0.0,0.0,0.0,0.0,0.0,0.0,0.0,0.0,0.0,Q4: Stable / Fair Value,Q4_Stable_Fair,0,0
BIS-GOO-2031,Good Day (Wafer Biscuits),Good,Britannia Industries,Biscuits & Bakery,Wafer Biscuits,0,Standard / Non-LUP,Poly Bag,49.0,50.0,400.0,285.1,g,12.25,17.54,2.04,-28.72,43.18,0.359,0.0202,-0.3386,0.9434,0.0563,0.6652,"Q2: Silent Shrinkflation (Weight Down, Price Flat)",Q2_Silent_Shrink,1,1
BIS-GOO-2172,Good Day (Tea Biscuits),Good,Britannia Industries,Biscuits & Bakery,Tea Biscuits,0,Standard / Non-LUP,Paper Wrapper,153.9,158.8,500.0,364.3,g,30.78,43.59,3.18,-27.14,41.62,0.348,0.0313,-0.3166,0.91,0.0901,0.6521,Q3: Double Whammy (Price Up + Weight Down),Q3_Double_Whammy,1,1
BIS-GOO-2282,Good Day (Wafer Biscuits),Good,Britannia Industries,Biscuits & Bakery,Wafer Biscuits,1,₹10 Pack,Mono Carton Box,10.0,10.0,75.0,61.0,g,13.33,16.39,0.0,-18.67,22.96,0.2067,0.0,-0.2066,0.9998,0.0,0.8132,"Q2: Silent Shrinkflation (Weight Down, Price Flat)",Q2_Silent_Shrink,1,1
BIS-HID-1006,Hide & Seek (Chocolate Chip),Hide,Parle Products,Biscuits & Bakery,Chocolate Chip,1,₹10 Pack,Mono Carton Box,10.0,14.0,120.0,101.5,g,8.33,13.79,40.0,-15.42,65.55,0.5041,0.3365,-0.1674,0.3322,0.6675,0.2352,Q3: Double Whammy (Price Up + Weight Down),Q3_Double_Whammy,1,1
BIS-HID-1030,Hide & Seek (Chocolate Chip),Hide,Parle Products,Biscuits & Bakery,Chocolate Chip,1,₹10 Pack,Flexible Pillow Pouch,10.0,10.0,100.0,72.9,g,10.0,13.72,0.0,-27.1,37.2,0.3163,0.0,-0.3161,0.9994,0.0,0.7285,"Q2: Silent Shrinkflation (Weight Down, Price Flat)",Q2_Silent_Shrink,1,1
BIS-HID-1306,Hide & Seek (Digestive),Hide,Parle Products,Biscuits & Bakery,Digestive,1,₹5 Pack,Stand-up Spout Pouch,5.0,6.0,45.0,38.1,g,11.11,15.75,20.0,-15.33,41.76,0.349,0.1823,-0.1664,0.4769,0.5224,0.3671,Q3: Double Whammy (Price Up + Weight Down),Q3_Double_Whammy,1,1
BIS-HID-1429,Hide & Seek (Chocolate Chip),Hide,Parle Products,Biscuits & Bakery,Chocolate Chip,0,Standard / Non-LUP,HDPE Plastic Bottle,61.8,61.8,400.0,304.7,g,15.45,20.28,0.0,-23.83,31.26,0.272,0.0,-0.2721,1.0,0.0,0.7621,"Q2: Silent Shrinkflation (Weight Down, Price Flat)",Q2_Silent_Shrink,1,1
BIS-HID-1440,Hide & Seek (Butter Cookies),Hide,Parle Products,Biscuits & Bakery,Butter Cookies,1,₹5 Pack,Paper Wrapper,5.0,5.0,55.0,42.8,g,9.09,11.68,0.0,-22.18,28.49,0.2507,0.0,-0.2508,1.0,0.0,0.7785,"Q2: Silent Shrinkflation (Weight Down, Price Flat)",Q2_Silent_Shrink,1,1
BIS-HID-1633,Hide & Seek (Chocolate Chip),Hide,Parle Products,Biscuits & Bakery,Chocolate Chip,1,₹20 Pack,Flexible Pillow Pouch,20.0,20.0,60.0,48.8,g,33.33,40.98,0.0,-18.67,22.95,0.2066,0.0,-0.2066,0.9999,0.0,0.8133,"Q2: Silent Shrinkflation (Weight Down, Price Flat)",Q2_Silent_Shrink,1,1
BIS-HID-1702,Hide & Seek (Glucose Biscuits),Hide,Parle Products,Biscuits & Bakery,Glucose Biscuits,1,₹5 Pack,HDPE Plastic Bottle,5.0,5.0,60.0,43.6,g,8.33,11.47,0.0,-27.33,37.7,0.3199,0.0,-0.3193,0.9982,0.0,0.7251,"Q2: Silent Shrinkflation (Weight Down, Price Flat)",Q2_Silent_Shrink,1,1
BIS-HID-1712,Hide & Seek (Chocolate Chip),Hide,Parle Products,Biscuits & Bakery,Chocolate Chip,0,Standard / Non-LUP,Paper Wrapper,122.5,162.0,500.0,500.0,g,24.5,32.4,32.24,0.0,32.24,0.2795,0.2795,0.0,0.0,1.0,0.0,"Q1: Overt Inflation (Price Up, Weight Flat)",Q1_Overt_Inflation,0,0
BIS-HID-1877,Hide & Seek (Butter Cookies),Hide,Parle Products,Biscuits & Bakery,Butter Cookies,1,₹5 Pack,HDPE Plastic Bottle,5.0,5.0,50.0,38.1,g,10.0,13.12,0.0,-23.8,31.2,0.2716,0.0,-0.2718,1.0,0.0,0.7628,"Q2: Silent Shrinkflation (Weight Down, Price Flat)",Q2_Silent_Shrink,1,1
BIS-HID-2259,Hide & Seek (Crackers),Hide,Parle Products,Biscuits & Bakery,Crackers,1,₹10 Pack,Flexible Pillow Pouch,10.0,10.0,90.0,70.0,g,11.11,14.29,0.0,-22.22,28.62,0.2517,0.0,-0.2513,0.9984,0.0,0.7764,"Q2: Silent Shrinkflation (Weight Down, Price Flat)",Q2_Silent_Shrink,1,1
BIS-HID-2391,Hide & Seek (Butter Cookies),Hide,Parle Products,Biscuits & Bakery,Butter Cookies,0,Standard / Non-LUP,Mono Carton Box,136.8,159.6,500.0,441.8,g,27.36,36.12,16.67,-11.64,32.02,0.2778,0.1542,-0.1238,0.4455,0.555,0.3636,Q3: Double Whammy (Price Up + Weight Down),Q3_Double_Whammy,1,1
BIS-JIM-1035,Jim Jam (Health & Digestive),Jim,Britannia Industries,Biscuits & Bakery,Health & Digestive,1,₹20 Pack,Mono Carton Box,20.0,20.0,75.0,75.0,g,26.67,26.67,0.0,0.0,0.0,0.0,0.0,0.0,0.0,0.0,0.0,Q4: Stable / Fair Value,Q4_Stable_Fair,0,0
BIS-JIM-1186,Jim Jam (Health & Digestive),Jim,Britannia Industries,Biscuits & Bakery,Health & Digestive,1,₹10 Pack,Paper Wrapper,10.0,14.0,90.0,90.0,g,11.11,15.56,40.0,0.0,40.05,0.3369,0.3365,0.0,0.0,0.9989,0.0,"Q1: Overt Inflation (Price Up, Weight Flat)",Q1_Overt_Inflation,0,0
BIS-JIM-1188,Jim Jam (Wafer Biscuits),Jim,Britannia Industries,Biscuits & Bakery,Wafer Biscuits,1,₹20 Pack,Stand-up Spout Pouch,20.0,20.0,90.0,71.6,g,22.22,27.93,0.0,-20.44,25.7,0.2287,0.0,-0.2287,1.0,0.0,0.7956,"Q2: Silent Shrinkflation (Weight Down, Price Flat)",Q2_Silent_Shrink,1,1
BIS-JIM-1492,Jim Jam (Wafer Biscuits),Jim,Britannia Industries,Biscuits & Bakery,Wafer Biscuits,0,Standard / Non-LUP,Flow Wrap,114.0,133.9,200.0,200.0,g,57.0,66.95,17.46,0.0,17.46,0.1609,0.1609,0.0,0.0,1.0,0.0,"Q1: Overt Inflation (Price Up, Weight Flat)",Q1_Overt_Inflation,0,0
BIS-JIM-1567,Jim Jam (Wafer Biscuits),Jim,Britannia Industries,Biscuits & Bakery,Wafer Biscuits,0,Standard / Non-LUP,Paper Wrapper,84.0,100.8,400.0,400.0,g,21.0,25.2,20.0,0.0,20.0,0.1823,0.1823,0.0,0.0,1.0,0.0,"Q1: Overt Inflation (Price Up, Weight Flat)",Q1_Overt_Inflation,0,0
BIS-JIM-1815,Jim Jam (Tea Biscuits),Jim,Britannia Industries,Biscuits & Bakery,Tea Biscuits,1,₹10 Pack,Flexible Pillow Pouch,10.0,10.0,80.0,62.2,g,12.5,16.08,0.0,-22.25,28.64,0.2518,0.0,-0.2517,0.9993,0.0,0.7769,"Q2: Silent Shrinkflation (Weight Down, Price Flat)",Q2_Silent_Shrink,1,1
BIS-JIM-1946,Jim Jam (Health & Digestive),Jim,Britannia Industries,Biscuits & Bakery,Health & Digestive,0,Standard / Non-LUP,Paper Wrapper,52.8,52.2,200.0,159.1,g,26.4,32.81,-1.14,-20.45,24.28,0.2174,-0.0114,-0.2288,1.0,0.0,0.8422,"Q2: Silent Shrinkflation (Weight Down, Price Flat)",Q2_Silent_Shrink,1,1
BIS-JIM-2154,Jim Jam (Cream Biscuits),Jim,Britannia Industries,Biscuits & Bakery,Cream Biscuits,0,Standard / Non-LUP,Stand-up Spout Pouch,122.9,122.9,500.0,356.2,g,24.58,34.5,0.0,-28.76,40.36,0.339,0.0,-0.3391,1.0,0.0,0.7126,"Q2: Silent Shrinkflation (Weight Down, Price Flat)",Q2_Silent_Shrink,1,1
BIS-JIM-2256,Jim Jam (Cream Biscuits),Jim,Britannia Industries,Biscuits & Bakery,Cream Biscuits,1,₹10 Pack,Stand-up Spout Pouch,10.0,14.0,120.0,97.2,g,8.33,14.4,40.0,-19.0,72.87,0.5474,0.3365,-0.2107,0.385,0.6147,0.2607,Q3: Double Whammy (Price Up + Weight Down),Q3_Double_Whammy,1,1
BIS-KRA-1050,Krackjack (Crackers),Krackjack,Parle Products,Biscuits & Bakery,Crackers,1,₹10 Pack,Stand-up Spout Pouch,10.0,10.0,80.0,62.3,g,12.5,16.05,0.0,-22.13,28.4,0.25,0.0,-0.2501,1.0,0.0,0.779,"Q2: Silent Shrinkflation (Weight Down, Price Flat)",Q2_Silent_Shrink,1,1
BIS-KRA-1168,Krackjack (Butter Cookies),Krackjack,Parle Products,Biscuits & Bakery,Butter Cookies,1,₹50 Pack,Mono Carton Box,50.0,50.0,100.0,77.8,g,50.0,64.27,0.0,-22.2,28.54,0.2511,0.0,-0.251,0.9998,0.0,0.7779,"Q2: Silent Shrinkflation (Weight Down, Price Flat)",Q2_Silent_Shrink,1,1
BIS-KRA-1236,Krackjack (Glucose Biscuits),Krackjack,Parle Products,Biscuits & Bakery,Glucose Biscuits,1,₹5 Pack,Paper Wrapper,5.0,6.0,65.0,55.0,g,7.69,10.91,20.0,-15.38,41.87,0.3498,0.1823,-0.1671,0.4776,0.5213,0.3674,Q3: Double Whammy (Price Up + Weight Down),Q3_Double_Whammy,1,1
BIS-KRA-1244,Krackjack (Butter Cookies),Krackjack,Parle Products,Biscuits & Bakery,Butter Cookies,0,Standard / Non-LUP,Stand-up Spout Pouch,105.8,124.4,400.0,400.0,g,26.45,31.1,17.58,0.0,17.58,0.162,0.162,0.0,0.0,1.0,0.0,"Q1: Overt Inflation (Price Up, Weight Flat)",Q1_Overt_Inflation,0,0
BIS-KRA-1258,Krackjack (Digestive),Krackjack,Parle Products,Biscuits & Bakery,Digestive,1,₹5 Pack,Stand-up Spout Pouch,5.0,5.0,70.0,70.0,g,7.14,7.14,0.0,0.0,0.0,0.0,0.0,0.0,0.0,0.0,0.0,Q4: Stable / Fair Value,Q4_Stable_Fair,0,0
BIS-KRA-1438,Krackjack (Crackers),Krackjack,Parle Products,Biscuits & Bakery,Crackers,1,₹5 Pack,Flexible Pillow Pouch,5.0,5.0,45.0,32.7,g,11.11,15.29,0.0,-27.33,37.62,0.3194,0.0,-0.3193,0.9998,0.0,0.7265,"Q2: Silent Shrinkflation (Weight Down, Price Flat)",Q2_Silent_Shrink,1,1
BIS-KRA-1442,Krackjack (Chocolate Chip),Krackjack,Parle Products,Biscuits & Bakery,Chocolate Chip,1,₹5 Pack,Poly Bag,5.0,5.0,50.0,37.3,g,10.0,13.4,0.0,-25.4,34.0,0.2927,0.0,-0.293,1.0,0.0,0.7471,"Q2: Silent Shrinkflation (Weight Down, Price Flat)",Q2_Silent_Shrink,1,1
BIS-KRA-1709,Krackjack (Butter Cookies),Krackjack,Parle Products,Biscuits & Bakery,Butter Cookies,1,₹20 Pack,Flow Wrap,20.0,20.0,110.0,80.1,g,18.18,24.97,0.0,-27.18,37.35,0.3174,0.0,-0.3172,0.9995,0.0,0.7278,"Q2: Silent Shrinkflation (Weight Down, Price Flat)",Q2_Silent_Shrink,1,1
BIS-KRA-1891,Krackjack (Glucose Biscuits),Krackjack,Parle Products,Biscuits & Bakery,Glucose Biscuits,0,Standard / Non-LUP,HDPE Plastic Bottle,64.0,60.8,400.0,400.0,g,16.0,15.2,-5.0,0.0,-5.0,-0.0513,-0.0513,0.0,0.0,0.0,0.0,Q4: Stable / Fair Value,Q4_Stable_Fair,0,0
BIS-KRA-1934,Krackjack (Chocolate Chip),Krackjack,Parle Products,Biscuits & Bakery,Chocolate Chip,1,₹50 Pack,Mono Carton Box,50.0,50.0,125.0,97.3,g,40.0,51.39,0.0,-22.16,28.48,0.2506,0.0,-0.2505,0.9998,0.0,0.7782,"Q2: Silent Shrinkflation (Weight Down, Price Flat)",Q2_Silent_Shrink,1,1
BIS-KRA-1986,Krackjack (Chocolate Chip),Krackjack,Parle Products,Biscuits & Bakery,Chocolate Chip,1,₹50 Pack,Poly Bag,50.0,66.0,125.0,110.4,g,40.0,59.78,32.0,-11.68,49.45,0.4018,0.2776,-0.1242,0.3091,0.691,0.2362,Q3: Double Whammy (Price Up + Weight Down),Q3_Double_Whammy,1,1
BIS-KRA-2113,Krackjack (Glucose Biscuits),Krackjack,Parle Products,Biscuits & Bakery,Glucose Biscuits,1,₹5 Pack,HDPE Plastic Bottle,5.0,5.0,65.0,46.3,g,7.69,10.8,0.0,-28.77,40.44,0.3396,0.0,-0.3392,0.9989,0.0,0.7114,"Q2: Silent Shrinkflation (Weight Down, Price Flat)",Q2_Silent_Shrink,1,1
BIS-KRA-2181,Krackjack (Digestive),Krackjack,Parle Products,Biscuits & Bakery,Digestive,1,₹5 Pack,Mono Carton Box,5.0,5.0,70.0,52.1,g,7.14,9.6,0.0,-25.57,34.45,0.2961,0.0,-0.2953,0.9976,0.0,0.7422,"Q2: Silent Shrinkflation (Weight Down, Price Flat)",Q2_Silent_Shrink,1,1
BIS-KRA-2210,Krackjack (Chocolate Chip),Krackjack,Parle Products,Biscuits & Bakery,Chocolate Chip,1,₹50 Pack,Nitrogen Flushed Foil Pouch,50.0,50.0,150.0,114.3,g,33.33,43.74,0.0,-23.8,31.23,0.2718,0.0,-0.2718,1.0,0.0,0.762,"Q2: Silent Shrinkflation (Weight Down, Price Flat)",Q2_Silent_Shrink,1,1
BIS-KRA-2265,Krackjack (Butter Cookies),Krackjack,Parle Products,Biscuits & Bakery,Butter Cookies,1,₹50 Pack,Stand-up Spout Pouch,50.0,50.0,125.0,125.0,g,40.0,40.0,0.0,0.0,0.0,0.0,0.0,0.0,0.0,0.0,0.0,Q4: Stable / Fair Value,Q4_Stable_Fair,0,0
BIS-MAR-1004,Marie Gold (Cream Biscuits),Marie,Britannia Industries,Biscuits & Bakery,Cream Biscuits,0,Standard / Non-LUP,Paper Wrapper,120.5,138.2,500.0,441.8,g,24.1,31.28,14.69,-11.64,29.79,0.2608,0.1371,-0.1238,0.4746,0.5256,0.3907,Q3: Double Whammy (Price Up + Weight Down),Q3_Double_Whammy,1,1
BIS-MAR-1213,Marie Gold (Tea Biscuits),Marie,Britannia Industries,Biscuits & Bakery,Tea Biscuits,1,₹10 Pack,Nitrogen Flushed Foil Pouch,10.0,10.0,90.0,65.5,g,11.11,15.27,0.0,-27.22,37.44,0.318,0.0,-0.3178,0.9991,0.0,0.727,"Q2: Silent Shrinkflation (Weight Down, Price Flat)",Q2_Silent_Shrink,1,1
BIS-MAR-1218,Marie Gold (Nut Cookies),Marie,Britannia Industries,Biscuits & Bakery,Nut Cookies,1,₹10 Pack,Stand-up Spout Pouch,10.0,10.0,75.0,57.1,g,13.33,17.51,0.0,-23.87,31.36,0.2728,0.0,-0.2727,0.9997,0.0,0.7611,"Q2: Silent Shrinkflation (Weight Down, Price Flat)",Q2_Silent_Shrink,1,1
BIS-MAR-1219,Marie Gold (Nut Cookies),Marie,Britannia Industries,Biscuits & Bakery,Nut Cookies,0,Standard / Non-LUP,Poly Bag,40.3,51.0,300.0,243.0,g,13.43,20.99,26.55,-19.0,56.29,0.4466,0.2355,-0.2107,0.4719,0.5273,0.3375,Q3: Double Whammy (Price Up + Weight Down),Q3_Double_Whammy,1,1
BIS-MAR-1228,Marie Gold (Health & Digestive),Marie,Britannia Industries,Biscuits & Bakery,Health & Digestive,1,₹5 Pack,HDPE Plastic Bottle,5.0,5.0,50.0,37.3,g,10.0,13.4,0.0,-25.4,34.0,0.2927,0.0,-0.293,1.0,0.0,0.7471,"Q2: Silent Shrinkflation (Weight Down, Price Flat)",Q2_Silent_Shrink,1,1
BIS-MAR-1230,Marie Gold (Nut Cookies),Marie,Britannia Industries,Biscuits & Bakery,Nut Cookies,1,₹20 Pack,Poly Bag,20.0,20.0,75.0,58.3,g,26.67,34.31,0.0,-22.27,28.65,0.2519,0.0,-0.2519,1.0,0.0,0.7773,"Q2: Silent Shrinkflation (Weight Down, Price Flat)",Q2_Silent_Shrink,1,1
BIS-MAR-1239,Marie Gold (Cream Biscuits),Marie,Britannia Industries,Biscuits & Bakery,Cream Biscuits,0,Standard / Non-LUP,Mono Carton Box,163.0,159.7,250.0,174.2,g,65.2,91.68,-2.02,-30.32,40.61,0.3408,-0.0205,-0.3613,1.0,0.0,0.7465,"Q2: Silent Shrinkflation (Weight Down, Price Flat)",Q2_Silent_Shrink,1,1
BIS-MAR-1274,Marie Gold (Wafer Biscuits),Marie,Britannia Industries,Biscuits & Bakery,Wafer Biscuits,0,Standard / Non-LUP,Nitrogen Flushed Foil Pouch,121.9,154.8,300.0,253.8,g,40.63,60.99,26.99,-15.4,50.11,0.4062,0.2389,-0.1672,0.4117,0.5882,0.3073,Q3: Double Whammy (Price Up + Weight Down),Q3_Double_Whammy,1,1
BIS-MAR-1339,Marie Gold (Cream Biscuits),Marie,Britannia Industries,Biscuits & Bakery,Cream Biscuits,1,₹20 Pack,Mono Carton Box,20.0,20.0,60.0,45.7,g,33.33,43.76,0.0,-23.83,31.29,0.2723,0.0,-0.2722,0.9999,0.0,0.7616,"Q2: Silent Shrinkflation (Weight Down, Price Flat)",Q2_Silent_Shrink,1,1
BIS-MAR-1376,Marie Gold (Nut Cookies),Marie,Britannia Industries,Biscuits & Bakery,Nut Cookies,1,₹50 Pack,Flow Wrap,50.0,58.0,125.0,105.8,g,40.0,54.82,16.0,-15.36,37.05,0.3152,0.1484,-0.1668,0.5291,0.4709,0.4146,Q3: Double Whammy (Price Up + Weight Down),Q3_Double_Whammy,1,1
BIS-MAR-1656,Marie Gold (Nut Cookies),Marie,Britannia Industries,Biscuits & Bakery,Nut Cookies,1,₹10 Pack,Poly Bag,10.0,13.0,90.0,76.1,g,11.11,17.08,30.0,-15.44,53.74,0.4301,0.2624,-0.1678,0.3901,0.6101,0.2874,Q3: Double Whammy (Price Up + Weight Down),Q3_Double_Whammy,1,1
BIS-MAR-1835,Marie Gold (Cream Biscuits),Marie,Britannia Industries,Biscuits & Bakery,Cream Biscuits,0,Standard / Non-LUP,Poly Bag,105.8,134.0,100.0,81.0,g,105.8,165.43,26.65,-19.0,56.36,0.447,0.2363,-0.2107,0.4714,0.5286,0.3371,Q3: Double Whammy (Price Up + Weight Down),Q3_Double_Whammy,1,1
BIS-MAR-1882,Marie Gold (Nut Cookies),Marie,Britannia Industries,Biscuits & Bakery,Nut Cookies,1,₹10 Pack,Paper Wrapper,10.0,10.0,75.0,53.5,g,13.33,18.69,0.0,-28.67,40.21,0.338,0.0,-0.3378,0.9995,0.0,0.7129,"Q2: Silent Shrinkflation (Weight Down, Price Flat)",Q2_Silent_Shrink,1,1
BIS-MAR-2000,Marie Gold (Wafer Biscuits),Marie,Britannia Industries,Biscuits & Bakery,Wafer Biscuits,1,₹10 Pack,Mono Carton Box,10.0,10.0,70.0,48.8,g,14.29,20.49,0.0,-30.29,43.39,0.3604,0.0,-0.3608,1.0,0.0,0.698,"Q2: Silent Shrinkflation (Weight Down, Price Flat)",Q2_Silent_Shrink,1,1
BIS-MAR-2019,Marie Gold (Wafer Biscuits),Marie,Britannia Industries,Biscuits & Bakery,Wafer Biscuits,1,₹5 Pack,LDPE Pouch,5.0,5.0,65.0,50.6,g,7.69,9.88,0.0,-22.15,28.48,0.2506,0.0,-0.2504,0.9994,0.0,0.7779,"Q2: Silent Shrinkflation (Weight Down, Price Flat)",Q2_Silent_Shrink,1,1
BIS-MAR-2098,Marie Gold (Nut Cookies),Marie,Britannia Industries,Biscuits & Bakery,Nut Cookies,1,₹10 Pack,Mono Carton Box,10.0,10.0,75.0,57.1,g,13.33,17.51,0.0,-23.87,31.36,0.2728,0.0,-0.2727,0.9997,0.0,0.7611,"Q2: Silent Shrinkflation (Weight Down, Price Flat)",Q2_Silent_Shrink,1,1
BIS-MAR-2112,Marie Gold (Nut Cookies),Marie,Britannia Industries,Biscuits & Bakery,Nut Cookies,1,₹10 Pack,Paper Wrapper,10.0,10.0,75.0,51.1,g,13.33,19.57,0.0,-31.87,46.81,0.384,0.0,-0.3837,0.9993,0.0,0.6807,"Q2: Silent Shrinkflation (Weight Down, Price Flat)",Q2_Silent_Shrink,1,1
BIS-MAR-2124,Marie Gold (Cream Biscuits),Marie,Britannia Industries,Biscuits & Bakery,Cream Biscuits,1,₹20 Pack,Poly Bag,20.0,24.0,75.0,66.3,g,26.67,36.2,20.0,-11.6,35.73,0.3055,0.1823,-0.1233,0.4036,0.5968,0.3246,Q3: Double Whammy (Price Up + Weight Down),Q3_Double_Whammy,1,1
BIS-MAR-2155,Marie Gold (Cream Biscuits),Marie,Britannia Industries,Biscuits & Bakery,Cream Biscuits,1,₹20 Pack,Flexible Pillow Pouch,20.0,20.0,110.0,81.9,g,18.18,24.42,0.0,-25.55,34.32,0.2951,0.0,-0.295,0.9997,0.0,0.7443,"Q2: Silent Shrinkflation (Weight Down, Price Flat)",Q2_Silent_Shrink,1,1
BIS-MAR-2278,Marie Gold (Nut Cookies),Marie,Britannia Industries,Biscuits & Bakery,Nut Cookies,0,Standard / Non-LUP,Stand-up Spout Pouch,126.4,129.0,500.0,500.0,g,25.28,25.8,2.06,0.0,2.06,0.0204,0.0204,0.0,0.0,1.0,0.0,Q4: Stable / Fair Value,Q4_Stable_Fair,0,0
BIS-MAR-2364,Marie Gold (Tea Biscuits),Marie,Britannia Industries,Biscuits & Bakery,Tea Biscuits,1,₹20 Pack,LDPE Pouch,20.0,20.0,60.0,43.7,g,33.33,45.77,0.0,-27.17,37.32,0.3172,0.0,-0.317,0.9994,0.0,0.7279,"Q2: Silent Shrinkflation (Weight Down, Price Flat)",Q2_Silent_Shrink,1,1
BIS-MAR-2386,Marie Gold (Wafer Biscuits),Marie,Britannia Industries,Biscuits & Bakery,Wafer Biscuits,0,Standard / Non-LUP,Paper Wrapper,168.6,221.5,200.0,200.0,g,84.3,110.75,31.38,0.0,31.38,0.2729,0.2729,0.0,0.0,1.0,0.0,"Q1: Overt Inflation (Price Up, Weight Flat)",Q1_Overt_Inflation,0,0
BIS-MIL-1017,Milk Bikis (Cream Biscuits),Milk,Britannia Industries,Biscuits & Bakery,Cream Biscuits,1,₹5 Pack,Nitrogen Flushed Foil Pouch,5.0,6.0,65.0,57.4,g,7.69,10.45,20.0,-11.69,35.89,0.3067,0.1823,-0.1243,0.4054,0.5945,0.3258,Q3: Double Whammy (Price Up + Weight Down),Q3_Double_Whammy,1,1
BIS-MIL-1085,Milano (Glucose Biscuits),Milano,Parle Products,Biscuits & Bakery,Glucose Biscuits,1,₹20 Pack,Paper Wrapper,20.0,20.0,120.0,95.4,g,16.67,20.96,0.0,-20.5,25.73,0.229,0.0,-0.2294,1.0,0.0,0.7966,"Q2: Silent Shrinkflation (Weight Down, Price Flat)",Q2_Silent_Shrink,1,1
BIS-MIL-1157,Milano (Crackers),Milano,Parle Products,Biscuits & Bakery,Crackers,0,Standard / Non-LUP,LDPE Pouch,148.0,145.0,150.0,150.0,g,98.67,96.67,-2.03,0.0,-2.03,-0.0205,-0.0205,0.0,0.0,0.0,0.0,Q4: Stable / Fair Value,Q4_Stable_Fair,0,0
BIS-MIL-1167,Milano (Digestive),Milano,Parle Products,Biscuits & Bakery,Digestive,1,₹5 Pack,LDPE Pouch,5.0,5.0,65.0,47.4,g,7.69,10.55,0.0,-27.08,37.19,0.3162,0.0,-0.3158,0.9986,0.0,0.728,"Q2: Silent Shrinkflation (Weight Down, Price Flat)",Q2_Silent_Shrink,1,1
BIS-MIL-1187,Milk Bikis (Cream Biscuits),Milk,Britannia Industries,Biscuits & Bakery,Cream Biscuits,0,Standard / Non-LUP,Mono Carton Box,145.9,190.9,100.0,88.4,g,145.9,215.95,30.84,-11.6,48.01,0.3921,0.2688,-0.1233,0.3144,0.6856,0.2416,Q3: Double Whammy (Price Up + Weight Down),Q3_Double_Whammy,1,1
BIS-MIL-1212,Milk Bikis (Health & Digestive),Milk,Britannia Industries,Biscuits & Bakery,Health & Digestive,1,₹50 Pack,HDPE Plastic Bottle,50.0,50.0,115.0,93.5,g,43.48,53.48,0.0,-18.7,23.0,0.207,0.0,-0.207,0.9998,0.0,0.8129,"Q2: Silent Shrinkflation (Weight Down, Price Flat)",Q2_Silent_Shrink,1,1
BIS-MIL-1318,Milk Bikis (Tea Biscuits),Milk,Britannia Industries,Biscuits & Bakery,Tea Biscuits,0,Standard / Non-LUP,Stand-up Spout Pouch,62.4,65.0,150.0,121.9,g,41.6,53.32,4.17,-18.73,28.17,0.2482,0.0408,-0.2074,0.8357,0.1645,0.6649,Q3: Double Whammy (Price Up + Weight Down),Q3_Double_Whammy,1,1
BIS-MIL-1383,Milano (Chocolate Chip),Milano,Parle Products,Biscuits & Bakery,Chocolate Chip,1,₹20 Pack,Stand-up Spout Pouch,20.0,20.0,75.0,55.9,g,26.67,35.78,0.0,-25.47,34.16,0.2938,0.0,-0.2939,1.0,0.0,0.7455,"Q2: Silent Shrinkflation (Weight Down, Price Flat)",Q2_Silent_Shrink,1,1
BIS-MIL-1421,Milano (Digestive),Milano,Parle Products,Biscuits & Bakery,Digestive,0,Standard / Non-LUP,LDPE Pouch,82.6,112.7,400.0,338.4,g,20.65,33.3,36.44,-15.4,61.26,0.4778,0.3107,-0.1672,0.35,0.6503,0.2514,Q3: Double Whammy (Price Up + Weight Down),Q3_Double_Whammy,1,1
BIS-MIL-1450,Milano (Chocolate Chip),Milano,Parle Products,Biscuits & Bakery,Chocolate Chip,1,₹5 Pack,Stand-up Spout Pouch,5.0,5.0,70.0,53.3,g,7.14,9.38,0.0,-23.86,31.37,0.2729,0.0,-0.2726,0.9989,0.0,0.7604,"Q2: Silent Shrinkflation (Weight Down, Price Flat)",Q2_Silent_Shrink,1,1
BIS-MIL-1602,Milano (Glucose Biscuits),Milano,Parle Products,Biscuits & Bakery,Glucose Biscuits,0,Standard / Non-LUP,Mono Carton Box,80.4,98.8,400.0,400.0,g,20.1,24.7,22.89,0.0,22.89,0.2061,0.2061,0.0,0.0,1.0,0.0,"Q1: Overt Inflation (Price Up, Weight Flat)",Q1_Overt_Inflation,0,0
BIS-MIL-1609,Milk Bikis (Wafer Biscuits),Milk,Britannia Industries,Biscuits & Bakery,Wafer Biscuits,0,Standard / Non-LUP,LDPE Pouch,108.8,123.5,150.0,126.9,g,72.53,97.32,13.51,-15.4,34.18,0.294,0.1267,-0.1672,0.5688,0.431,0.4506,Q3: Double Whammy (Price Up + Weight Down),Q3_Double_Whammy,1,1
BIS-MIL-1644,Milk Bikis (Nut Cookies),Milk,Britannia Industries,Biscuits & Bakery,Nut Cookies,0,Standard / Non-LUP,Mono Carton Box,39.4,38.9,100.0,76.1,g,39.4,51.12,-1.27,-23.9,29.75,0.2604,-0.0128,-0.2731,1.0,0.0,0.8035,"Q2: Silent Shrinkflation (Weight Down, Price Flat)",Q2_Silent_Shrink,1,1
BIS-MIL-1652,Milk Bikis (Nut Cookies),Milk,Britannia Industries,Biscuits & Bakery,Nut Cookies,1,₹5 Pack,Mono Carton Box,5.0,5.0,45.0,31.3,g,11.11,15.97,0.0,-30.44,43.74,0.3629,0.0,-0.363,1.0,0.0,0.696,"Q2: Silent Shrinkflation (Weight Down, Price Flat)",Q2_Silent_Shrink,1,1
BIS-MIL-1789,Milano (Butter Cookies),Milano,Parle Products,Biscuits & Bakery,Butter Cookies,1,₹10 Pack,Nitrogen Flushed Foil Pouch,10.0,10.0,70.0,55.6,g,14.29,17.99,0.0,-20.57,25.89,0.2303,0.0,-0.2303,1.0,0.0,0.7945,"Q2: Silent Shrinkflation (Weight Down, Price Flat)",Q2_Silent_Shrink,1,1
BIS-MIL-1804,Milk Bikis (Tea Biscuits),Milk,Britannia Industries,Biscuits & Bakery,Tea Biscuits,1,₹20 Pack,LDPE Pouch,20.0,24.0,110.0,93.1,g,18.18,25.78,20.0,-15.36,41.8,0.3493,0.1823,-0.1668,0.4776,0.522,0.3675,Q3: Double Whammy (Price Up + Weight Down),Q3_Double_Whammy,1,1
BIS-MIL-1898,Milano (Crackers),Milano,Parle Products,Biscuits & Bakery,Crackers,0,Standard / Non-LUP,Flow Wrap,138.7,188.0,250.0,250.0,g,55.48,75.2,35.54,0.0,35.54,0.3041,0.3041,0.0,0.0,1.0,0.0,"Q1: Overt Inflation (Price Up, Weight Flat)",Q1_Overt_Inflation,0,0
BIS-MIL-1914,Milano (Digestive),Milano,Parle Products,Biscuits & Bakery,Digestive,0,Standard / Non-LUP,Stand-up Spout Pouch,72.5,74.0,150.0,150.0,g,48.33,49.33,2.07,0.0,2.07,0.0205,0.0205,0.0,0.0,0.9999,0.0,Q4: Stable / Fair Value,Q4_Stable_Fair,0,0
BIS-MIL-2092,Milano (Glucose Biscuits),Milano,Parle Products,Biscuits & Bakery,Glucose Biscuits,1,₹50 Pack,Flexible Pillow Pouch,50.0,50.0,150.0,106.9,g,33.33,46.77,0.0,-28.73,40.32,0.3388,0.0,-0.3387,0.9999,0.0,0.7126,"Q2: Silent Shrinkflation (Weight Down, Price Flat)",Q2_Silent_Shrink,1,1
BIS-MIL-2107,Milano (Crackers),Milano,Parle Products,Biscuits & Bakery,Crackers,1,₹20 Pack,HDPE Plastic Bottle,20.0,25.0,110.0,89.1,g,18.18,28.06,25.0,-19.0,54.35,0.434,0.2231,-0.2107,0.4855,0.5141,0.3496,Q3: Double Whammy (Price Up + Weight Down),Q3_Double_Whammy,1,1
BIS-MIL-2120,Milk Bikis (Nut Cookies),Milk,Britannia Industries,Biscuits & Bakery,Nut Cookies,1,₹20 Pack,Flow Wrap,20.0,20.0,90.0,68.5,g,22.22,29.2,0.0,-23.89,31.41,0.2732,0.0,-0.273,0.9993,0.0,0.7605,"Q2: Silent Shrinkflation (Weight Down, Price Flat)",Q2_Silent_Shrink,1,1
BIS-MIL-2150,Milk Bikis (Wafer Biscuits),Milk,Britannia Industries,Biscuits & Bakery,Wafer Biscuits,0,Standard / Non-LUP,Flexible Pillow Pouch,73.1,95.0,100.0,100.0,g,73.1,95.0,29.96,0.0,29.96,0.262,0.262,0.0,0.0,1.0,0.0,"Q1: Overt Inflation (Price Up, Weight Flat)",Q1_Overt_Inflation,0,0
BIS-MIL-2273,Milk Bikis (Tea Biscuits),Milk,Britannia Industries,Biscuits & Bakery,Tea Biscuits,0,Standard / Non-LUP,Flexible Pillow Pouch,169.1,178.0,200.0,139.4,g,84.55,127.69,5.26,-30.3,51.02,0.4123,0.0513,-0.361,0.8756,0.1244,0.5938,Q3: Double Whammy (Price Up + Weight Down),Q3_Double_Whammy,1,1
BIS-MIL-2274,Milk Bikis (Wafer Biscuits),Milk,Britannia Industries,Biscuits & Bakery,Wafer Biscuits,1,₹10 Pack,Paper Wrapper,10.0,10.0,130.0,105.7,g,7.69,9.46,0.0,-18.69,23.02,0.2072,0.0,-0.2069,0.9989,0.0,0.8121,"Q2: Silent Shrinkflation (Weight Down, Price Flat)",Q2_Silent_Shrink,1,1
BIS-MIL-2323,Milano (Digestive),Milano,Parle Products,Biscuits & Bakery,Digestive,0,Standard / Non-LUP,Flow Wrap,111.7,111.7,200.0,152.2,g,55.85,73.39,0.0,-23.9,31.41,0.2731,0.0,-0.2731,1.0,0.0,0.761,"Q2: Silent Shrinkflation (Weight Down, Price Flat)",Q2_Silent_Shrink,1,1
BIS-MIL-2389,Milano (Glucose Biscuits),Milano,Parle Products,Biscuits & Bakery,Glucose Biscuits,1,₹20 Pack,HDPE Plastic Bottle,20.0,20.0,120.0,91.3,g,16.67,21.91,0.0,-23.92,31.43,0.2733,0.0,-0.2733,1.0,0.0,0.7609,"Q2: Silent Shrinkflation (Weight Down, Price Flat)",Q2_Silent_Shrink,1,1
BIS-MOM-1034,Mom's Magic (Butter Cookies),Mom's,ITC Limited,Biscuits & Bakery,Butter Cookies,1,₹10 Pack,Flexible Pillow Pouch,10.0,13.0,120.0,101.5,g,8.33,12.81,30.0,-15.42,53.78,0.4304,0.2624,-0.1674,0.3891,0.6096,0.2867,Q3: Double Whammy (Price Up + Weight Down),Q3_Double_Whammy,1,1
BIS-MOM-1067,Mom's Magic (Butter Cookies),Mom's,ITC Limited,Biscuits & Bakery,Butter Cookies,1,₹50 Pack,LDPE Pouch,50.0,50.0,175.0,133.3,g,28.57,37.51,0.0,-23.83,31.29,0.2723,0.0,-0.2722,0.9998,0.0,0.7615,"Q2: Silent Shrinkflation (Weight Down, Price Flat)",Q2_Silent_Shrink,1,1
BIS-MOM-1077,Mom's Magic (Butter Cookies),Mom's,ITC Limited,Biscuits & Bakery,Butter Cookies,1,₹20 Pack,Poly Bag,20.0,20.0,120.0,89.4,g,16.67,22.37,0.0,-25.5,34.19,0.2941,0.0,-0.2944,1.0,0.0,0.7458,"Q2: Silent Shrinkflation (Weight Down, Price Flat)",Q2_Silent_Shrink,1,1
BIS-MOM-1160,Mom's Magic (Cream Biscuits),Mom's,ITC Limited,Biscuits & Bakery,Cream Biscuits,1,₹50 Pack,Paper Wrapper,50.0,50.0,115.0,91.5,g,43.48,54.64,0.0,-20.43,25.67,0.2285,0.0,-0.2286,1.0,0.0,0.7962,"Q2: Silent Shrinkflation (Weight Down, Price Flat)",Q2_Silent_Shrink,1,1
BIS-MOM-1282,Mom's Magic (Oat Biscuits),Mom's,ITC Limited,Biscuits & Bakery,Oat Biscuits,1,₹20 Pack,Mono Carton Box,20.0,25.0,120.0,120.0,g,16.67,20.83,25.0,0.0,24.96,0.2228,0.2231,0.0,0.0,1.0,0.0,"Q1: Overt Inflation (Price Up, Weight Flat)",Q1_Overt_Inflation,0,0
BIS-MOM-1466,Mom's Magic (Cream Biscuits),Mom's,ITC Limited,Biscuits & Bakery,Cream Biscuits,1,₹5 Pack,LDPE Pouch,5.0,6.0,70.0,59.2,g,7.14,10.14,20.0,-15.43,42.02,0.3508,0.1823,-0.1676,0.4777,0.5198,0.3672,Q3: Double Whammy (Price Up + Weight Down),Q3_Double_Whammy,1,1
BIS-MOM-1868,Mom's Magic (Butter Cookies),Mom's,ITC Limited,Biscuits & Bakery,Butter Cookies,0,Standard / Non-LUP,LDPE Pouch,118.0,143.1,150.0,126.9,g,78.67,112.77,21.27,-15.4,43.35,0.3601,0.1929,-0.1672,0.4644,0.5356,0.3553,Q3: Double Whammy (Price Up + Weight Down),Q3_Double_Whammy,1,1
BIS-MOM-1924,Mom's Magic (Oat Biscuits),Mom's,ITC Limited,Biscuits & Bakery,Oat Biscuits,1,₹20 Pack,Poly Bag,20.0,20.0,75.0,58.3,g,26.67,34.31,0.0,-22.27,28.65,0.2519,0.0,-0.2519,1.0,0.0,0.7773,"Q2: Silent Shrinkflation (Weight Down, Price Flat)",Q2_Silent_Shrink,1,1
BIS-MOM-1981,Mom's Magic (Filled Cookies),Mom's,ITC Limited,Biscuits & Bakery,Filled Cookies,0,Standard / Non-LUP,Flow Wrap,46.1,46.1,250.0,178.1,g,18.44,25.88,0.0,-28.76,40.35,0.3389,0.0,-0.3391,1.0,0.0,0.7128,"Q2: Silent Shrinkflation (Weight Down, Price Flat)",Q2_Silent_Shrink,1,1
BIS-MOM-2056,Mom's Magic (Filled Cookies),Mom's,ITC Limited,Biscuits & Bakery,Filled Cookies,1,₹20 Pack,Paper Wrapper,20.0,20.0,75.0,55.8,g,26.67,35.84,0.0,-25.6,34.38,0.2955,0.0,-0.2957,1.0,0.0,0.7445,"Q2: Silent Shrinkflation (Weight Down, Price Flat)",Q2_Silent_Shrink,1,1
BIS-MOM-2143,Mom's Magic (Filled Cookies),Mom's,ITC Limited,Biscuits & Bakery,Filled Cookies,1,₹5 Pack,Flow Wrap,5.0,5.0,45.0,32.8,g,11.11,15.24,0.0,-27.11,37.17,0.3161,0.0,-0.3162,1.0,0.0,0.7293,"Q2: Silent Shrinkflation (Weight Down, Price Flat)",Q2_Silent_Shrink,1,1
BIS-MOM-2291,Mom's Magic (Cream Biscuits),Mom's,ITC Limited,Biscuits & Bakery,Cream Biscuits,1,₹5 Pack,LDPE Pouch,5.0,6.0,65.0,55.0,g,7.69,10.91,20.0,-15.38,41.87,0.3498,0.1823,-0.1671,0.4776,0.5213,0.3674,Q3: Double Whammy (Price Up + Weight Down),Q3_Double_Whammy,1,1
BIS-MOM-2344,Mom's Magic (Oat Biscuits),Mom's,ITC Limited,Biscuits & Bakery,Oat Biscuits,1,₹50 Pack,Stand-up Spout Pouch,50.0,50.0,125.0,87.1,g,40.0,57.41,0.0,-30.32,43.52,0.3613,0.0,-0.3613,0.9998,0.0,0.6966,"Q2: Silent Shrinkflation (Weight Down, Price Flat)",Q2_Silent_Shrink,1,1
BIS-MON-1051,Monaco (Glucose Biscuits),Monaco,Parle Products,Biscuits & Bakery,Glucose Biscuits,1,₹50 Pack,LDPE Pouch,50.0,50.0,100.0,79.6,g,50.0,62.81,0.0,-20.4,25.62,0.2281,0.0,-0.2282,1.0,0.0,0.7963,"Q2: Silent Shrinkflation (Weight Down, Price Flat)",Q2_Silent_Shrink,1,1
BIS-MON-1105,Monaco (Digestive),Monaco,Parle Products,Biscuits & Bakery,Digestive,1,₹50 Pack,Flow Wrap,50.0,50.0,115.0,82.0,g,43.48,60.98,0.0,-28.7,40.25,0.3382,0.0,-0.3382,0.9999,0.0,0.713,"Q2: Silent Shrinkflation (Weight Down, Price Flat)",Q2_Silent_Shrink,1,1
BIS-MON-1146,Monaco (Digestive),Monaco,Parle Products,Biscuits & Bakery,Digestive,0,Standard / Non-LUP,Mono Carton Box,165.0,197.6,500.0,500.0,g,33.0,39.52,19.76,0.0,19.76,0.1803,0.1803,0.0,0.0,1.0,0.0,"Q1: Overt Inflation (Price Up, Weight Flat)",Q1_Overt_Inflation,0,0
BIS-MON-1179,Monaco (Digestive),Monaco,Parle Products,Biscuits & Bakery,Digestive,1,₹50 Pack,Nitrogen Flushed Foil Pouch,50.0,50.0,115.0,80.2,g,43.48,62.34,0.0,-30.26,43.38,0.3603,0.0,-0.3604,1.0,0.0,0.6976,"Q2: Silent Shrinkflation (Weight Down, Price Flat)",Q2_Silent_Shrink,1,1
BIS-MON-1315,Monaco (Chocolate Chip),Monaco,Parle Products,Biscuits & Bakery,Chocolate Chip,1,₹5 Pack,Paper Wrapper,5.0,5.0,65.0,46.3,g,7.69,10.8,0.0,-28.77,40.44,0.3396,0.0,-0.3392,0.9989,0.0,0.7114,"Q2: Silent Shrinkflation (Weight Down, Price Flat)",Q2_Silent_Shrink,1,1
BIS-MON-1516,Monaco (Crackers),Monaco,Parle Products,Biscuits & Bakery,Crackers,1,₹20 Pack,Poly Bag,20.0,20.0,120.0,97.5,g,16.67,20.51,0.0,-18.75,23.04,0.2073,0.0,-0.2076,1.0,0.0,0.814,"Q2: Silent Shrinkflation (Weight Down, Price Flat)",Q2_Silent_Shrink,1,1
BIS-MON-1585,Monaco (Crackers),Monaco,Parle Products,Biscuits & Bakery,Crackers,0,Standard / Non-LUP,Mono Carton Box,170.0,230.8,300.0,300.0,g,56.67,76.93,35.76,0.0,35.75,0.3057,0.3058,0.0,0.0,1.0,0.0,"Q1: Overt Inflation (Price Up, Weight Flat)",Q1_Overt_Inflation,0,0
BIS-MON-1752,Monaco (Digestive),Monaco,Parle Products,Biscuits & Bakery,Digestive,0,Standard / Non-LUP,LDPE Pouch,141.5,188.2,300.0,300.0,g,47.17,62.73,33.0,0.0,32.99,0.2851,0.2852,0.0,0.0,1.0,0.0,"Q1: Overt Inflation (Price Up, Weight Flat)",Q1_Overt_Inflation,0,0
BIS-MON-1775,Monaco (Digestive),Monaco,Parle Products,Biscuits & Bakery,Digestive,1,₹50 Pack,Stand-up Spout Pouch,50.0,50.0,100.0,74.5,g,50.0,67.11,0.0,-25.5,34.22,0.2943,0.0,-0.2944,1.0,0.0,0.7452,"Q2: Silent Shrinkflation (Weight Down, Price Flat)",Q2_Silent_Shrink,1,1
BIS-MON-1826,Monaco (Chocolate Chip),Monaco,Parle Products,Biscuits & Bakery,Chocolate Chip,1,₹5 Pack,Stand-up Spout Pouch,5.0,5.0,55.0,39.2,g,9.09,12.76,0.0,-28.73,40.37,0.3391,0.0,-0.3387,0.9986,0.0,0.7115,"Q2: Silent Shrinkflation (Weight Down, Price Flat)",Q2_Silent_Shrink,1,1
BIS-MON-1849,Monaco (Chocolate Chip),Monaco,Parle Products,Biscuits & Bakery,Chocolate Chip,1,₹10 Pack,Poly Bag,10.0,10.0,75.0,53.5,g,13.33,18.69,0.0,-28.67,40.21,0.338,0.0,-0.3378,0.9995,0.0,0.7129,"Q2: Silent Shrinkflation (Weight Down, Price Flat)",Q2_Silent_Shrink,1,1
BIS-MON-1874,Monaco (Crackers),Monaco,Parle Products,Biscuits & Bakery,Crackers,1,₹5 Pack,Poly Bag,5.0,5.0,45.0,35.0,g,11.11,14.29,0.0,-22.22,28.62,0.2517,0.0,-0.2513,0.9984,0.0,0.7764,"Q2: Silent Shrinkflation (Weight Down, Price Flat)",Q2_Silent_Shrink,1,1
BIS-MON-1944,Monaco (Digestive),Monaco,Parle Products,Biscuits & Bakery,Digestive,0,Standard / Non-LUP,Nitrogen Flushed Foil Pouch,174.4,208.0,500.0,500.0,g,34.88,41.6,19.27,0.0,19.27,0.1762,0.1762,0.0,0.0,1.0,0.0,"Q1: Overt Inflation (Price Up, Weight Flat)",Q1_Overt_Inflation,0,0
BIS-MON-2304,Monaco (Chocolate Chip),Monaco,Parle Products,Biscuits & Bakery,Chocolate Chip,1,₹50 Pack,Paper Wrapper,50.0,50.0,125.0,91.1,g,40.0,54.88,0.0,-27.12,37.2,0.3163,0.0,-0.3164,1.0,0.0,0.729,"Q2: Silent Shrinkflation (Weight Down, Price Flat)",Q2_Silent_Shrink,1,1
BIS-MON-2355,Monaco (Digestive),Monaco,Parle Products,Biscuits & Bakery,Digestive,0,Standard / Non-LUP,Nitrogen Flushed Foil Pouch,51.9,67.2,150.0,150.0,g,34.6,44.8,29.48,0.0,29.48,0.2584,0.2584,0.0,0.0,1.0,0.0,"Q1: Overt Inflation (Price Up, Weight Flat)",Q1_Overt_Inflation,0,0
BIS-NUT-1029,NutriChoice (Wafer Biscuits),NutriChoice,Britannia Industries,Biscuits & Bakery,Wafer Biscuits,1,₹50 Pack,Stand-up Spout Pouch,50.0,50.0,150.0,109.3,g,33.33,45.75,0.0,-27.13,37.26,0.3167,0.0,-0.3165,0.9994,0.0,0.7281,"Q2: Silent Shrinkflation (Weight Down, Price Flat)",Q2_Silent_Shrink,1,1
BIS-NUT-1096,NutriChoice (Tea Biscuits),NutriChoice,Britannia Industries,Biscuits & Bakery,Tea Biscuits,1,₹10 Pack,Poly Bag,10.0,13.0,130.0,110.0,g,7.69,11.82,30.0,-15.38,53.71,0.4299,0.2624,-0.1671,0.3886,0.6103,0.2865,Q3: Double Whammy (Price Up + Weight Down),Q3_Double_Whammy,1,1
BIS-NUT-1353,NutriChoice (Tea Biscuits),NutriChoice,Britannia Industries,Biscuits & Bakery,Tea Biscuits,1,₹20 Pack,HDPE Plastic Bottle,20.0,20.0,50.0,50.0,g,40.0,40.0,0.0,0.0,0.0,0.0,0.0,0.0,0.0,0.0,0.0,Q4: Stable / Fair Value,Q4_Stable_Fair,0,0
BIS-NUT-1362,NutriChoice (Nut Cookies),NutriChoice,Britannia Industries,Biscuits & Bakery,Nut Cookies,1,₹5 Pack,Flow Wrap,5.0,5.0,55.0,40.1,g,9.09,12.47,0.0,-27.09,37.18,0.3162,0.0,-0.316,0.9994,0.0,0.7286,"Q2: Silent Shrinkflation (Weight Down, Price Flat)",Q2_Silent_Shrink,1,1
BIS-NUT-1551,NutriChoice (Nut Cookies),NutriChoice,Britannia Industries,Biscuits & Bakery,Nut Cookies,1,₹50 Pack,HDPE Plastic Bottle,50.0,58.0,100.0,81.0,g,50.0,71.6,16.0,-19.0,43.2,0.3591,0.1484,-0.2107,0.5868,0.4133,0.4398,Q3: Double Whammy (Price Up + Weight Down),Q3_Double_Whammy,1,1
BIS-NUT-1559,NutriChoice (Wafer Biscuits),NutriChoice,Britannia Industries,Biscuits & Bakery,Wafer Biscuits,1,₹10 Pack,Paper Wrapper,10.0,12.0,100.0,88.4,g,10.0,13.57,20.0,-11.6,35.7,0.3053,0.1823,-0.1233,0.4039,0.5972,0.3249,Q3: Double Whammy (Price Up + Weight Down),Q3_Double_Whammy,1,1
BIS-NUT-1564,NutriChoice (Tea Biscuits),NutriChoice,Britannia Industries,Biscuits & Bakery,Tea Biscuits,1,₹10 Pack,Nitrogen Flushed Foil Pouch,10.0,10.0,80.0,66.5,g,12.5,15.04,0.0,-16.88,20.32,0.185,0.0,-0.1848,0.9991,0.0,0.8305,"Q2: Silent Shrinkflation (Weight Down, Price Flat)",Q2_Silent_Shrink,1,1
BIS-NUT-1593,NutriChoice (Health & Digestive),NutriChoice,Britannia Industries,Biscuits & Bakery,Health & Digestive,0,Standard / Non-LUP,Mono Carton Box,152.0,152.0,150.0,150.0,g,101.33,101.33,0.0,0.0,0.0,0.0,0.0,0.0,0.0,0.0,0.0,Q4: Stable / Fair Value,Q4_Stable_Fair,0,0
BIS-NUT-1895,NutriChoice (Wafer Biscuits),NutriChoice,Britannia Industries,Biscuits & Bakery,Wafer Biscuits,1,₹20 Pack,Stand-up Spout Pouch,20.0,20.0,120.0,91.4,g,16.67,21.88,0.0,-23.83,31.25,0.272,0.0,-0.2722,1.0,0.0,0.7626,"Q2: Silent Shrinkflation (Weight Down, Price Flat)",Q2_Silent_Shrink,1,1
BIS-NUT-2136,NutriChoice (Wafer Biscuits),NutriChoice,Britannia Industries,Biscuits & Bakery,Wafer Biscuits,1,₹5 Pack,Flexible Pillow Pouch,5.0,5.0,50.0,38.0,g,10.0,13.16,0.0,-24.0,31.6,0.2746,0.0,-0.2744,0.9994,0.0,0.7595,"Q2: Silent Shrinkflation (Weight Down, Price Flat)",Q2_Silent_Shrink,1,1
BIS-NUT-2340,NutriChoice (Tea Biscuits),NutriChoice,Britannia Industries,Biscuits & Bakery,Tea Biscuits,1,₹5 Pack,HDPE Plastic Bottle,5.0,5.0,65.0,47.3,g,7.69,10.57,0.0,-27.23,37.45,0.3181,0.0,-0.3179,0.9993,0.0,0.7271,"Q2: Silent Shrinkflation (Weight Down, Price Flat)",Q2_Silent_Shrink,1,1
BIS-NUT-2399,NutriChoice (Cream Biscuits),NutriChoice,Britannia Industries,Biscuits & Bakery,Cream Biscuits,0,Standard / Non-LUP,Flexible Pillow Pouch,134.4,133.0,150.0,114.1,g,89.6,116.56,-1.04,-23.93,30.09,0.2631,-0.0105,-0.2736,1.0,0.0,0.7954,"Q2: Silent Shrinkflation (Weight Down, Price Flat)",Q2_Silent_Shrink,1,1
BIS-PAR-1123,Parle-G (Butter Cookies),Parle-G,Parle Products,Biscuits & Bakery,Butter Cookies,1,₹50 Pack,Flow Wrap,50.0,66.0,175.0,148.0,g,28.57,44.59,32.0,-15.43,56.07,0.4452,0.2776,-0.1676,0.3764,0.6237,0.2752,Q3: Double Whammy (Price Up + Weight Down),Q3_Double_Whammy,1,1
BIS-PAR-1229,Parle-G (Glucose Biscuits),Parle-G,Parle Products,Biscuits & Bakery,Glucose Biscuits,1,₹50 Pack,Poly Bag,50.0,50.0,150.0,109.3,g,33.33,45.75,0.0,-27.13,37.26,0.3167,0.0,-0.3165,0.9994,0.0,0.7281,"Q2: Silent Shrinkflation (Weight Down, Price Flat)",Q2_Silent_Shrink,1,1
BIS-PAR-1321,Parle-G (Crackers),Parle-G,Parle Products,Biscuits & Bakery,Crackers,1,₹5 Pack,Mono Carton Box,5.0,5.0,55.0,40.1,g,9.09,12.47,0.0,-27.09,37.18,0.3162,0.0,-0.316,0.9994,0.0,0.7286,"Q2: Silent Shrinkflation (Weight Down, Price Flat)",Q2_Silent_Shrink,1,1
BIS-PAR-1598,Parle-G (Digestive),Parle-G,Parle Products,Biscuits & Bakery,Digestive,1,₹20 Pack,Paper Wrapper,20.0,25.0,50.0,42.3,g,40.0,59.1,25.0,-15.4,47.75,0.3904,0.2231,-0.1672,0.4284,0.5716,0.3225,Q3: Double Whammy (Price Up + Weight Down),Q3_Double_Whammy,1,1
BIS-PAR-1645,Parle-G (Digestive),Parle-G,Parle Products,Biscuits & Bakery,Digestive,1,₹50 Pack,LDPE Pouch,50.0,50.0,115.0,83.8,g,43.48,59.67,0.0,-27.13,37.24,0.3165,0.0,-0.3165,0.9999,0.0,0.7286,"Q2: Silent Shrinkflation (Weight Down, Price Flat)",Q2_Silent_Shrink,1,1
BIS-PAR-1728,Parle-G (Chocolate Chip),Parle-G,Parle Products,Biscuits & Bakery,Chocolate Chip,1,₹20 Pack,LDPE Pouch,20.0,24.0,110.0,93.1,g,18.18,25.78,20.0,-15.36,41.8,0.3493,0.1823,-0.1668,0.4776,0.522,0.3675,Q3: Double Whammy (Price Up + Weight Down),Q3_Double_Whammy,1,1
BIS-PAR-2006,Parle-G (Crackers),Parle-G,Parle Products,Biscuits & Bakery,Crackers,1,₹20 Pack,HDPE Plastic Bottle,20.0,20.0,120.0,87.5,g,16.67,22.86,0.0,-27.08,37.13,0.3158,0.0,-0.3159,1.0,0.0,0.7294,"Q2: Silent Shrinkflation (Weight Down, Price Flat)",Q2_Silent_Shrink,1,1
BIS-PAR-2010,Parle-G (Glucose Biscuits),Parle-G,Parle Products,Biscuits & Bakery,Glucose Biscuits,1,₹20 Pack,HDPE Plastic Bottle,20.0,20.0,90.0,70.1,g,22.22,28.53,0.0,-22.11,28.4,0.25,0.0,-0.2499,0.9997,0.0,0.7786,"Q2: Silent Shrinkflation (Weight Down, Price Flat)",Q2_Silent_Shrink,1,1
BIS-PAR-2041,Parle-G (Chocolate Chip),Parle-G,Parle Products,Biscuits & Bakery,Chocolate Chip,1,₹5 Pack,HDPE Plastic Bottle,5.0,5.0,45.0,35.1,g,11.11,14.25,0.0,-22.0,28.26,0.2489,0.0,-0.2485,0.9982,0.0,0.7784,"Q2: Silent Shrinkflation (Weight Down, Price Flat)",Q2_Silent_Shrink,1,1
BIS-PAR-2148,Parle-G (Butter Cookies),Parle-G,Parle Products,Biscuits & Bakery,Butter Cookies,0,Standard / Non-LUP,Flexible Pillow Pouch,64.7,77.9,150.0,150.0,g,43.13,51.93,20.4,0.0,20.4,0.1857,0.1857,0.0,0.0,0.9999,0.0,"Q1: Overt Inflation (Price Up, Weight Flat)",Q1_Overt_Inflation,0,0
BIS-PAR-2303,Parle-G (Butter Cookies),Parle-G,Parle Products,Biscuits & Bakery,Butter Cookies,1,₹10 Pack,Stand-up Spout Pouch,10.0,10.0,80.0,54.6,g,12.5,18.32,0.0,-31.75,46.56,0.3823,0.0,-0.382,0.9993,0.0,0.6819,"Q2: Silent Shrinkflation (Weight Down, Price Flat)",Q2_Silent_Shrink,1,1
BIS-PAR-2358,Parle-G (Butter Cookies),Parle-G,Parle Products,Biscuits & Bakery,Butter Cookies,1,₹50 Pack,Nitrogen Flushed Foil Pouch,50.0,50.0,115.0,82.0,g,43.48,60.98,0.0,-28.7,40.25,0.3382,0.0,-0.3382,0.9999,0.0,0.713,"Q2: Silent Shrinkflation (Weight Down, Price Flat)",Q2_Silent_Shrink,1,1
BIS-PER-1014,Perk (Bar Chocolate),Perk,Mondelez India,Biscuits & Bakery,Bar Chocolate,1,₹50 Pack,Stand-up Spout Pouch,50.0,50.0,150.0,116.7,g,33.33,42.84,0.0,-22.2,28.53,0.251,0.0,-0.251,1.0,0.0,0.7781,"Q2: Silent Shrinkflation (Weight Down, Price Flat)",Q2_Silent_Shrink,1,1
BIS-PER-1685,Perk (Bar Chocolate),Perk,Mondelez India,Biscuits & Bakery,Bar Chocolate,1,₹50 Pack,Paper Wrapper,50.0,50.0,175.0,133.2,g,28.57,37.54,0.0,-23.89,31.4,0.273,0.0,-0.2729,0.9996,0.0,0.7608,"Q2: Silent Shrinkflation (Weight Down, Price Flat)",Q2_Silent_Shrink,1,1
BIS-PER-1905,Perk (Milk Chocolate),Perk,Mondelez India,Biscuits & Bakery,Milk Chocolate,0,Standard / Non-LUP,Poly Bag,81.0,98.0,150.0,150.0,g,54.0,65.33,20.99,0.0,20.98,0.1905,0.1905,0.0,0.0,1.0,0.0,"Q1: Overt Inflation (Price Up, Weight Flat)",Q1_Overt_Inflation,0,0
BIS-PER-2066,Perk (Milk Chocolate),Perk,Mondelez India,Biscuits & Bakery,Milk Chocolate,0,Standard / Non-LUP,Stand-up Spout Pouch,165.3,227.5,200.0,200.0,g,82.65,113.75,37.63,0.0,37.63,0.3194,0.3194,0.0,0.0,1.0,0.0,"Q1: Overt Inflation (Price Up, Weight Flat)",Q1_Overt_Inflation,0,0
BIS-PRI-1055,Priya Gold CNC (Butter Cookies),Priya,Priya Gold,Biscuits & Bakery,Butter Cookies,1,₹20 Pack,HDPE Plastic Bottle,20.0,20.0,120.0,87.3,g,16.67,22.91,0.0,-27.25,37.43,0.318,0.0,-0.3181,1.0,0.0,0.728,"Q2: Silent Shrinkflation (Weight Down, Price Flat)",Q2_Silent_Shrink,1,1
BIS-PRI-1063,Priya Gold CNC (Salted Biscuits),Priya,Priya Gold,Biscuits & Bakery,Salted Biscuits,1,₹50 Pack,Flow Wrap,50.0,50.0,150.0,106.9,g,33.33,46.77,0.0,-28.73,40.32,0.3388,0.0,-0.3387,0.9999,0.0,0.7126,"Q2: Silent Shrinkflation (Weight Down, Price Flat)",Q2_Silent_Shrink,1,1
BIS-PRI-1080,Priya Gold Snacks (Butter Cookies),Priya,Priya Gold,Biscuits & Bakery,Butter Cookies,0,Standard / Non-LUP,Flexible Pillow Pouch,69.0,81.0,500.0,441.8,g,13.8,18.33,17.39,-11.64,32.83,0.2839,0.1603,-0.1238,0.4359,0.5648,0.3546,Q3: Double Whammy (Price Up + Weight Down),Q3_Double_Whammy,1,1
BIS-PRI-1272,Priya Gold Snacks (Butter Cookies),Priya,Priya Gold,Biscuits & Bakery,Butter Cookies,1,₹50 Pack,Paper Wrapper,50.0,50.0,150.0,116.8,g,33.33,42.81,0.0,-22.13,28.44,0.2503,0.0,-0.2502,0.9994,0.0,0.7782,"Q2: Silent Shrinkflation (Weight Down, Price Flat)",Q2_Silent_Shrink,1,1
BIS-PRI-1334,Priya Gold Butter Bite (Salted Biscuits),Priya,Priya Gold,Biscuits & Bakery,Salted Biscuits,1,₹10 Pack,Poly Bag,10.0,10.0,100.0,72.9,g,10.0,13.72,0.0,-27.1,37.2,0.3163,0.0,-0.3161,0.9994,0.0,0.7285,"Q2: Silent Shrinkflation (Weight Down, Price Flat)",Q2_Silent_Shrink,1,1
BIS-PRI-1373,Priya Gold Snacks (Butter Cookies),Priya,Priya Gold,Biscuits & Bakery,Butter Cookies,1,₹5 Pack,Flow Wrap,5.0,6.0,50.0,40.5,g,10.0,14.81,20.0,-19.0,48.1,0.3927,0.1823,-0.2107,0.5366,0.4643,0.395,Q3: Double Whammy (Price Up + Weight Down),Q3_Double_Whammy,1,1
BIS-PRI-1382,Priya Gold CNC (Salted Biscuits),Priya,Priya Gold,Biscuits & Bakery,Salted Biscuits,0,Standard / Non-LUP,Paper Wrapper,117.8,137.8,250.0,211.5,g,47.12,65.15,16.98,-15.4,38.26,0.324,0.1568,-0.1672,0.5162,0.484,0.4025,Q3: Double Whammy (Price Up + Weight Down),Q3_Double_Whammy,1,1
BIS-PRI-1389,Priya Gold CNC (Salted Biscuits),Priya,Priya Gold,Biscuits & Bakery,Salted Biscuits,1,₹5 Pack,Stand-up Spout Pouch,5.0,5.0,65.0,47.3,g,7.69,10.57,0.0,-27.23,37.45,0.3181,0.0,-0.3179,0.9993,0.0,0.7271,"Q2: Silent Shrinkflation (Weight Down, Price Flat)",Q2_Silent_Shrink,1,1
BIS-PRI-1441,Priya Gold CNC (Salted Biscuits),Priya,Priya Gold,Biscuits & Bakery,Salted Biscuits,0,Standard / Non-LUP,LDPE Pouch,108.0,131.3,250.0,211.5,g,43.2,62.08,21.57,-15.4,43.7,0.3626,0.1954,-0.1672,0.4612,0.5388,0.3524,Q3: Double Whammy (Price Up + Weight Down),Q3_Double_Whammy,1,1
BIS-PRI-1482,Priya Gold Butter Bite (Salted Biscuits),Priya,Priya Gold,Biscuits & Bakery,Salted Biscuits,0,Standard / Non-LUP,Flow Wrap,94.0,94.0,500.0,389.2,g,18.8,24.15,0.0,-22.16,28.46,0.2504,0.0,-0.2505,1.0,0.0,0.7787,"Q2: Silent Shrinkflation (Weight Down, Price Flat)",Q2_Silent_Shrink,1,1
BIS-PRI-1495,Priya Gold Butter Bite (Salted Biscuits),Priya,Priya Gold,Biscuits & Bakery,Salted Biscuits,1,₹10 Pack,Mono Carton Box,10.0,13.0,70.0,56.7,g,14.29,22.93,30.0,-19.0,60.46,0.4729,0.2624,-0.2107,0.4456,0.5548,0.3142,Q3: Double Whammy (Price Up + Weight Down),Q3_Double_Whammy,1,1
BIS-PRI-1505,Priya Gold Butter Bite (Salted Biscuits),Priya,Priya Gold,Biscuits & Bakery,Salted Biscuits,0,Standard / Non-LUP,Stand-up Spout Pouch,128.4,124.4,250.0,194.6,g,51.36,63.93,-3.12,-22.16,24.47,0.2189,-0.0316,-0.2505,1.0,0.0,0.9054,"Q2: Silent Shrinkflation (Weight Down, Price Flat)",Q2_Silent_Shrink,1,1
BIS-PRI-1517,Priya Gold CNC (Salted Biscuits),Priya,Priya Gold,Biscuits & Bakery,Salted Biscuits,0,Standard / Non-LUP,Flow Wrap,168.0,204.5,400.0,400.0,g,42.0,51.12,21.73,0.0,21.71,0.1965,0.1966,0.0,0.0,1.0,0.0,"Q1: Overt Inflation (Price Up, Weight Flat)",Q1_Overt_Inflation,0,0
BIS-PRI-1524,Priya Gold Butter Bite (Salted Biscuits),Priya,Priya Gold,Biscuits & Bakery,Salted Biscuits,1,₹50 Pack,Flexible Pillow Pouch,50.0,62.0,150.0,150.0,g,33.33,41.33,24.0,0.0,24.0,0.2151,0.2151,0.0,0.0,0.9999,0.0,"Q1: Overt Inflation (Price Up, Weight Flat)",Q1_Overt_Inflation,0,0
BIS-PRI-1534,Priya Gold CNC (Salted Biscuits),Priya,Priya Gold,Biscuits & Bakery,Salted Biscuits,0,Standard / Non-LUP,HDPE Plastic Bottle,55.1,71.2,100.0,100.0,g,55.1,71.2,29.22,0.0,29.22,0.2563,0.2563,0.0,0.0,1.0,0.0,"Q1: Overt Inflation (Price Up, Weight Flat)",Q1_Overt_Inflation,0,0
BIS-PRI-1548,Priya Gold Snacks (Salted Biscuits),Priya,Priya Gold,Biscuits & Bakery,Salted Biscuits,1,₹20 Pack,Nitrogen Flushed Foil Pouch,20.0,20.0,90.0,67.0,g,22.22,29.85,0.0,-25.56,34.34,0.2952,0.0,-0.2951,0.9997,0.0,0.7442,"Q2: Silent Shrinkflation (Weight Down, Price Flat)",Q2_Silent_Shrink,1,1
BIS-PRI-1639,Priya Gold CNC (Butter Cookies),Priya,Priya Gold,Biscuits & Bakery,Butter Cookies,1,₹5 Pack,Poly Bag,5.0,5.0,45.0,45.0,g,11.11,11.11,0.0,0.0,0.0,0.0,0.0,0.0,0.0,0.0,0.0,Q4: Stable / Fair Value,Q4_Stable_Fair,0,0
BIS-PRI-1661,Priya Gold Butter Bite (Salted Biscuits),Priya,Priya Gold,Biscuits & Bakery,Salted Biscuits,0,Standard / Non-LUP,Poly Bag,160.0,194.0,400.0,400.0,g,40.0,48.5,21.25,0.0,21.25,0.1927,0.1927,0.0,0.0,1.0,0.0,"Q1: Overt Inflation (Price Up, Weight Flat)",Q1_Overt_Inflation,0,0
BIS-PRI-1667,Priya Gold Butter Bite (Salted Biscuits),Priya,Priya Gold,Biscuits & Bakery,Salted Biscuits,0,Standard / Non-LUP,Stand-up Spout Pouch,43.7,46.0,300.0,300.0,g,14.57,15.33,5.26,0.0,5.22,0.0508,0.0513,0.0,0.0,1.0,0.0,"Q1: Overt Inflation (Price Up, Weight Flat)",Q1_Overt_Inflation,0,0
BIS-PRI-1688,Priya Gold Butter Bite (Butter Cookies),Priya,Priya Gold,Biscuits & Bakery,Butter Cookies,1,₹5 Pack,Nitrogen Flushed Foil Pouch,5.0,5.0,70.0,59.2,g,7.14,8.45,0.0,-15.43,18.35,0.1685,0.0,-0.1676,0.9948,0.0,0.8409,"Q2: Silent Shrinkflation (Weight Down, Price Flat)",Q2_Silent_Shrink,1,1
BIS-PRI-1696,Priya Gold Snacks (Butter Cookies),Priya,Priya Gold,Biscuits & Bakery,Butter Cookies,1,₹5 Pack,Nitrogen Flushed Foil Pouch,5.0,5.0,65.0,48.4,g,7.69,10.33,0.0,-25.54,34.33,0.2951,0.0,-0.2949,0.9992,0.0,0.7439,"Q2: Silent Shrinkflation (Weight Down, Price Flat)",Q2_Silent_Shrink,1,1
BIS-PRI-1746,Priya Gold Snacks (Salted Biscuits),Priya,Priya Gold,Biscuits & Bakery,Salted Biscuits,0,Standard / Non-LUP,Poly Bag,73.5,73.5,150.0,119.2,g,49.0,61.66,0.0,-20.53,25.84,0.2298,0.0,-0.2298,1.0,0.0,0.7947,"Q2: Silent Shrinkflation (Weight Down, Price Flat)",Q2_Silent_Shrink,1,1
BIS-PRI-1747,Priya Gold Snacks (Butter Cookies),Priya,Priya Gold,Biscuits & Bakery,Butter Cookies,1,₹10 Pack,Paper Wrapper,10.0,10.0,100.0,72.9,g,10.0,13.72,0.0,-27.1,37.2,0.3163,0.0,-0.3161,0.9994,0.0,0.7285,"Q2: Silent Shrinkflation (Weight Down, Price Flat)",Q2_Silent_Shrink,1,1
BIS-PRI-1760,Priya Gold Snacks (Butter Cookies),Priya,Priya Gold,Biscuits & Bakery,Butter Cookies,1,₹50 Pack,Mono Carton Box,50.0,66.0,175.0,154.6,g,28.57,42.69,32.0,-11.66,49.42,0.4016,0.2776,-0.1239,0.3086,0.6913,0.2359,Q3: Double Whammy (Price Up + Weight Down),Q3_Double_Whammy,1,1
BIS-PRI-1778,Priya Gold Butter Bite (Salted Biscuits),Priya,Priya Gold,Biscuits & Bakery,Salted Biscuits,1,₹5 Pack,HDPE Plastic Bottle,5.0,5.0,70.0,53.2,g,7.14,9.4,0.0,-24.0,31.65,0.275,0.0,-0.2744,0.998,0.0,0.7582,"Q2: Silent Shrinkflation (Weight Down, Price Flat)",Q2_Silent_Shrink,1,1
BIS-PRI-1791,Priya Gold CNC (Butter Cookies),Priya,Priya Gold,Biscuits & Bakery,Butter Cookies,1,₹5 Pack,Flexible Pillow Pouch,5.0,5.0,55.0,41.9,g,9.09,11.93,0.0,-23.82,31.24,0.2719,0.0,-0.272,1.0,0.0,0.7623,"Q2: Silent Shrinkflation (Weight Down, Price Flat)",Q2_Silent_Shrink,1,1
BIS-PRI-1802,Priya Gold Snacks (Salted Biscuits),Priya,Priya Gold,Biscuits & Bakery,Salted Biscuits,1,₹50 Pack,Stand-up Spout Pouch,50.0,50.0,115.0,80.2,g,43.48,62.34,0.0,-30.26,43.38,0.3603,0.0,-0.3604,1.0,0.0,0.6976,"Q2: Silent Shrinkflation (Weight Down, Price Flat)",Q2_Silent_Shrink,1,1
BIS-PRI-1805,Priya Gold Snacks (Butter Cookies),Priya,Priya Gold,Biscuits & Bakery,Butter Cookies,1,₹5 Pack,Mono Carton Box,5.0,5.0,55.0,40.1,g,9.09,12.47,0.0,-27.09,37.18,0.3162,0.0,-0.316,0.9994,0.0,0.7286,"Q2: Silent Shrinkflation (Weight Down, Price Flat)",Q2_Silent_Shrink,1,1
BIS-PRI-2039,Priya Gold Snacks (Salted Biscuits),Priya,Priya Gold,Biscuits & Bakery,Salted Biscuits,1,₹10 Pack,Poly Bag,10.0,10.0,130.0,96.9,g,7.69,10.32,0.0,-25.46,34.2,0.2942,0.0,-0.2939,0.999,0.0,0.7445,"Q2: Silent Shrinkflation (Weight Down, Price Flat)",Q2_Silent_Shrink,1,1
BIS-PRI-2088,Priya Gold Snacks (Salted Biscuits),Priya,Priya Gold,Biscuits & Bakery,Salted Biscuits,0,Standard / Non-LUP,Flow Wrap,83.5,108.0,100.0,81.0,g,83.5,133.33,29.34,-19.0,59.68,0.468,0.2573,-0.2107,0.4503,0.5498,0.3184,Q3: Double Whammy (Price Up + Weight Down),Q3_Double_Whammy,1,1
BIS-PRI-2135,Priya Gold Butter Bite (Butter Cookies),Priya,Priya Gold,Biscuits & Bakery,Butter Cookies,1,₹10 Pack,HDPE Plastic Bottle,10.0,10.0,120.0,85.5,g,8.33,11.7,0.0,-28.75,40.46,0.3397,0.0,-0.339,0.9978,0.0,0.7106,"Q2: Silent Shrinkflation (Weight Down, Price Flat)",Q2_Silent_Shrink,1,1
BIS-PRI-2236,Priya Gold Butter Bite (Butter Cookies),Priya,Priya Gold,Biscuits & Bakery,Butter Cookies,1,₹50 Pack,Flexible Pillow Pouch,50.0,62.0,150.0,132.5,g,33.33,46.79,24.0,-11.67,40.38,0.3392,0.2151,-0.1241,0.3657,0.6342,0.2889,Q3: Double Whammy (Price Up + Weight Down),Q3_Double_Whammy,1,1
BIS-PRI-2284,Priya Gold Snacks (Salted Biscuits),Priya,Priya Gold,Biscuits & Bakery,Salted Biscuits,0,Standard / Non-LUP,Poly Bag,129.0,154.8,400.0,400.0,g,32.25,38.7,20.0,0.0,20.0,0.1823,0.1823,0.0,0.0,1.0,0.0,"Q1: Overt Inflation (Price Up, Weight Flat)",Q1_Overt_Inflation,0,0
BIS-PRI-2288,Priya Gold CNC (Butter Cookies),Priya,Priya Gold,Biscuits & Bakery,Butter Cookies,0,Standard / Non-LUP,Mono Carton Box,108.3,109.4,100.0,72.8,g,108.3,150.27,1.02,-27.2,38.75,0.3275,0.0101,-0.3175,0.9692,0.0309,0.7019,"Q2: Silent Shrinkflation (Weight Down, Price Flat)",Q2_Silent_Shrink,1,1
BIS-PRI-2295,Priya Gold CNC (Salted Biscuits),Priya,Priya Gold,Biscuits & Bakery,Salted Biscuits,1,₹5 Pack,Nitrogen Flushed Foil Pouch,5.0,5.0,55.0,41.8,g,9.09,11.96,0.0,-24.0,31.57,0.2744,0.0,-0.2744,1.0,0.0,0.7601,"Q2: Silent Shrinkflation (Weight Down, Price Flat)",Q2_Silent_Shrink,1,1
BIS-PRI-2307,Priya Gold CNC (Salted Biscuits),Priya,Priya Gold,Biscuits & Bakery,Salted Biscuits,0,Standard / Non-LUP,Flexible Pillow Pouch,82.6,101.6,200.0,169.2,g,41.3,60.05,23.0,-15.4,45.4,0.3743,0.207,-0.1672,0.4468,0.5531,0.3392,Q3: Double Whammy (Price Up + Weight Down),Q3_Double_Whammy,1,1
BIS-PRI-2365,Priya Gold CNC (Salted Biscuits),Priya,Priya Gold,Biscuits & Bakery,Salted Biscuits,1,₹50 Pack,Nitrogen Flushed Foil Pouch,50.0,50.0,125.0,87.1,g,40.0,57.41,0.0,-30.32,43.52,0.3613,0.0,-0.3613,0.9998,0.0,0.6966,"Q2: Silent Shrinkflation (Weight Down, Price Flat)",Q2_Silent_Shrink,1,1
BIS-SUN-1003,Sunfeast Dark Fantasy (Butter Cookies),Sunfeast,ITC Limited,Biscuits & Bakery,Butter Cookies,0,Standard / Non-LUP,Mono Carton Box,82.3,96.0,150.0,150.0,g,54.87,64.0,16.65,0.0,16.64,0.1539,0.154,0.0,0.0,1.0,0.0,"Q1: Overt Inflation (Price Up, Weight Flat)",Q1_Overt_Inflation,0,0
BIS-SUN-1191,Sunfeast Dark Fantasy (Oat Biscuits),Sunfeast,ITC Limited,Biscuits & Bakery,Oat Biscuits,1,₹50 Pack,HDPE Plastic Bottle,50.0,50.0,175.0,127.4,g,28.57,39.25,0.0,-27.2,37.38,0.3176,0.0,-0.3175,0.9996,0.0,0.7276,"Q2: Silent Shrinkflation (Weight Down, Price Flat)",Q2_Silent_Shrink,1,1
BIS-SUN-1231,Sunfeast Dark Fantasy (Oat Biscuits),Sunfeast,ITC Limited,Biscuits & Bakery,Oat Biscuits,0,Standard / Non-LUP,Nitrogen Flushed Foil Pouch,56.0,56.6,250.0,190.4,g,22.4,29.73,1.07,-23.84,32.72,0.2831,0.0107,-0.2723,0.962,0.0376,0.7285,"Q2: Silent Shrinkflation (Weight Down, Price Flat)",Q2_Silent_Shrink,1,1
BIS-SUN-1289,Sunfeast Dark Fantasy (Butter Cookies),Sunfeast,ITC Limited,Biscuits & Bakery,Butter Cookies,1,₹20 Pack,Poly Bag,20.0,26.0,50.0,44.2,g,40.0,58.82,30.0,-11.6,47.05,0.3856,0.2624,-0.1233,0.3198,0.6804,0.2465,Q3: Double Whammy (Price Up + Weight Down),Q3_Double_Whammy,1,1
BIS-SUN-1381,Sunfeast Dark Fantasy (Cream Biscuits),Sunfeast,ITC Limited,Biscuits & Bakery,Cream Biscuits,1,₹50 Pack,Stand-up Spout Pouch,50.0,50.0,175.0,133.1,g,28.57,37.57,0.0,-23.94,31.5,0.2738,0.0,-0.2737,0.9994,0.0,0.7601,"Q2: Silent Shrinkflation (Weight Down, Price Flat)",Q2_Silent_Shrink,1,1
BIS-SUN-1417,Sunfeast Dark Fantasy (Cream Biscuits),Sunfeast,ITC Limited,Biscuits & Bakery,Cream Biscuits,0,Standard / Non-LUP,Poly Bag,86.5,108.8,200.0,200.0,g,43.25,54.4,25.78,0.0,25.78,0.2294,0.2294,0.0,0.0,1.0,0.0,"Q1: Overt Inflation (Price Up, Weight Flat)",Q1_Overt_Inflation,0,0
BIS-SUN-1434,Sunfeast Dark Fantasy (Oat Biscuits),Sunfeast,ITC Limited,Biscuits & Bakery,Oat Biscuits,1,₹50 Pack,Flexible Pillow Pouch,50.0,50.0,115.0,83.8,g,43.48,59.67,0.0,-27.13,37.24,0.3165,0.0,-0.3165,0.9999,0.0,0.7286,"Q2: Silent Shrinkflation (Weight Down, Price Flat)",Q2_Silent_Shrink,1,1
BIS-SUN-1470,Sunfeast Dark Fantasy (Butter Cookies),Sunfeast,ITC Limited,Biscuits & Bakery,Butter Cookies,0,Standard / Non-LUP,HDPE Plastic Bottle,137.2,133.0,200.0,145.7,g,68.6,91.28,-3.06,-27.15,33.06,0.2856,-0.0311,-0.3168,1.0,0.0,0.8212,"Q2: Silent Shrinkflation (Weight Down, Price Flat)",Q2_Silent_Shrink,1,1
BIS-SUN-1579,Sunfeast Dark Fantasy (Cream Biscuits),Sunfeast,ITC Limited,Biscuits & Bakery,Cream Biscuits,1,₹20 Pack,Mono Carton Box,20.0,26.0,60.0,50.8,g,33.33,51.18,30.0,-15.33,53.56,0.4289,0.2624,-0.1664,0.3881,0.6117,0.2863,Q3: Double Whammy (Price Up + Weight Down),Q3_Double_Whammy,1,1
BIS-SUN-1624,Sunfeast Dark Fantasy (Filled Cookies),Sunfeast,ITC Limited,Biscuits & Bakery,Filled Cookies,1,₹5 Pack,Mono Carton Box,5.0,5.0,60.0,42.8,g,8.33,11.68,0.0,-28.67,40.22,0.338,0.0,-0.3378,0.9994,0.0,0.7128,"Q2: Silent Shrinkflation (Weight Down, Price Flat)",Q2_Silent_Shrink,1,1
BIS-SUN-1824,Sunfeast Dark Fantasy (Filled Cookies),Sunfeast,ITC Limited,Biscuits & Bakery,Filled Cookies,0,Standard / Non-LUP,Stand-up Spout Pouch,102.7,126.3,400.0,324.0,g,25.68,38.98,22.98,-19.0,51.79,0.4173,0.2068,-0.2107,0.5049,0.4956,0.3669,Q3: Double Whammy (Price Up + Weight Down),Q3_Double_Whammy,1,1
BIS-SUN-1883,Sunfeast Dark Fantasy (Butter Cookies),Sunfeast,ITC Limited,Biscuits & Bakery,Butter Cookies,1,₹5 Pack,Poly Bag,5.0,5.0,50.0,38.1,g,10.0,13.12,0.0,-23.8,31.2,0.2716,0.0,-0.2718,1.0,0.0,0.7628,"Q2: Silent Shrinkflation (Weight Down, Price Flat)",Q2_Silent_Shrink,1,1
BIS-SUN-1919,Sunfeast Dark Fantasy (Butter Cookies),Sunfeast,ITC Limited,Biscuits & Bakery,Butter Cookies,1,₹10 Pack,Paper Wrapper,10.0,10.0,75.0,59.7,g,13.33,16.75,0.0,-20.4,25.66,0.2284,0.0,-0.2282,0.999,0.0,0.7951,"Q2: Silent Shrinkflation (Weight Down, Price Flat)",Q2_Silent_Shrink,1,1
BIS-SUN-1993,Sunfeast Dark Fantasy (Oat Biscuits),Sunfeast,ITC Limited,Biscuits & Bakery,Oat Biscuits,1,₹20 Pack,Stand-up Spout Pouch,20.0,20.0,50.0,37.3,g,40.0,53.62,0.0,-25.4,34.05,0.293,0.0,-0.293,1.0,0.0,0.746,"Q2: Silent Shrinkflation (Weight Down, Price Flat)",Q2_Silent_Shrink,1,1
BIS-SUN-2052,Sunfeast Dark Fantasy (Filled Cookies),Sunfeast,ITC Limited,Biscuits & Bakery,Filled Cookies,1,₹10 Pack,HDPE Plastic Bottle,10.0,10.0,100.0,79.6,g,10.0,12.56,0.0,-20.4,25.6,0.2279,0.0,-0.2282,1.0,0.0,0.7969,"Q2: Silent Shrinkflation (Weight Down, Price Flat)",Q2_Silent_Shrink,1,1
BIS-SUN-2170,Sunfeast Dark Fantasy (Butter Cookies),Sunfeast,ITC Limited,Biscuits & Bakery,Butter Cookies,0,Standard / Non-LUP,LDPE Pouch,78.0,76.4,100.0,79.6,g,78.0,95.98,-2.05,-20.4,23.05,0.2074,-0.0207,-0.2282,1.0,0.0,0.885,"Q2: Silent Shrinkflation (Weight Down, Price Flat)",Q2_Silent_Shrink,1,1
BIS-SUN-2199,Sunfeast Dark Fantasy (Butter Cookies),Sunfeast,ITC Limited,Biscuits & Bakery,Butter Cookies,0,Standard / Non-LUP,HDPE Plastic Bottle,95.1,120.0,400.0,400.0,g,23.77,30.0,26.18,0.0,26.21,0.2328,0.2326,0.0,0.0,0.9991,0.0,"Q1: Overt Inflation (Price Up, Weight Flat)",Q1_Overt_Inflation,0,0
BIS-SUN-2383,Sunfeast Dark Fantasy (Oat Biscuits),Sunfeast,ITC Limited,Biscuits & Bakery,Oat Biscuits,1,₹10 Pack,Poly Bag,10.0,14.0,70.0,56.7,g,14.29,24.69,40.0,-19.0,72.78,0.5468,0.3365,-0.2107,0.3853,0.6153,0.2611,Q3: Double Whammy (Price Up + Weight Down),Q3_Double_Whammy,1,1
BIS-SUP-1046,Super Milk (Cream Biscuits),Super,ITC Limited,Biscuits & Bakery,Cream Biscuits,0,Standard / Non-LUP,Mono Carton Box,104.5,129.0,150.0,126.9,g,69.67,101.65,23.44,-15.4,45.9,0.3778,0.2106,-0.1672,0.4427,0.5576,0.3355,Q3: Double Whammy (Price Up + Weight Down),Q3_Double_Whammy,1,1
BIS-SUP-1303,Super Milk (Butter Cookies),Super,ITC Limited,Biscuits & Bakery,Butter Cookies,0,Standard / Non-LUP,Flow Wrap,91.2,90.2,150.0,119.3,g,60.8,75.61,-1.1,-20.47,24.36,0.218,-0.011,-0.229,1.0,0.0,0.8402,"Q2: Silent Shrinkflation (Weight Down, Price Flat)",Q2_Silent_Shrink,1,1
BIS-SUP-1323,Super Milk (Butter Cookies),Super,ITC Limited,Biscuits & Bakery,Butter Cookies,0,Standard / Non-LUP,Flow Wrap,140.0,154.8,500.0,423.0,g,28.0,36.6,10.57,-15.4,30.71,0.2678,0.1005,-0.1672,0.6244,0.3752,0.5014,Q3: Double Whammy (Price Up + Weight Down),Q3_Double_Whammy,1,1
BIS-SUP-1350,Super Milk (Oat Biscuits),Super,ITC Limited,Biscuits & Bakery,Oat Biscuits,0,Standard / Non-LUP,Poly Bag,138.7,146.0,300.0,223.6,g,46.23,65.3,5.26,-25.47,41.25,0.3454,0.0513,-0.2939,0.8511,0.1485,0.6174,Q3: Double Whammy (Price Up + Weight Down),Q3_Double_Whammy,1,1
BIS-SUP-1396,Super Milk (Filled Cookies),Super,ITC Limited,Biscuits & Bakery,Filled Cookies,0,Standard / Non-LUP,Mono Carton Box,106.4,112.0,250.0,182.2,g,42.56,61.47,5.26,-27.12,44.43,0.3676,0.0513,-0.3164,0.8605,0.1395,0.6104,Q3: Double Whammy (Price Up + Weight Down),Q3_Double_Whammy,1,1
BIS-SUP-1640,Super Milk (Butter Cookies),Super,ITC Limited,Biscuits & Bakery,Butter Cookies,1,₹50 Pack,LDPE Pouch,50.0,50.0,125.0,95.1,g,40.0,52.58,0.0,-23.92,31.45,0.2735,0.0,-0.2734,0.9997,0.0,0.7606,"Q2: Silent Shrinkflation (Weight Down, Price Flat)",Q2_Silent_Shrink,1,1
BIS-SUP-1797,Super Milk (Butter Cookies),Super,ITC Limited,Biscuits & Bakery,Butter Cookies,0,Standard / Non-LUP,Flow Wrap,120.6,143.4,500.0,500.0,g,24.12,28.68,18.91,0.0,18.91,0.1732,0.1732,0.0,0.0,1.0,0.0,"Q1: Overt Inflation (Price Up, Weight Flat)",Q1_Overt_Inflation,0,0
BIS-SUP-1935,Super Milk (Filled Cookies),Super,ITC Limited,Biscuits & Bakery,Filled Cookies,1,₹5 Pack,Nitrogen Flushed Foil Pouch,5.0,5.0,70.0,52.1,g,7.14,9.6,0.0,-25.57,34.45,0.2961,0.0,-0.2953,0.9976,0.0,0.7422,"Q2: Silent Shrinkflation (Weight Down, Price Flat)",Q2_Silent_Shrink,1,1
BIS-SUP-2184,Super Milk (Cream Biscuits),Super,ITC Limited,Biscuits & Bakery,Cream Biscuits,0,Standard / Non-LUP,Flexible Pillow Pouch,34.3,34.3,400.0,291.5,g,8.57,11.77,0.0,-27.12,37.34,0.3173,0.0,-0.3164,0.9973,0.0,0.7264,"Q2: Silent Shrinkflation (Weight Down, Price Flat)",Q2_Silent_Shrink,1,1
BIS-SUP-2354,Super Milk (Filled Cookies),Super,ITC Limited,Biscuits & Bakery,Filled Cookies,1,₹10 Pack,HDPE Plastic Bottle,10.0,10.0,90.0,71.6,g,11.11,13.97,0.0,-20.44,25.74,0.2291,0.0,-0.2287,0.9985,0.0,0.7942,"Q2: Silent Shrinkflation (Weight Down, Price Flat)",Q2_Silent_Shrink,1,1
BIS-SUP-2381,Super Milk (Cream Biscuits),Super,ITC Limited,Biscuits & Bakery,Cream Biscuits,0,Standard / Non-LUP,Flow Wrap,71.5,95.0,300.0,300.0,g,23.83,31.67,32.87,0.0,32.9,0.2844,0.2842,0.0,0.0,0.9991,0.0,"Q1: Overt Inflation (Price Up, Weight Flat)",Q1_Overt_Inflation,0,0
BIS-TIG-1151,Tiger (Nut Cookies),Tiger,Britannia Industries,Biscuits & Bakery,Nut Cookies,1,₹50 Pack,Mono Carton Box,50.0,50.0,150.0,121.9,g,33.33,41.02,0.0,-18.73,23.07,0.2076,0.0,-0.2074,0.9992,0.0,0.8119,"Q2: Silent Shrinkflation (Weight Down, Price Flat)",Q2_Silent_Shrink,1,1
BIS-TIG-1178,Tiger (Cream Biscuits),Tiger,Britannia Industries,Biscuits & Bakery,Cream Biscuits,1,₹50 Pack,LDPE Pouch,50.0,50.0,125.0,91.1,g,40.0,54.88,0.0,-27.12,37.2,0.3163,0.0,-0.3164,1.0,0.0,0.729,"Q2: Silent Shrinkflation (Weight Down, Price Flat)",Q2_Silent_Shrink,1,1
BIS-TIG-1221,Tiger (Nut Cookies),Tiger,Britannia Industries,Biscuits & Bakery,Nut Cookies,1,₹50 Pack,Mono Carton Box,50.0,50.0,115.0,115.0,g,43.48,43.48,0.0,0.0,0.0,0.0,0.0,0.0,0.0,0.0,0.0,Q4: Stable / Fair Value,Q4_Stable_Fair,0,0
BIS-TIG-1294,Tiger (Wafer Biscuits),Tiger,Britannia Industries,Biscuits & Bakery,Wafer Biscuits,1,₹5 Pack,Paper Wrapper,5.0,5.0,55.0,43.7,g,9.09,11.44,0.0,-20.55,25.85,0.2299,0.0,-0.23,1.0,0.0,0.7947,"Q2: Silent Shrinkflation (Weight Down, Price Flat)",Q2_Silent_Shrink,1,1
BIS-TIG-1326,Tiger (Tea Biscuits),Tiger,Britannia Industries,Biscuits & Bakery,Tea Biscuits,0,Standard / Non-LUP,HDPE Plastic Bottle,121.6,122.9,200.0,152.2,g,60.8,80.75,1.07,-23.9,32.81,0.2838,0.0106,-0.2731,0.9625,0.0375,0.7284,"Q2: Silent Shrinkflation (Weight Down, Price Flat)",Q2_Silent_Shrink,1,1
BIS-TIG-1333,Tiger (Health & Digestive),Tiger,Britannia Industries,Biscuits & Bakery,Health & Digestive,1,₹50 Pack,Mono Carton Box,50.0,50.0,125.0,93.1,g,40.0,53.71,0.0,-25.52,34.27,0.2947,0.0,-0.2946,0.9997,0.0,0.7446,"Q2: Silent Shrinkflation (Weight Down, Price Flat)",Q2_Silent_Shrink,1,1
BIS-TIG-1426,Tiger (Wafer Biscuits),Tiger,Britannia Industries,Biscuits & Bakery,Wafer Biscuits,0,Standard / Non-LUP,Flow Wrap,63.6,84.5,500.0,423.0,g,12.72,19.98,32.86,-15.4,57.08,0.4516,0.2841,-0.1672,0.3704,0.6292,0.2698,Q3: Double Whammy (Price Up + Weight Down),Q3_Double_Whammy,1,1
BIS-TIG-1761,Tiger (Wafer Biscuits),Tiger,Britannia Industries,Biscuits & Bakery,Wafer Biscuits,0,Standard / Non-LUP,LDPE Pouch,116.6,116.6,300.0,300.0,g,38.87,38.87,0.0,0.0,0.0,0.0,0.0,0.0,0.0,0.0,0.0,Q4: Stable / Fair Value,Q4_Stable_Fair,0,0
BIS-TIG-1839,Tiger (Wafer Biscuits),Tiger,Britannia Industries,Biscuits & Bakery,Wafer Biscuits,0,Standard / Non-LUP,Stand-up Spout Pouch,44.6,45.1,250.0,207.6,g,17.84,21.72,1.12,-16.96,21.75,0.1968,0.0111,-0.1858,0.9444,0.0567,0.7798,"Q2: Silent Shrinkflation (Weight Down, Price Flat)",Q2_Silent_Shrink,1,1
BIS-TIG-2024,Tiger (Nut Cookies),Tiger,Britannia Industries,Biscuits & Bakery,Nut Cookies,1,₹50 Pack,Poly Bag,50.0,50.0,100.0,72.8,g,50.0,68.68,0.0,-27.2,37.36,0.3174,0.0,-0.3175,1.0,0.0,0.7281,"Q2: Silent Shrinkflation (Weight Down, Price Flat)",Q2_Silent_Shrink,1,1
BIS-TIG-2168,Tiger (Nut Cookies),Tiger,Britannia Industries,Biscuits & Bakery,Nut Cookies,1,₹10 Pack,Flow Wrap,10.0,10.0,120.0,93.3,g,8.33,10.72,0.0,-22.25,28.69,0.2522,0.0,-0.2517,0.9977,0.0,0.7755,"Q2: Silent Shrinkflation (Weight Down, Price Flat)",Q2_Silent_Shrink,1,1
BIS-TIG-2280,Tiger (Wafer Biscuits),Tiger,Britannia Industries,Biscuits & Bakery,Wafer Biscuits,0,Standard / Non-LUP,Flow Wrap,148.2,148.2,100.0,69.7,g,148.2,212.63,0.0,-30.3,43.48,0.361,0.0,-0.361,0.9999,0.0,0.697,"Q2: Silent Shrinkflation (Weight Down, Price Flat)",Q2_Silent_Shrink,1,1
BIS-TRE-1104,Treat (Wafer Biscuits),Treat,Britannia Industries,Biscuits & Bakery,Wafer Biscuits,1,₹50 Pack,Poly Bag,50.0,50.0,115.0,85.7,g,43.48,58.34,0.0,-25.48,34.18,0.294,0.0,-0.2941,1.0,0.0,0.7455,"Q2: Silent Shrinkflation (Weight Down, Price Flat)",Q2_Silent_Shrink,1,1
BIS-TRE-1112,Treat (Wafer Biscuits),Treat,Britannia Industries,Biscuits & Bakery,Wafer Biscuits,1,₹10 Pack,Stand-up Spout Pouch,10.0,10.0,130.0,98.9,g,7.69,10.11,0.0,-23.92,31.47,0.2736,0.0,-0.2734,0.9993,0.0,0.7602,"Q2: Silent Shrinkflation (Weight Down, Price Flat)",Q2_Silent_Shrink,1,1
BIS-TRE-1309,Treat (Nut Cookies),Treat,Britannia Industries,Biscuits & Bakery,Nut Cookies,1,₹20 Pack,LDPE Pouch,20.0,20.0,75.0,52.3,g,26.67,38.24,0.0,-30.27,43.38,0.3603,0.0,-0.3605,1.0,0.0,0.6977,"Q2: Silent Shrinkflation (Weight Down, Price Flat)",Q2_Silent_Shrink,1,1
BIS-TRE-1445,Treat (Health & Digestive),Treat,Britannia Industries,Biscuits & Bakery,Health & Digestive,1,₹20 Pack,Flexible Pillow Pouch,20.0,20.0,90.0,67.1,g,22.22,29.81,0.0,-25.44,34.16,0.2939,0.0,-0.2936,0.9992,0.0,0.7449,"Q2: Silent Shrinkflation (Weight Down, Price Flat)",Q2_Silent_Shrink,1,1
BIS-TRE-1596,Treat (Health & Digestive),Treat,Britannia Industries,Biscuits & Bakery,Health & Digestive,1,₹20 Pack,HDPE Plastic Bottle,20.0,20.0,60.0,45.6,g,33.33,43.86,0.0,-24.0,31.59,0.2745,0.0,-0.2744,0.9996,0.0,0.7597,"Q2: Silent Shrinkflation (Weight Down, Price Flat)",Q2_Silent_Shrink,1,1
BIS-TRE-1823,Treat (Health & Digestive),Treat,Britannia Industries,Biscuits & Bakery,Health & Digestive,0,Standard / Non-LUP,Poly Bag,104.5,130.6,500.0,423.0,g,20.9,30.87,24.98,-15.4,47.7,0.39,0.223,-0.1672,0.4288,0.5716,0.3228,Q3: Double Whammy (Price Up + Weight Down),Q3_Double_Whammy,1,1
BIS-TRE-1859,Treat (Nut Cookies),Treat,Britannia Industries,Biscuits & Bakery,Nut Cookies,1,₹50 Pack,Paper Wrapper,50.0,50.0,115.0,87.6,g,43.48,57.08,0.0,-23.83,31.28,0.2722,0.0,-0.2722,1.0,0.0,0.7617,"Q2: Silent Shrinkflation (Weight Down, Price Flat)",Q2_Silent_Shrink,1,1
BIS-TRE-1880,Treat (Wafer Biscuits),Treat,Britannia Industries,Biscuits & Bakery,Wafer Biscuits,1,₹50 Pack,HDPE Plastic Bottle,50.0,50.0,115.0,85.6,g,43.48,58.41,0.0,-25.57,34.34,0.2952,0.0,-0.2952,1.0,0.0,0.7445,"Q2: Silent Shrinkflation (Weight Down, Price Flat)",Q2_Silent_Shrink,1,1
BIS-TRE-1976,Treat (Cream Biscuits),Treat,Britannia Industries,Biscuits & Bakery,Cream Biscuits,1,₹20 Pack,HDPE Plastic Bottle,20.0,20.0,110.0,85.5,g,18.18,23.39,0.0,-22.27,28.66,0.252,0.0,-0.252,0.9999,0.0,0.7772,"Q2: Silent Shrinkflation (Weight Down, Price Flat)",Q2_Silent_Shrink,1,1
BIS-TRE-2005,Treat (Tea Biscuits),Treat,Britannia Industries,Biscuits & Bakery,Tea Biscuits,1,₹20 Pack,Mono Carton Box,20.0,20.0,90.0,68.4,g,22.22,29.24,0.0,-24.0,31.59,0.2745,0.0,-0.2744,0.9996,0.0,0.7597,"Q2: Silent Shrinkflation (Weight Down, Price Flat)",Q2_Silent_Shrink,1,1
BIS-TRE-2033,Treat (Tea Biscuits),Treat,Britannia Industries,Biscuits & Bakery,Tea Biscuits,0,Standard / Non-LUP,LDPE Pouch,89.3,104.5,500.0,405.0,g,17.86,25.8,17.02,-19.0,44.46,0.3678,0.1572,-0.2107,0.5729,0.4274,0.4274,Q3: Double Whammy (Price Up + Weight Down),Q3_Double_Whammy,1,1
BIS-TRE-2060,Treat (Nut Cookies),Treat,Britannia Industries,Biscuits & Bakery,Nut Cookies,1,₹20 Pack,LDPE Pouch,20.0,26.0,110.0,89.1,g,18.18,29.18,30.0,-19.0,60.51,0.4732,0.2624,-0.2107,0.4453,0.5545,0.314,Q3: Double Whammy (Price Up + Weight Down),Q3_Double_Whammy,1,1
BIS-TRE-2069,Treat (Cream Biscuits),Treat,Britannia Industries,Biscuits & Bakery,Cream Biscuits,1,₹10 Pack,Stand-up Spout Pouch,10.0,10.0,100.0,68.1,g,10.0,14.68,0.0,-31.9,46.8,0.3839,0.0,-0.3842,1.0,0.0,0.6816,"Q2: Silent Shrinkflation (Weight Down, Price Flat)",Q2_Silent_Shrink,1,1
BIS-TRE-2078,Treat (Wafer Biscuits),Treat,Britannia Industries,Biscuits & Bakery,Wafer Biscuits,0,Standard / Non-LUP,Poly Bag,60.8,73.5,500.0,500.0,g,12.16,14.7,20.89,0.0,20.89,0.1897,0.1897,0.0,0.0,1.0,0.0,"Q1: Overt Inflation (Price Up, Weight Flat)",Q1_Overt_Inflation,0,0
BIS-TRE-2214,Treat (Tea Biscuits),Treat,Britannia Industries,Biscuits & Bakery,Tea Biscuits,1,₹50 Pack,Nitrogen Flushed Foil Pouch,50.0,66.0,100.0,88.4,g,50.0,74.66,32.0,-11.6,49.32,0.4009,0.2776,-0.1233,0.3075,0.6925,0.2352,Q3: Double Whammy (Price Up + Weight Down),Q3_Double_Whammy,1,1
BIS-TRE-2367,Treat (Health & Digestive),Treat,Britannia Industries,Biscuits & Bakery,Health & Digestive,1,₹5 Pack,Flexible Pillow Pouch,5.0,6.0,65.0,55.0,g,7.69,10.91,20.0,-15.38,41.87,0.3498,0.1823,-0.1671,0.4776,0.5213,0.3674,Q3: Double Whammy (Price Up + Weight Down),Q3_Double_Whammy,1,1
BIS-UNI-1235,Unibic Choco Chip (Gourmet Cookies),Unibic,Unibic Foods,Biscuits & Bakery,Gourmet Cookies,1,₹20 Pack,Poly Bag,20.0,25.0,110.0,93.1,g,18.18,26.85,25.0,-15.36,47.69,0.3899,0.2231,-0.1668,0.4278,0.5722,0.3222,Q3: Double Whammy (Price Up + Weight Down),Q3_Double_Whammy,1,1
BIS-UNI-1304,Unibic Oatmeal (Snack Cookies),Unibic,Unibic Foods,Biscuits & Bakery,Snack Cookies,0,Standard / Non-LUP,Flow Wrap,114.7,112.3,100.0,69.7,g,114.7,161.12,-2.09,-30.3,40.47,0.3398,-0.0211,-0.361,1.0,0.0,0.7487,"Q2: Silent Shrinkflation (Weight Down, Price Flat)",Q2_Silent_Shrink,1,1
BIS-UNI-1322,Unibic Choco Chip (Snack Cookies),Unibic,Unibic Foods,Biscuits & Bakery,Snack Cookies,0,Standard / Non-LUP,Flow Wrap,85.4,105.6,500.0,500.0,g,17.08,21.12,23.65,0.0,23.65,0.2123,0.2123,0.0,0.0,1.0,0.0,"Q1: Overt Inflation (Price Up, Weight Flat)",Q1_Overt_Inflation,0,0
BIS-UNI-1365,Unibic Oatmeal (Gourmet Cookies),Unibic,Unibic Foods,Biscuits & Bakery,Gourmet Cookies,1,₹20 Pack,HDPE Plastic Bottle,20.0,20.0,75.0,54.6,g,26.67,36.63,0.0,-27.2,37.35,0.3173,0.0,-0.3175,1.0,0.0,0.7283,"Q2: Silent Shrinkflation (Weight Down, Price Flat)",Q2_Silent_Shrink,1,1
BIS-UNI-1416,Unibic Oatmeal (Gourmet Cookies),Unibic,Unibic Foods,Biscuits & Bakery,Gourmet Cookies,1,₹10 Pack,Flow Wrap,10.0,10.0,90.0,67.0,g,11.11,14.93,0.0,-25.56,34.38,0.2955,0.0,-0.2951,0.9986,0.0,0.7433,"Q2: Silent Shrinkflation (Weight Down, Price Flat)",Q2_Silent_Shrink,1,1
BIS-UNI-1427,Unibic Butter Cookies (Gourmet Cookies),Unibic,Unibic Foods,Biscuits & Bakery,Gourmet Cookies,1,₹10 Pack,Mono Carton Box,10.0,12.0,130.0,105.3,g,7.69,11.4,20.0,-19.0,48.24,0.3937,0.1823,-0.2107,0.5352,0.4631,0.3938,Q3: Double Whammy (Price Up + Weight Down),Q3_Double_Whammy,1,1
BIS-UNI-1428,Unibic Choco Chip (Gourmet Cookies),Unibic,Unibic Foods,Biscuits & Bakery,Gourmet Cookies,0,Standard / Non-LUP,HDPE Plastic Bottle,45.1,59.0,100.0,100.0,g,45.1,59.0,30.82,0.0,30.82,0.2687,0.2687,0.0,0.0,1.0,0.0,"Q1: Overt Inflation (Price Up, Weight Flat)",Q1_Overt_Inflation,0,0
BIS-UNI-1451,Unibic Choco Chip (Gourmet Cookies),Unibic,Unibic Foods,Biscuits & Bakery,Gourmet Cookies,0,Standard / Non-LUP,LDPE Pouch,64.3,76.8,500.0,500.0,g,12.86,15.36,19.44,0.0,19.44,0.1776,0.1776,0.0,0.0,1.0,0.0,"Q1: Overt Inflation (Price Up, Weight Flat)",Q1_Overt_Inflation,0,0
BIS-UNI-1473,Unibic Butter Cookies (Snack Cookies),Unibic,Unibic Foods,Biscuits & Bakery,Snack Cookies,0,Standard / Non-LUP,Flow Wrap,39.2,50.3,150.0,150.0,g,26.13,33.53,28.32,0.0,28.32,0.2494,0.2493,0.0,0.0,0.9999,0.0,"Q1: Overt Inflation (Price Up, Weight Flat)",Q1_Overt_Inflation,0,0
BIS-UNI-1506,Unibic Choco Chip (Gourmet Cookies),Unibic,Unibic Foods,Biscuits & Bakery,Gourmet Cookies,0,Standard / Non-LUP,Mono Carton Box,122.0,117.1,100.0,100.0,g,122.0,117.1,-4.02,0.0,-4.02,-0.041,-0.041,0.0,0.0,0.0,0.0,Q4: Stable / Fair Value,Q4_Stable_Fair,0,0
BIS-UNI-1540,Unibic Oatmeal (Gourmet Cookies),Unibic,Unibic Foods,Biscuits & Bakery,Gourmet Cookies,0,Standard / Non-LUP,Mono Carton Box,87.2,84.5,100.0,100.0,g,87.2,84.5,-3.1,0.0,-3.1,-0.0315,-0.0315,0.0,0.0,0.0,0.0,Q4: Stable / Fair Value,Q4_Stable_Fair,0,0
BIS-UNI-1549,Unibic Choco Chip (Gourmet Cookies),Unibic,Unibic Foods,Biscuits & Bakery,Gourmet Cookies,1,₹10 Pack,Mono Carton Box,10.0,10.0,80.0,63.7,g,12.5,15.7,0.0,-20.37,25.6,0.2279,0.0,-0.2278,0.9996,0.0,0.7959,"Q2: Silent Shrinkflation (Weight Down, Price Flat)",Q2_Silent_Shrink,1,1
BIS-UNI-1557,Unibic Oatmeal (Gourmet Cookies),Unibic,Unibic Foods,Biscuits & Bakery,Gourmet Cookies,0,Standard / Non-LUP,HDPE Plastic Bottle,149.9,146.9,500.0,372.2,g,29.98,39.47,-2.0,-25.56,31.65,0.275,-0.0202,-0.2952,1.0,0.0,0.8075,"Q2: Silent Shrinkflation (Weight Down, Price Flat)",Q2_Silent_Shrink,1,1
BIS-UNI-1617,Unibic Oatmeal (Snack Cookies),Unibic,Unibic Foods,Biscuits & Bakery,Snack Cookies,0,Standard / Non-LUP,Mono Carton Box,106.0,136.0,400.0,400.0,g,26.5,34.0,28.3,0.0,28.3,0.2492,0.2492,0.0,0.0,1.0,0.0,"Q1: Overt Inflation (Price Up, Weight Flat)",Q1_Overt_Inflation,0,0
BIS-UNI-1629,Unibic Choco Chip (Snack Cookies),Unibic,Unibic Foods,Biscuits & Bakery,Snack Cookies,0,Standard / Non-LUP,Nitrogen Flushed Foil Pouch,67.2,70.0,150.0,116.7,g,44.8,59.98,4.17,-22.2,33.88,0.2918,0.0408,-0.251,0.8603,0.1399,0.6552,Q3: Double Whammy (Price Up + Weight Down),Q3_Double_Whammy,1,1
BIS-UNI-1706,Unibic Choco Chip (Gourmet Cookies),Unibic,Unibic Foods,Biscuits & Bakery,Gourmet Cookies,1,₹20 Pack,Nitrogen Flushed Foil Pouch,20.0,20.0,50.0,38.9,g,40.0,51.41,0.0,-22.2,28.52,0.251,0.0,-0.251,1.0,0.0,0.7783,"Q2: Silent Shrinkflation (Weight Down, Price Flat)",Q2_Silent_Shrink,1,1
BIS-UNI-1720,Unibic Oatmeal (Gourmet Cookies),Unibic,Unibic Foods,Biscuits & Bakery,Gourmet Cookies,1,₹20 Pack,LDPE Pouch,20.0,20.0,75.0,58.3,g,26.67,34.31,0.0,-22.27,28.65,0.2519,0.0,-0.2519,1.0,0.0,0.7773,"Q2: Silent Shrinkflation (Weight Down, Price Flat)",Q2_Silent_Shrink,1,1
BIS-UNI-1730,Unibic Butter Cookies (Snack Cookies),Unibic,Unibic Foods,Biscuits & Bakery,Snack Cookies,0,Standard / Non-LUP,Flow Wrap,101.0,122.5,500.0,441.8,g,20.2,27.73,21.29,-11.64,37.28,0.3168,0.193,-0.1238,0.3906,0.6091,0.3123,Q3: Double Whammy (Price Up + Weight Down),Q3_Double_Whammy,1,1
BIS-UNI-1788,Unibic Choco Chip (Snack Cookies),Unibic,Unibic Foods,Biscuits & Bakery,Snack Cookies,1,₹20 Pack,Poly Bag,20.0,20.0,75.0,57.1,g,26.67,35.03,0.0,-23.87,31.35,0.2727,0.0,-0.2727,1.0,0.0,0.7614,"Q2: Silent Shrinkflation (Weight Down, Price Flat)",Q2_Silent_Shrink,1,1
BIS-UNI-1814,Unibic Choco Chip (Gourmet Cookies),Unibic,Unibic Foods,Biscuits & Bakery,Gourmet Cookies,0,Standard / Non-LUP,LDPE Pouch,37.2,38.0,250.0,198.8,g,14.88,19.11,2.15,-20.48,28.43,0.2502,0.0213,-0.2292,0.9159,0.085,0.7204,"Q2: Silent Shrinkflation (Weight Down, Price Flat)",Q2_Silent_Shrink,1,1
BIS-UNI-1834,Unibic Butter Cookies (Snack Cookies),Unibic,Unibic Foods,Biscuits & Bakery,Snack Cookies,0,Standard / Non-LUP,Stand-up Spout Pouch,34.6,34.6,200.0,200.0,g,17.3,17.3,0.0,0.0,0.0,0.0,0.0,0.0,0.0,0.0,0.0,Q4: Stable / Fair Value,Q4_Stable_Fair,0,0
BIS-UNI-1911,Unibic Choco Chip (Snack Cookies),Unibic,Unibic Foods,Biscuits & Bakery,Snack Cookies,0,Standard / Non-LUP,Flexible Pillow Pouch,91.2,115.9,300.0,300.0,g,30.4,38.63,27.08,0.0,27.07,0.2396,0.2397,0.0,0.0,1.0,0.0,"Q1: Overt Inflation (Price Up, Weight Flat)",Q1_Overt_Inflation,0,0
BIS-UNI-2020,Unibic Oatmeal (Snack Cookies),Unibic,Unibic Foods,Biscuits & Bakery,Snack Cookies,1,₹20 Pack,HDPE Plastic Bottle,20.0,20.0,120.0,91.4,g,16.67,21.88,0.0,-23.83,31.25,0.272,0.0,-0.2722,1.0,0.0,0.7626,"Q2: Silent Shrinkflation (Weight Down, Price Flat)",Q2_Silent_Shrink,1,1
BIS-UNI-2034,Unibic Butter Cookies (Gourmet Cookies),Unibic,Unibic Foods,Biscuits & Bakery,Gourmet Cookies,1,₹20 Pack,Mono Carton Box,20.0,20.0,90.0,68.4,g,22.22,29.24,0.0,-24.0,31.59,0.2745,0.0,-0.2744,0.9996,0.0,0.7597,"Q2: Silent Shrinkflation (Weight Down, Price Flat)",Q2_Silent_Shrink,1,1
BIS-UNI-2037,Unibic Oatmeal (Snack Cookies),Unibic,Unibic Foods,Biscuits & Bakery,Snack Cookies,1,₹50 Pack,Paper Wrapper,50.0,62.0,115.0,101.6,g,43.48,61.02,24.0,-11.65,40.34,0.3389,0.2151,-0.1239,0.3656,0.6347,0.2888,Q3: Double Whammy (Price Up + Weight Down),Q3_Double_Whammy,1,1
BIS-UNI-2047,Unibic Choco Chip (Snack Cookies),Unibic,Unibic Foods,Biscuits & Bakery,Snack Cookies,1,₹20 Pack,Poly Bag,20.0,20.0,75.0,57.1,g,26.67,35.03,0.0,-23.87,31.35,0.2727,0.0,-0.2727,1.0,0.0,0.7614,"Q2: Silent Shrinkflation (Weight Down, Price Flat)",Q2_Silent_Shrink,1,1
BIS-UNI-2147,Unibic Choco Chip (Gourmet Cookies),Unibic,Unibic Foods,Biscuits & Bakery,Gourmet Cookies,0,Standard / Non-LUP,Poly Bag,151.7,150.1,100.0,77.8,g,151.7,192.93,-1.05,-22.2,27.18,0.2404,-0.0106,-0.251,1.0,0.0,0.8168,"Q2: Silent Shrinkflation (Weight Down, Price Flat)",Q2_Silent_Shrink,1,1
BIS-UNI-2149,Unibic Butter Cookies (Gourmet Cookies),Unibic,Unibic Foods,Biscuits & Bakery,Gourmet Cookies,0,Standard / Non-LUP,Flow Wrap,48.4,64.3,400.0,400.0,g,12.1,16.07,32.85,0.0,32.81,0.2837,0.2841,0.0,0.0,1.0,0.0,"Q1: Overt Inflation (Price Up, Weight Flat)",Q1_Overt_Inflation,0,0
BIS-UNI-2253,Unibic Choco Chip (Gourmet Cookies),Unibic,Unibic Foods,Biscuits & Bakery,Gourmet Cookies,1,₹20 Pack,Nitrogen Flushed Foil Pouch,20.0,20.0,75.0,57.1,g,26.67,35.03,0.0,-23.87,31.35,0.2727,0.0,-0.2727,1.0,0.0,0.7614,"Q2: Silent Shrinkflation (Weight Down, Price Flat)",Q2_Silent_Shrink,1,1
BIS-UNI-2264,Unibic Butter Cookies (Snack Cookies),Unibic,Unibic Foods,Biscuits & Bakery,Snack Cookies,0,Standard / Non-LUP,Mono Carton Box,155.8,155.8,150.0,150.0,g,103.87,103.87,0.0,0.0,0.0,0.0,0.0,0.0,0.0,0.0,0.0,Q4: Stable / Fair Value,Q4_Stable_Fair,0,0
BIS-UNI-2326,Unibic Butter Cookies (Gourmet Cookies),Unibic,Unibic Foods,Biscuits & Bakery,Gourmet Cookies,0,Standard / Non-LUP,Stand-up Spout Pouch,158.7,158.7,400.0,291.2,g,39.67,54.5,0.0,-27.2,37.38,0.3176,0.0,-0.3175,0.9995,0.0,0.7276,"Q2: Silent Shrinkflation (Weight Down, Price Flat)",Q2_Silent_Shrink,1,1
BIS-UNI-2330,Unibic Butter Cookies (Snack Cookies),Unibic,Unibic Foods,Biscuits & Bakery,Snack Cookies,0,Standard / Non-LUP,HDPE Plastic Bottle,141.0,160.7,400.0,338.4,g,35.25,47.49,13.97,-15.4,34.72,0.2981,0.1308,-0.1672,0.5611,0.4388,0.4435,Q3: Double Whammy (Price Up + Weight Down),Q3_Double_Whammy,1,1
BIS-UNI-2332,Unibic Butter Cookies (Gourmet Cookies),Unibic,Unibic Foods,Biscuits & Bakery,Gourmet Cookies,0,Standard / Non-LUP,Paper Wrapper,88.3,114.0,100.0,88.4,g,88.3,128.96,29.11,-11.6,46.05,0.3788,0.2555,-0.1233,0.3255,0.6745,0.2519,Q3: Double Whammy (Price Up + Weight Down),Q3_Double_Whammy,1,1
COO-AAS-1027,Aashirvaad Select Atta (Refined Salt),Aashirvaad,ITC Limited,Cooking Staples & Condiments,Refined Salt,0,Standard / Non-LUP,Mono Carton Box,176.4,180.0,500.0,500.0,g,35.28,36.0,2.04,0.0,2.04,0.0202,0.0202,0.0,0.0,1.0,0.0,Q4: Stable / Fair Value,Q4_Stable_Fair,0,0
COO-AAS-1068,Aashirvaad Shudh Chakki Atta (Whole Wheat Atta),Aashirvaad,ITC Limited,Cooking Staples & Condiments,Whole Wheat Atta,0,Standard / Non-LUP,Poly Bag,58.8,80.0,2000.0,2000.0,g,2.94,4.0,36.05,0.0,36.05,0.3079,0.3079,0.0,0.0,1.0,0.0,"Q1: Overt Inflation (Price Up, Weight Flat)",Q1_Overt_Inflation,0,0
COO-AAS-1121,Aashirvaad Salt (Whole Wheat Atta),Aashirvaad,ITC Limited,Cooking Staples & Condiments,Whole Wheat Atta,0,Standard / Non-LUP,Paper Wrapper,28.0,28.0,1000.0,1000.0,g,2.8,2.8,0.0,0.0,0.0,0.0,0.0,0.0,0.0,0.0,0.0,Q4: Stable / Fair Value,Q4_Stable_Fair,0,0
COO-AAS-1163,Aashirvaad Select Atta (Refined Salt),Aashirvaad,ITC Limited,Cooking Staples & Condiments,Refined Salt,0,Standard / Non-LUP,Paper Wrapper,134.4,168.2,5000.0,5000.0,g,2.69,3.36,25.15,0.0,24.91,0.2224,0.2243,0.0,0.0,1.0,0.0,"Q1: Overt Inflation (Price Up, Weight Flat)",Q1_Overt_Inflation,0,0
COO-AAS-1180,Aashirvaad Select Atta (Refined Salt),Aashirvaad,ITC Limited,Cooking Staples & Condiments,Refined Salt,0,Standard / Non-LUP,LDPE Pouch,176.4,226.4,5000.0,5000.0,g,3.53,4.53,28.34,0.0,28.33,0.2494,0.2495,0.0,0.0,1.0,0.0,"Q1: Overt Inflation (Price Up, Weight Flat)",Q1_Overt_Inflation,0,0
COO-AAS-1183,Aashirvaad Select Atta (Whole Wheat Atta),Aashirvaad,ITC Limited,Cooking Staples & Condiments,Whole Wheat Atta,0,Standard / Non-LUP,Poly Bag,60.0,75.5,5000.0,5000.0,g,1.2,1.51,25.83,0.0,25.83,0.2298,0.2298,0.0,0.0,1.0,0.0,"Q1: Overt Inflation (Price Up, Weight Flat)",Q1_Overt_Inflation,0,0
COO-AAS-1207,Aashirvaad Select Atta (Whole Wheat Atta),Aashirvaad,ITC Limited,Cooking Staples & Condiments,Whole Wheat Atta,0,Standard / Non-LUP,Stand-up Spout Pouch,210.0,260.0,1000.0,1000.0,g,21.0,26.0,23.81,0.0,23.81,0.2136,0.2136,0.0,0.0,1.0,0.0,"Q1: Overt Inflation (Price Up, Weight Flat)",Q1_Overt_Inflation,0,0
COO-AAS-1245,Aashirvaad Select Atta (Refined Salt),Aashirvaad,ITC Limited,Cooking Staples & Condiments,Refined Salt,0,Standard / Non-LUP,LDPE Pouch,230.4,235.2,5000.0,5000.0,g,4.61,4.7,2.08,0.0,1.95,0.0193,0.0206,0.0,0.0,1.0,0.0,Q4: Stable / Fair Value,Q4_Stable_Fair,0,0
COO-AAS-1255,Aashirvaad Shudh Chakki Atta (Refined Salt),Aashirvaad,ITC Limited,Cooking Staples & Condiments,Refined Salt,0,Standard / Non-LUP,Stand-up Spout Pouch,28.0,35.3,500.0,500.0,g,5.6,7.06,26.07,0.0,26.07,0.2317,0.2317,0.0,0.0,1.0,0.0,"Q1: Overt Inflation (Price Up, Weight Flat)",Q1_Overt_Inflation,0,0
COO-AAS-1271,Aashirvaad Select Atta (Whole Wheat Atta),Aashirvaad,ITC Limited,Cooking Staples & Condiments,Whole Wheat Atta,0,Standard / Non-LUP,Flexible Pillow Pouch,201.6,258.7,5000.0,5000.0,g,4.03,5.17,28.32,0.0,28.29,0.2491,0.2494,0.0,0.0,1.0,0.0,"Q1: Overt Inflation (Price Up, Weight Flat)",Q1_Overt_Inflation,0,0
COO-AAS-1361,Aashirvaad Salt (Refined Salt),Aashirvaad,ITC Limited,Cooking Staples & Condiments,Refined Salt,0,Standard / Non-LUP,Flow Wrap,201.6,243.8,500.0,500.0,g,40.32,48.76,20.93,0.0,20.93,0.1901,0.1901,0.0,0.0,1.0,0.0,"Q1: Overt Inflation (Price Up, Weight Flat)",Q1_Overt_Inflation,0,0
COO-AAS-1500,Aashirvaad Select Atta (Refined Salt),Aashirvaad,ITC Limited,Cooking Staples & Condiments,Refined Salt,0,Standard / Non-LUP,Flow Wrap,28.0,36.3,500.0,500.0,g,5.6,7.26,29.64,0.0,29.64,0.2596,0.2596,0.0,0.0,1.0,0.0,"Q1: Overt Inflation (Price Up, Weight Flat)",Q1_Overt_Inflation,0,0
COO-AAS-1507,Aashirvaad Select Atta (Whole Wheat Atta),Aashirvaad,ITC Limited,Cooking Staples & Condiments,Whole Wheat Atta,0,Standard / Non-LUP,Mono Carton Box,240.0,275.4,5000.0,5000.0,g,4.8,5.51,14.75,0.0,14.79,0.1379,0.1376,0.0,0.0,0.9974,0.0,"Q1: Overt Inflation (Price Up, Weight Flat)",Q1_Overt_Inflation,0,0
COO-AAS-1513,Aashirvaad Select Atta (Whole Wheat Atta),Aashirvaad,ITC Limited,Cooking Staples & Condiments,Whole Wheat Atta,0,Standard / Non-LUP,Paper Wrapper,137.2,174.0,2000.0,2000.0,g,6.86,8.7,26.82,0.0,26.82,0.2376,0.2376,0.0,0.0,1.0,0.0,"Q1: Overt Inflation (Price Up, Weight Flat)",Q1_Overt_Inflation,0,0
COO-AAS-1527,Aashirvaad Shudh Chakki Atta (Whole Wheat Atta),Aashirvaad,ITC Limited,Cooking Staples & Condiments,Whole Wheat Atta,0,Standard / Non-LUP,Stand-up Spout Pouch,22.0,22.0,500.0,372.4,g,4.4,5.91,0.0,-25.52,34.32,0.295,0.0,-0.2946,0.9986,0.0,0.7436,"Q2: Silent Shrinkflation (Weight Down, Price Flat)",Q2_Silent_Shrink,1,1
COO-AAS-1543,Aashirvaad Select Atta (Refined Salt),Aashirvaad,ITC Limited,Cooking Staples & Condiments,Refined Salt,0,Standard / Non-LUP,Poly Bag,240.0,303.8,1000.0,1000.0,g,24.0,30.38,26.58,0.0,26.58,0.2357,0.2357,0.0,0.0,1.0,0.0,"Q1: Overt Inflation (Price Up, Weight Flat)",Q1_Overt_Inflation,0,0
COO-AAS-1546,Aashirvaad Salt (Whole Wheat Atta),Aashirvaad,ITC Limited,Cooking Staples & Condiments,Whole Wheat Atta,0,Standard / Non-LUP,LDPE Pouch,228.0,301.4,2000.0,2000.0,g,11.4,15.07,32.19,0.0,32.19,0.2791,0.2791,0.0,0.0,1.0,0.0,"Q1: Overt Inflation (Price Up, Weight Flat)",Q1_Overt_Inflation,0,0
COO-AAS-1611,Aashirvaad Select Atta (Whole Wheat Atta),Aashirvaad,ITC Limited,Cooking Staples & Condiments,Whole Wheat Atta,0,Standard / Non-LUP,HDPE Plastic Bottle,58.8,76.4,2000.0,2000.0,g,2.94,3.82,29.93,0.0,29.93,0.2618,0.2618,0.0,0.0,1.0,0.0,"Q1: Overt Inflation (Price Up, Weight Flat)",Q1_Overt_Inflation,0,0
COO-AAS-1725,Aashirvaad Select Atta (Refined Salt),Aashirvaad,ITC Limited,Cooking Staples & Condiments,Refined Salt,0,Standard / Non-LUP,Stand-up Spout Pouch,57.6,71.5,1000.0,1000.0,g,5.76,7.15,24.13,0.0,24.13,0.2162,0.2162,0.0,0.0,1.0,0.0,"Q1: Overt Inflation (Price Up, Weight Flat)",Q1_Overt_Inflation,0,0
COO-AAS-1757,Aashirvaad Select Atta (Refined Salt),Aashirvaad,ITC Limited,Cooking Staples & Condiments,Refined Salt,0,Standard / Non-LUP,HDPE Plastic Bottle,201.6,264.0,500.0,500.0,g,40.32,52.8,30.95,0.0,30.95,0.2697,0.2697,0.0,0.0,1.0,0.0,"Q1: Overt Inflation (Price Up, Weight Flat)",Q1_Overt_Inflation,0,0
COO-AAS-1776,Aashirvaad Select Atta (Whole Wheat Atta),Aashirvaad,ITC Limited,Cooking Staples & Condiments,Whole Wheat Atta,0,Standard / Non-LUP,Paper Wrapper,22.0,27.0,1000.0,1000.0,g,2.2,2.7,22.73,0.0,22.73,0.2048,0.2048,0.0,0.0,1.0,0.0,"Q1: Overt Inflation (Price Up, Weight Flat)",Q1_Overt_Inflation,0,0
COO-AAS-1923,Aashirvaad Select Atta (Whole Wheat Atta),Aashirvaad,ITC Limited,Cooking Staples & Condiments,Whole Wheat Atta,0,Standard / Non-LUP,Flow Wrap,57.6,78.0,1000.0,1000.0,g,5.76,7.8,35.42,0.0,35.42,0.3032,0.3032,0.0,0.0,1.0,0.0,"Q1: Overt Inflation (Price Up, Weight Flat)",Q1_Overt_Inflation,0,0
COO-AAS-2138,Aashirvaad Shudh Chakki Atta (Refined Salt),Aashirvaad,ITC Limited,Cooking Staples & Condiments,Refined Salt,0,Standard / Non-LUP,Paper Wrapper,199.5,259.7,500.0,500.0,g,39.9,51.94,30.18,0.0,30.18,0.2637,0.2637,0.0,0.0,1.0,0.0,"Q1: Overt Inflation (Price Up, Weight Flat)",Q1_Overt_Inflation,0,0
COO-AAS-2173,Aashirvaad Select Atta (Whole Wheat Atta),Aashirvaad,ITC Limited,Cooking Staples & Condiments,Whole Wheat Atta,0,Standard / Non-LUP,Stand-up Spout Pouch,176.4,222.5,1000.0,1000.0,g,17.64,22.25,26.13,0.0,26.13,0.2322,0.2322,0.0,0.0,1.0,0.0,"Q1: Overt Inflation (Price Up, Weight Flat)",Q1_Overt_Inflation,0,0
COO-AAS-2242,Aashirvaad Salt (Refined Salt),Aashirvaad,ITC Limited,Cooking Staples & Condiments,Refined Salt,0,Standard / Non-LUP,LDPE Pouch,22.0,28.0,500.0,500.0,g,4.4,5.6,27.27,0.0,27.27,0.2412,0.2412,0.0,0.0,1.0,0.0,"Q1: Overt Inflation (Price Up, Weight Flat)",Q1_Overt_Inflation,0,0
COO-AAS-2320,Aashirvaad Select Atta (Whole Wheat Atta),Aashirvaad,ITC Limited,Cooking Staples & Condiments,Whole Wheat Atta,0,Standard / Non-LUP,Flow Wrap,28.0,33.6,2000.0,2000.0,g,1.4,1.68,20.0,0.0,20.0,0.1823,0.1823,0.0,0.0,1.0,0.0,"Q1: Overt Inflation (Price Up, Weight Flat)",Q1_Overt_Inflation,0,0
COO-AAS-2368,Aashirvaad Shudh Chakki Atta (Whole Wheat Atta),Aashirvaad,ITC Limited,Cooking Staples & Condiments,Whole Wheat Atta,0,Standard / Non-LUP,Paper Wrapper,140.0,133.0,1000.0,795.2,g,14.0,16.73,-5.0,-20.48,19.5,0.1781,-0.0513,-0.2292,1.0,0.0,1.0,"Q2: Silent Shrinkflation (Weight Down, Price Flat)",Q2_Silent_Shrink,1,1
COO-AAS-2395,Aashirvaad Salt (Refined Salt),Aashirvaad,ITC Limited,Cooking Staples & Condiments,Refined Salt,0,Standard / Non-LUP,Nitrogen Flushed Foil Pouch,240.0,228.0,500.0,500.0,g,48.0,45.6,-5.0,0.0,-5.0,-0.0513,-0.0513,0.0,0.0,0.0,0.0,Q4: Stable / Fair Value,Q4_Stable_Fair,0,0
COO-DAB-1196,Dabur Hommade Ginger Garlic Paste (Cooking Pastes),Dabur,Dabur India,Cooking Staples & Condiments,Cooking Pastes,1,₹5 Pack,Mono Carton Box,5.0,5.0,25.0,17.8,g,20.0,28.09,0.0,-28.8,40.45,0.3397,0.0,-0.3397,1.0,0.0,0.712,"Q2: Silent Shrinkflation (Weight Down, Price Flat)",Q2_Silent_Shrink,1,1
COO-DAB-1267,Dabur 100% Pure Honey (Honey),Dabur,Dabur India,Cooking Staples & Condiments,Honey,0,Standard / Non-LUP,Flow Wrap,140.0,172.8,2000.0,2000.0,g,7.0,8.64,23.43,0.0,23.43,0.2105,0.2105,0.0,0.0,1.0,0.0,"Q1: Overt Inflation (Price Up, Weight Flat)",Q1_Overt_Inflation,0,0
COO-DAB-1528,Dabur 100% Pure Honey (Honey),Dabur,Dabur India,Cooking Staples & Condiments,Honey,0,Standard / Non-LUP,HDPE Plastic Bottle,140.0,167.6,5000.0,5000.0,g,2.8,3.35,19.71,0.0,19.64,0.1793,0.1799,0.0,0.0,1.0,0.0,"Q1: Overt Inflation (Price Up, Weight Flat)",Q1_Overt_Inflation,0,0
COO-DAB-1538,Dabur 100% Pure Honey (Cooking Pastes),Dabur,Dabur India,Cooking Staples & Condiments,Cooking Pastes,0,Standard / Non-LUP,Mono Carton Box,140.0,180.3,5000.0,5000.0,g,2.8,3.61,28.79,0.0,28.93,0.2541,0.253,0.0,0.0,0.9956,0.0,"Q1: Overt Inflation (Price Up, Weight Flat)",Q1_Overt_Inflation,0,0
COO-DAB-1545,Dabur 100% Pure Honey (Cooking Pastes),Dabur,Dabur India,Cooking Staples & Condiments,Cooking Pastes,0,Standard / Non-LUP,Flow Wrap,22.0,28.0,5000.0,5000.0,g,0.44,0.56,27.27,0.0,27.27,0.2412,0.2412,0.0,0.0,1.0,0.0,"Q1: Overt Inflation (Price Up, Weight Flat)",Q1_Overt_Inflation,0,0
COO-DAB-1553,Dabur Hommade Ginger Garlic Paste (Honey),Dabur,Dabur India,Cooking Staples & Condiments,Honey,0,Standard / Non-LUP,Poly Bag,180.0,211.8,5000.0,5000.0,g,3.6,4.24,17.67,0.0,17.78,0.1636,0.1627,0.0,0.0,0.9942,0.0,"Q1: Overt Inflation (Price Up, Weight Flat)",Q1_Overt_Inflation,0,0
COO-DAB-1675,Dabur Hommade Ginger Garlic Paste (Honey),Dabur,Dabur India,Cooking Staples & Condiments,Honey,0,Standard / Non-LUP,Flow Wrap,140.0,162.4,2000.0,2000.0,g,7.0,8.12,16.0,0.0,16.0,0.1484,0.1484,0.0,0.0,1.0,0.0,"Q1: Overt Inflation (Price Up, Weight Flat)",Q1_Overt_Inflation,0,0
COO-DAB-1733,Dabur Hommade Ginger Garlic Paste (Cooking Pastes),Dabur,Dabur India,Cooking Staples & Condiments,Cooking Pastes,1,₹20 Pack,Poly Bag,20.0,20.0,75.0,61.0,g,26.67,32.79,0.0,-18.67,22.95,0.2066,0.0,-0.2066,1.0,0.0,0.8135,"Q2: Silent Shrinkflation (Weight Down, Price Flat)",Q2_Silent_Shrink,1,1
COO-DAB-1793,Dabur Hommade Ginger Garlic Paste (Cooking Pastes),Dabur,Dabur India,Cooking Staples & Condiments,Cooking Pastes,0,Standard / Non-LUP,Paper Wrapper,235.2,287.1,2000.0,2000.0,g,11.76,14.36,22.07,0.0,22.11,0.1997,0.1994,0.0,0.0,0.9983,0.0,"Q1: Overt Inflation (Price Up, Weight Flat)",Q1_Overt_Inflation,0,0
COO-DAB-1809,Dabur Hommade Ginger Garlic Paste (Cooking Pastes),Dabur,Dabur India,Cooking Staples & Condiments,Cooking Pastes,0,Standard / Non-LUP,Poly Bag,28.0,35.0,2000.0,2000.0,g,1.4,1.75,25.0,0.0,25.0,0.2231,0.2231,0.0,0.0,1.0,0.0,"Q1: Overt Inflation (Price Up, Weight Flat)",Q1_Overt_Inflation,0,0
COO-DAB-1820,Dabur 100% Pure Honey (Cooking Pastes),Dabur,Dabur India,Cooking Staples & Condiments,Cooking Pastes,0,Standard / Non-LUP,HDPE Plastic Bottle,180.0,180.0,500.0,500.0,g,36.0,36.0,0.0,0.0,0.0,0.0,0.0,0.0,0.0,0.0,0.0,Q4: Stable / Fair Value,Q4_Stable_Fair,0,0
COO-DAB-1833,Dabur 100% Pure Honey (Cooking Pastes),Dabur,Dabur India,Cooking Staples & Condiments,Cooking Pastes,0,Standard / Non-LUP,Paper Wrapper,205.8,201.6,500.0,500.0,g,41.16,40.32,-2.04,0.0,-2.04,-0.0206,-0.0206,0.0,0.0,0.0,0.0,Q4: Stable / Fair Value,Q4_Stable_Fair,0,0
COO-DAB-1957,Dabur 100% Pure Honey (Cooking Pastes),Dabur,Dabur India,Cooking Staples & Condiments,Cooking Pastes,1,₹10 Pack,HDPE Plastic Bottle,10.0,10.0,35.0,26.0,g,28.57,38.46,0.0,-25.71,34.62,0.2973,0.0,-0.2973,1.0,0.0,0.7428,"Q2: Silent Shrinkflation (Weight Down, Price Flat)",Q2_Silent_Shrink,1,1
COO-DAB-1978,Dabur Hommade Ginger Garlic Paste (Cooking Pastes),Dabur,Dabur India,Cooking Staples & Condiments,Cooking Pastes,0,Standard / Non-LUP,Stand-up Spout Pouch,60.0,60.0,1000.0,1000.0,g,6.0,6.0,0.0,0.0,0.0,0.0,0.0,0.0,0.0,0.0,0.0,Q4: Stable / Fair Value,Q4_Stable_Fair,0,0
COO-DAB-2158,Dabur 100% Pure Honey (Cooking Pastes),Dabur,Dabur India,Cooking Staples & Condiments,Cooking Pastes,0,Standard / Non-LUP,LDPE Pouch,58.8,73.0,1000.0,1000.0,g,5.88,7.3,24.15,0.0,24.15,0.2163,0.2163,0.0,0.0,1.0,0.0,"Q1: Overt Inflation (Price Up, Weight Flat)",Q1_Overt_Inflation,0,0
COO-DAB-2205,Dabur Hommade Ginger Garlic Paste (Honey),Dabur,Dabur India,Cooking Staples & Condiments,Honey,0,Standard / Non-LUP,Poly Bag,28.0,32.6,500.0,500.0,g,5.6,6.52,16.43,0.0,16.43,0.1521,0.1521,0.0,0.0,1.0,0.0,"Q1: Overt Inflation (Price Up, Weight Flat)",Q1_Overt_Inflation,0,0
COO-DAB-2231,Dabur 100% Pure Honey (Honey),Dabur,Dabur India,Cooking Staples & Condiments,Honey,0,Standard / Non-LUP,Stand-up Spout Pouch,240.0,228.0,500.0,500.0,g,48.0,45.6,-5.0,0.0,-5.0,-0.0513,-0.0513,0.0,0.0,0.0,0.0,Q4: Stable / Fair Value,Q4_Stable_Fair,0,0
COO-DAB-2369,Dabur Hommade Ginger Garlic Paste (Cooking Pastes),Dabur,Dabur India,Cooking Staples & Condiments,Cooking Pastes,0,Standard / Non-LUP,Poly Bag,171.0,232.0,5000.0,5000.0,g,3.42,4.64,35.67,0.0,35.67,0.3051,0.3051,0.0,0.0,1.0,0.0,"Q1: Overt Inflation (Price Up, Weight Flat)",Q1_Overt_Inflation,0,0
COO-FOR-1018,Fortune Soyabean Oil (Edible Cooking Oils),Fortune,Adani Wilmar,Cooking Staples & Condiments,Edible Cooking Oils,0,Standard / Non-LUP,HDPE Plastic Bottle,176.4,228.5,1000.0,883.6,ml,17.64,25.86,29.54,-11.64,46.6,0.3825,0.2588,-0.1238,0.3235,0.6765,0.2498,Q3: Double Whammy (Price Up + Weight Down),Q3_Double_Whammy,1,1
COO-FOR-1026,Fortune Kachi Ghani Mustard Oil (Edible Cooking Oils),Fortune,Adani Wilmar,Cooking Staples & Condiments,Edible Cooking Oils,0,Standard / Non-LUP,Mono Carton Box,57.6,57.6,2000.0,1489.0,ml,2.88,3.87,0.0,-25.55,34.38,0.2955,0.0,-0.295,0.9986,0.0,0.7433,"Q2: Silent Shrinkflation (Weight Down, Price Flat)",Q2_Silent_Shrink,1,1
COO-FOR-1071,Fortune Soyabean Oil (Edible Cooking Oils),Fortune,Adani Wilmar,Cooking Staples & Condiments,Edible Cooking Oils,0,Standard / Non-LUP,Flexible Pillow Pouch,201.6,264.0,1000.0,1000.0,ml,20.16,26.4,30.95,0.0,30.95,0.2697,0.2697,0.0,0.0,1.0,0.0,"Q1: Overt Inflation (Price Up, Weight Flat)",Q1_Overt_Inflation,0,0
COO-FOR-1114,Fortune Kachi Ghani Mustard Oil (Edible Cooking Oils),Fortune,Adani Wilmar,Cooking Staples & Condiments,Edible Cooking Oils,0,Standard / Non-LUP,Mono Carton Box,140.0,170.0,2000.0,2000.0,ml,7.0,8.5,21.43,0.0,21.43,0.1942,0.1942,0.0,0.0,1.0,0.0,"Q1: Overt Inflation (Price Up, Weight Flat)",Q1_Overt_Inflation,0,0
COO-FOR-1125,Fortune Kachi Ghani Mustard Oil (Edible Cooking Oils),Fortune,Adani Wilmar,Cooking Staples & Condiments,Edible Cooking Oils,0,Standard / Non-LUP,LDPE Pouch,171.0,180.0,500.0,500.0,ml,34.2,36.0,5.26,0.0,5.26,0.0513,0.0513,0.0,0.0,1.0,0.0,"Q1: Overt Inflation (Price Up, Weight Flat)",Q1_Overt_Inflation,0,0
COO-FOR-1184,Fortune Kachi Ghani Mustard Oil (Edible Cooking Oils),Fortune,Adani Wilmar,Cooking Staples & Condiments,Edible Cooking Oils,0,Standard / Non-LUP,Flexible Pillow Pouch,230.4,240.0,500.0,500.0,ml,46.08,48.0,4.17,0.0,4.17,0.0408,0.0408,0.0,0.0,1.0,0.0,"Q1: Overt Inflation (Price Up, Weight Flat)",Q1_Overt_Inflation,0,0
COO-FOR-1233,Fortune Soyabean Oil (Edible Cooking Oils),Fortune,Adani Wilmar,Cooking Staples & Condiments,Edible Cooking Oils,0,Standard / Non-LUP,HDPE Plastic Bottle,133.0,172.5,500.0,500.0,ml,26.6,34.5,29.7,0.0,29.7,0.26,0.26,0.0,0.0,1.0,0.0,"Q1: Overt Inflation (Price Up, Weight Flat)",Q1_Overt_Inflation,0,0
COO-FOR-1240,Fortune Sunlite Sunflower Oil (Edible Cooking Oils),Fortune,Adani Wilmar,Cooking Staples & Condiments,Edible Cooking Oils,0,Standard / Non-LUP,Stand-up Spout Pouch,58.8,75.0,1000.0,1000.0,ml,5.88,7.5,27.55,0.0,27.55,0.2433,0.2433,0.0,0.0,1.0,0.0,"Q1: Overt Inflation (Price Up, Weight Flat)",Q1_Overt_Inflation,0,0
COO-FOR-1250,Fortune Kachi Ghani Mustard Oil (Edible Cooking Oils),Fortune,Adani Wilmar,Cooking Staples & Condiments,Edible Cooking Oils,0,Standard / Non-LUP,HDPE Plastic Bottle,230.4,228.0,2000.0,2000.0,ml,11.52,11.4,-1.04,0.0,-1.04,-0.0105,-0.0105,0.0,0.0,0.0,0.0,Q4: Stable / Fair Value,Q4_Stable_Fair,0,0
COO-FOR-1262,Fortune Kachi Ghani Mustard Oil (Edible Cooking Oils),Fortune,Adani Wilmar,Cooking Staples & Condiments,Edible Cooking Oils,0,Standard / Non-LUP,Paper Wrapper,60.0,67.2,1000.0,846.0,ml,6.0,7.94,12.0,-15.4,32.33,0.2802,0.1133,-0.1672,0.5969,0.4045,0.4763,Q3: Double Whammy (Price Up + Weight Down),Q3_Double_Whammy,1,1
COO-FOR-1340,Fortune Sunlite Sunflower Oil (Edible Cooking Oils),Fortune,Adani Wilmar,Cooking Staples & Condiments,Edible Cooking Oils,0,Standard / Non-LUP,Flow Wrap,171.0,172.8,5000.0,5000.0,ml,3.42,3.46,1.05,0.0,1.17,0.0116,0.0105,0.0,0.0,0.9005,0.0,Q4: Stable / Fair Value,Q4_Stable_Fair,0,0
COO-FOR-1591,Fortune Sunlite Sunflower Oil (Edible Cooking Oils),Fortune,Adani Wilmar,Cooking Staples & Condiments,Edible Cooking Oils,0,Standard / Non-LUP,Poly Bag,137.2,175.7,1000.0,1000.0,ml,13.72,17.57,28.06,0.0,28.06,0.2473,0.2473,0.0,0.0,1.0,0.0,"Q1: Overt Inflation (Price Up, Weight Flat)",Q1_Overt_Inflation,0,0
COO-FOR-1599,Fortune Kachi Ghani Mustard Oil (Edible Cooking Oils),Fortune,Adani Wilmar,Cooking Staples & Condiments,Edible Cooking Oils,0,Standard / Non-LUP,Mono Carton Box,240.0,240.0,500.0,500.0,ml,48.0,48.0,0.0,0.0,0.0,0.0,0.0,0.0,0.0,0.0,0.0,Q4: Stable / Fair Value,Q4_Stable_Fair,0,0
COO-FOR-1620,Fortune Soyabean Oil (Edible Cooking Oils),Fortune,Adani Wilmar,Cooking Staples & Condiments,Edible Cooking Oils,0,Standard / Non-LUP,Stand-up Spout Pouch,201.6,265.0,5000.0,5000.0,ml,4.03,5.3,31.45,0.0,31.51,0.2739,0.2734,0.0,0.0,0.9982,0.0,"Q1: Overt Inflation (Price Up, Weight Flat)",Q1_Overt_Inflation,0,0
COO-FOR-1668,Fortune Kachi Ghani Mustard Oil (Edible Cooking Oils),Fortune,Adani Wilmar,Cooking Staples & Condiments,Edible Cooking Oils,0,Standard / Non-LUP,LDPE Pouch,28.0,32.3,1000.0,1000.0,ml,2.8,3.23,15.36,0.0,15.36,0.1429,0.1429,0.0,0.0,1.0,0.0,"Q1: Overt Inflation (Price Up, Weight Flat)",Q1_Overt_Inflation,0,0
COO-FOR-1686,Fortune Sunlite Sunflower Oil (Edible Cooking Oils),Fortune,Adani Wilmar,Cooking Staples & Condiments,Edible Cooking Oils,0,Standard / Non-LUP,HDPE Plastic Bottle,28.0,33.3,500.0,500.0,ml,5.6,6.66,18.93,0.0,18.93,0.1734,0.1734,0.0,0.0,1.0,0.0,"Q1: Overt Inflation (Price Up, Weight Flat)",Q1_Overt_Inflation,0,0
COO-FOR-1692,Fortune Kachi Ghani Mustard Oil (Edible Cooking Oils),Fortune,Adani Wilmar,Cooking Staples & Condiments,Edible Cooking Oils,0,Standard / Non-LUP,Nitrogen Flushed Foil Pouch,58.8,72.0,5000.0,5000.0,ml,1.18,1.44,22.45,0.0,22.03,0.1991,0.2025,0.0,0.0,1.0,0.0,"Q1: Overt Inflation (Price Up, Weight Flat)",Q1_Overt_Inflation,0,0
COO-FOR-1695,Fortune Kachi Ghani Mustard Oil (Edible Cooking Oils),Fortune,Adani Wilmar,Cooking Staples & Condiments,Edible Cooking Oils,0,Standard / Non-LUP,Flow Wrap,171.0,231.0,1000.0,1000.0,ml,17.1,23.1,35.09,0.0,35.09,0.3008,0.3008,0.0,0.0,1.0,0.0,"Q1: Overt Inflation (Price Up, Weight Flat)",Q1_Overt_Inflation,0,0
COO-FOR-1721,Fortune Sunlite Sunflower Oil (Edible Cooking Oils),Fortune,Adani Wilmar,Cooking Staples & Condiments,Edible Cooking Oils,0,Standard / Non-LUP,Paper Wrapper,60.0,67.5,500.0,500.0,ml,12.0,13.5,12.5,0.0,12.5,0.1178,0.1178,0.0,0.0,1.0,0.0,"Q1: Overt Inflation (Price Up, Weight Flat)",Q1_Overt_Inflation,0,0
COO-FOR-1773,Fortune Sunlite Sunflower Oil (Edible Cooking Oils),Fortune,Adani Wilmar,Cooking Staples & Condiments,Edible Cooking Oils,0,Standard / Non-LUP,Nitrogen Flushed Foil Pouch,171.0,223.4,500.0,500.0,ml,34.2,44.68,30.64,0.0,30.64,0.2673,0.2673,0.0,0.0,1.0,0.0,"Q1: Overt Inflation (Price Up, Weight Flat)",Q1_Overt_Inflation,0,0
COO-FOR-1850,Fortune Soyabean Oil (Edible Cooking Oils),Fortune,Adani Wilmar,Cooking Staples & Condiments,Edible Cooking Oils,0,Standard / Non-LUP,Stand-up Spout Pouch,22.0,26.0,5000.0,5000.0,ml,0.44,0.52,18.18,0.0,18.18,0.1671,0.1671,0.0,0.0,1.0,0.0,"Q1: Overt Inflation (Price Up, Weight Flat)",Q1_Overt_Inflation,0,0
COO-FOR-1851,Fortune Kachi Ghani Mustard Oil (Edible Cooking Oils),Fortune,Adani Wilmar,Cooking Staples & Condiments,Edible Cooking Oils,0,Standard / Non-LUP,Flexible Pillow Pouch,176.4,230.3,500.0,500.0,ml,35.28,46.06,30.56,0.0,30.56,0.2666,0.2666,0.0,0.0,1.0,0.0,"Q1: Overt Inflation (Price Up, Weight Flat)",Q1_Overt_Inflation,0,0
COO-FOR-1879,Fortune Kachi Ghani Mustard Oil (Edible Cooking Oils),Fortune,Adani Wilmar,Cooking Staples & Condiments,Edible Cooking Oils,0,Standard / Non-LUP,Flow Wrap,201.6,252.7,5000.0,5000.0,ml,4.03,5.05,25.35,0.0,25.31,0.2256,0.2259,0.0,0.0,1.0,0.0,"Q1: Overt Inflation (Price Up, Weight Flat)",Q1_Overt_Inflation,0,0
COO-FOR-1901,Fortune Soyabean Oil (Edible Cooking Oils),Fortune,Adani Wilmar,Cooking Staples & Condiments,Edible Cooking Oils,0,Standard / Non-LUP,Flow Wrap,201.6,240.0,1000.0,1000.0,ml,20.16,24.0,19.05,0.0,19.05,0.1744,0.1744,0.0,0.0,1.0,0.0,"Q1: Overt Inflation (Price Up, Weight Flat)",Q1_Overt_Inflation,0,0
COO-FOR-1954,Fortune Kachi Ghani Mustard Oil (Edible Cooking Oils),Fortune,Adani Wilmar,Cooking Staples & Condiments,Edible Cooking Oils,0,Standard / Non-LUP,Flexible Pillow Pouch,230.4,307.7,2000.0,2000.0,ml,11.52,15.38,33.55,0.0,33.51,0.289,0.2893,0.0,0.0,1.0,0.0,"Q1: Overt Inflation (Price Up, Weight Flat)",Q1_Overt_Inflation,0,0
COO-FOR-1999,Fortune Soyabean Oil (Edible Cooking Oils),Fortune,Adani Wilmar,Cooking Staples & Condiments,Edible Cooking Oils,0,Standard / Non-LUP,Flow Wrap,205.8,251.0,1000.0,1000.0,ml,20.58,25.1,21.96,0.0,21.96,0.1985,0.1985,0.0,0.0,1.0,0.0,"Q1: Overt Inflation (Price Up, Weight Flat)",Q1_Overt_Inflation,0,0
COO-FOR-2011,Fortune Kachi Ghani Mustard Oil (Edible Cooking Oils),Fortune,Adani Wilmar,Cooking Staples & Condiments,Edible Cooking Oils,0,Standard / Non-LUP,Nitrogen Flushed Foil Pouch,133.0,168.2,500.0,500.0,ml,26.6,33.64,26.47,0.0,26.47,0.2348,0.2348,0.0,0.0,1.0,0.0,"Q1: Overt Inflation (Price Up, Weight Flat)",Q1_Overt_Inflation,0,0
COO-FOR-2062,Fortune Sunlite Sunflower Oil (Edible Cooking Oils),Fortune,Adani Wilmar,Cooking Staples & Condiments,Edible Cooking Oils,0,Standard / Non-LUP,Paper Wrapper,28.0,34.6,500.0,500.0,ml,5.6,6.92,23.57,0.0,23.57,0.2116,0.2116,0.0,0.0,1.0,0.0,"Q1: Overt Inflation (Price Up, Weight Flat)",Q1_Overt_Inflation,0,0
COO-FOR-2144,Fortune Kachi Ghani Mustard Oil (Edible Cooking Oils),Fortune,Adani Wilmar,Cooking Staples & Condiments,Edible Cooking Oils,0,Standard / Non-LUP,Flow Wrap,210.0,260.3,1000.0,1000.0,ml,21.0,26.03,23.95,0.0,23.95,0.2147,0.2147,0.0,0.0,1.0,0.0,"Q1: Overt Inflation (Price Up, Weight Flat)",Q1_Overt_Inflation,0,0
COO-FOR-2218,Fortune Sunlite Sunflower Oil (Edible Cooking Oils),Fortune,Adani Wilmar,Cooking Staples & Condiments,Edible Cooking Oils,0,Standard / Non-LUP,Paper Wrapper,201.6,269.8,2000.0,2000.0,ml,10.08,13.49,33.83,0.0,33.83,0.2914,0.2914,0.0,0.0,1.0,0.0,"Q1: Overt Inflation (Price Up, Weight Flat)",Q1_Overt_Inflation,0,0
COO-FOR-2319,Fortune Sunlite Sunflower Oil (Edible Cooking Oils),Fortune,Adani Wilmar,Cooking Staples & Condiments,Edible Cooking Oils,0,Standard / Non-LUP,Stand-up Spout Pouch,140.0,134.4,5000.0,3978.1,ml,2.8,3.38,-4.0,-20.44,20.71,0.1883,-0.0408,-0.2286,1.0,0.0,0.9867,"Q2: Silent Shrinkflation (Weight Down, Price Flat)",Q2_Silent_Shrink,1,1
COO-FOR-2324,Fortune Sunlite Sunflower Oil (Edible Cooking Oils),Fortune,Adani Wilmar,Cooking Staples & Condiments,Edible Cooking Oils,0,Standard / Non-LUP,Flexible Pillow Pouch,60.0,72.5,1000.0,1000.0,ml,6.0,7.25,20.83,0.0,20.83,0.1892,0.1892,0.0,0.0,1.0,0.0,"Q1: Overt Inflation (Price Up, Weight Flat)",Q1_Overt_Inflation,0,0
COO-FOR-2348,Fortune Sunlite Sunflower Oil (Edible Cooking Oils),Fortune,Adani Wilmar,Cooking Staples & Condiments,Edible Cooking Oils,0,Standard / Non-LUP,Nitrogen Flushed Foil Pouch,205.8,260.3,500.0,500.0,ml,41.16,52.06,26.48,0.0,26.48,0.2349,0.2349,0.0,0.0,1.0,0.0,"Q1: Overt Inflation (Price Up, Weight Flat)",Q1_Overt_Inflation,0,0
COO-FOR-2370,Fortune Sunlite Sunflower Oil (Edible Cooking Oils),Fortune,Adani Wilmar,Cooking Staples & Condiments,Edible Cooking Oils,0,Standard / Non-LUP,Flow Wrap,140.0,164.2,5000.0,5000.0,ml,2.8,3.28,17.29,0.0,17.14,0.1582,0.1594,0.0,0.0,1.0,0.0,"Q1: Overt Inflation (Price Up, Weight Flat)",Q1_Overt_Inflation,0,0
COO-FOR-2394,Fortune Kachi Ghani Mustard Oil (Edible Cooking Oils),Fortune,Adani Wilmar,Cooking Staples & Condiments,Edible Cooking Oils,0,Standard / Non-LUP,Flow Wrap,22.0,27.0,1000.0,1000.0,ml,2.2,2.7,22.73,0.0,22.73,0.2048,0.2048,0.0,0.0,1.0,0.0,"Q1: Overt Inflation (Price Up, Weight Flat)",Q1_Overt_Inflation,0,0
COO-KIS-1078,Kissan Mixed Fruit Jam (Tomato Ketchup),Kissan,Hindustan Unilever,Cooking Staples & Condiments,Tomato Ketchup,0,Standard / Non-LUP,Mono Carton Box,22.0,29.0,2000.0,2000.0,g,1.1,1.45,31.82,0.0,31.82,0.2763,0.2763,0.0,0.0,1.0,0.0,"Q1: Overt Inflation (Price Up, Weight Flat)",Q1_Overt_Inflation,0,0
COO-KIS-1224,Kissan Mixed Fruit Jam (Fruit Spreads),Kissan,Hindustan Unilever,Cooking Staples & Condiments,Fruit Spreads,0,Standard / Non-LUP,LDPE Pouch,230.4,228.0,1000.0,761.8,g,23.04,29.93,-1.04,-23.82,29.9,0.2616,-0.0105,-0.2721,1.0,0.0,0.7965,"Q2: Silent Shrinkflation (Weight Down, Price Flat)",Q2_Silent_Shrink,1,1
COO-KIS-1260,Kissan Mixed Fruit Jam (Tomato Ketchup),Kissan,Hindustan Unilever,Cooking Staples & Condiments,Tomato Ketchup,1,₹50 Pack,HDPE Plastic Bottle,50.0,50.0,100.0,81.3,g,50.0,61.5,0.0,-18.7,23.0,0.207,0.0,-0.207,1.0,0.0,0.813,"Q2: Silent Shrinkflation (Weight Down, Price Flat)",Q2_Silent_Shrink,1,1
COO-KIS-1406,Kissan Fresh Tomato Ketchup (Fruit Spreads),Kissan,Hindustan Unilever,Cooking Staples & Condiments,Fruit Spreads,0,Standard / Non-LUP,HDPE Plastic Bottle,205.8,261.0,500.0,423.0,g,41.16,61.7,26.82,-15.4,49.9,0.4048,0.2376,-0.1672,0.4131,0.587,0.3086,Q3: Double Whammy (Price Up + Weight Down),Q3_Double_Whammy,1,1
COO-KIS-1467,Kissan Fresh Tomato Ketchup (Fruit Spreads),Kissan,Hindustan Unilever,Cooking Staples & Condiments,Fruit Spreads,1,₹20 Pack,Nitrogen Flushed Foil Pouch,20.0,20.0,50.0,36.4,g,40.0,54.95,0.0,-27.2,37.38,0.3175,0.0,-0.3175,0.9997,0.0,0.7278,"Q2: Silent Shrinkflation (Weight Down, Price Flat)",Q2_Silent_Shrink,1,1
COO-KIS-1615,Kissan Mixed Fruit Jam (Fruit Spreads),Kissan,Hindustan Unilever,Cooking Staples & Condiments,Fruit Spreads,0,Standard / Non-LUP,Nitrogen Flushed Foil Pouch,199.5,256.5,2000.0,2000.0,g,9.98,12.83,28.57,0.0,28.56,0.2512,0.2513,0.0,0.0,1.0,0.0,"Q1: Overt Inflation (Price Up, Weight Flat)",Q1_Overt_Inflation,0,0
COO-KIS-1663,Kissan Fresh Tomato Ketchup (Tomato Ketchup),Kissan,Hindustan Unilever,Cooking Staples & Condiments,Tomato Ketchup,1,₹5 Pack,Paper Wrapper,5.0,5.0,20.0,14.9,g,25.0,33.56,0.0,-25.5,34.24,0.2945,0.0,-0.2944,0.9997,0.0,0.7447,"Q2: Silent Shrinkflation (Weight Down, Price Flat)",Q2_Silent_Shrink,1,1
COO-KIS-1713,Kissan Mixed Fruit Jam (Fruit Spreads),Kissan,Hindustan Unilever,Cooking Staples & Condiments,Fruit Spreads,0,Standard / Non-LUP,Mono Carton Box,57.0,60.0,2000.0,2000.0,g,2.85,3.0,5.26,0.0,5.26,0.0513,0.0513,0.0,0.0,1.0,0.0,"Q1: Overt Inflation (Price Up, Weight Flat)",Q1_Overt_Inflation,0,0
COO-KIS-1734,Kissan Mixed Fruit Jam (Tomato Ketchup),Kissan,Hindustan Unilever,Cooking Staples & Condiments,Tomato Ketchup,0,Standard / Non-LUP,HDPE Plastic Bottle,58.8,79.4,1000.0,1000.0,g,5.88,7.94,35.03,0.0,35.03,0.3004,0.3004,0.0,0.0,1.0,0.0,"Q1: Overt Inflation (Price Up, Weight Flat)",Q1_Overt_Inflation,0,0
COO-KIS-1860,Kissan Mixed Fruit Jam (Tomato Ketchup),Kissan,Hindustan Unilever,Cooking Staples & Condiments,Tomato Ketchup,1,₹20 Pack,Nitrogen Flushed Foil Pouch,20.0,20.0,50.0,38.0,g,40.0,52.63,0.0,-24.0,31.58,0.2744,0.0,-0.2744,1.0,0.0,0.7601,"Q2: Silent Shrinkflation (Weight Down, Price Flat)",Q2_Silent_Shrink,1,1
COO-KIS-1878,Kissan Mixed Fruit Jam (Fruit Spreads),Kissan,Hindustan Unilever,Cooking Staples & Condiments,Fruit Spreads,0,Standard / Non-LUP,Flexible Pillow Pouch,28.0,37.0,1000.0,846.0,g,2.8,4.37,32.14,-15.4,56.07,0.4451,0.2787,-0.1672,0.3757,0.6261,0.2746,Q3: Double Whammy (Price Up + Weight Down),Q3_Double_Whammy,1,1
COO-KIS-1916,Kissan Fresh Tomato Ketchup (Tomato Ketchup),Kissan,Hindustan Unilever,Cooking Staples & Condiments,Tomato Ketchup,1,₹5 Pack,HDPE Plastic Bottle,5.0,5.0,18.0,12.8,g,27.78,39.06,0.0,-28.89,40.6,0.3408,0.0,-0.3409,1.0,0.0,0.7115,"Q2: Silent Shrinkflation (Weight Down, Price Flat)",Q2_Silent_Shrink,1,1
COO-KIS-1933,Kissan Mixed Fruit Jam (Fruit Spreads),Kissan,Hindustan Unilever,Cooking Staples & Condiments,Fruit Spreads,0,Standard / Non-LUP,Paper Wrapper,235.2,240.0,5000.0,5000.0,g,4.7,4.8,2.04,0.0,2.13,0.0211,0.0202,0.0,0.0,0.9596,0.0,Q4: Stable / Fair Value,Q4_Stable_Fair,0,0
COO-KIS-2040,Kissan Fresh Tomato Ketchup (Fruit Spreads),Kissan,Hindustan Unilever,Cooking Staples & Condiments,Fruit Spreads,0,Standard / Non-LUP,Flow Wrap,57.6,57.6,500.0,406.5,g,11.52,14.17,0.0,-18.7,23.0,0.207,0.0,-0.207,0.9999,0.0,0.8129,"Q2: Silent Shrinkflation (Weight Down, Price Flat)",Q2_Silent_Shrink,1,1
COO-KIS-2063,Kissan Fresh Tomato Ketchup (Tomato Ketchup),Kissan,Hindustan Unilever,Cooking Staples & Condiments,Tomato Ketchup,0,Standard / Non-LUP,Flow Wrap,28.0,33.2,1000.0,1000.0,g,2.8,3.32,18.57,0.0,18.57,0.1703,0.1703,0.0,0.0,1.0,0.0,"Q1: Overt Inflation (Price Up, Weight Flat)",Q1_Overt_Inflation,0,0
COO-KIS-2101,Kissan Fresh Tomato Ketchup (Tomato Ketchup),Kissan,Hindustan Unilever,Cooking Staples & Condiments,Tomato Ketchup,0,Standard / Non-LUP,Poly Bag,240.0,279.4,500.0,500.0,g,48.0,55.88,16.42,0.0,16.42,0.152,0.152,0.0,0.0,1.0,0.0,"Q1: Overt Inflation (Price Up, Weight Flat)",Q1_Overt_Inflation,0,0
COO-KIS-2217,Kissan Fresh Tomato Ketchup (Tomato Ketchup),Kissan,Hindustan Unilever,Cooking Staples & Condiments,Tomato Ketchup,1,₹50 Pack,Flexible Pillow Pouch,50.0,50.0,150.0,109.2,g,33.33,45.79,0.0,-27.2,37.38,0.3176,0.0,-0.3175,0.9995,0.0,0.7276,"Q2: Silent Shrinkflation (Weight Down, Price Flat)",Q2_Silent_Shrink,1,1
COO-KIS-2250,Kissan Mixed Fruit Jam (Tomato Ketchup),Kissan,Hindustan Unilever,Cooking Staples & Condiments,Tomato Ketchup,1,₹10 Pack,Poly Bag,10.0,10.0,35.0,25.5,g,28.57,39.22,0.0,-27.14,37.28,0.3168,0.0,-0.3167,0.9995,0.0,0.7281,"Q2: Silent Shrinkflation (Weight Down, Price Flat)",Q2_Silent_Shrink,1,1
COO-KIS-2289,Kissan Mixed Fruit Jam (Tomato Ketchup),Kissan,Hindustan Unilever,Cooking Staples & Condiments,Tomato Ketchup,0,Standard / Non-LUP,Mono Carton Box,28.0,36.5,5000.0,5000.0,g,0.56,0.73,30.36,0.0,30.36,0.2651,0.2651,0.0,0.0,1.0,0.0,"Q1: Overt Inflation (Price Up, Weight Flat)",Q1_Overt_Inflation,0,0
COO-KIS-2392,Kissan Fresh Tomato Ketchup (Tomato Ketchup),Kissan,Hindustan Unilever,Cooking Staples & Condiments,Tomato Ketchup,1,₹5 Pack,Flexible Pillow Pouch,5.0,7.0,18.0,15.9,g,27.78,44.03,40.0,-11.67,58.5,0.4606,0.3365,-0.1241,0.2694,0.7306,0.1994,Q3: Double Whammy (Price Up + Weight Down),Q3_Double_Whammy,1,1
COO-KIS-2400,Kissan Fresh Tomato Ketchup (Fruit Spreads),Kissan,Hindustan Unilever,Cooking Staples & Condiments,Fruit Spreads,0,Standard / Non-LUP,Mono Carton Box,22.0,29.0,1000.0,1000.0,g,2.2,2.9,31.82,0.0,31.82,0.2763,0.2763,0.0,0.0,1.0,0.0,"Q1: Overt Inflation (Price Up, Weight Flat)",Q1_Overt_Inflation,0,0
COO-TAT-1053,Tata Sampann Chana Dal (Packaged Tea),Tata,Tata Consumer Products,Cooking Staples & Condiments,Packaged Tea,1,₹10 Pack,Poly Bag,10.0,10.0,30.0,23.3,g,33.33,42.92,0.0,-22.33,28.77,0.2529,0.0,-0.2527,0.9995,0.0,0.7762,"Q2: Silent Shrinkflation (Weight Down, Price Flat)",Q2_Silent_Shrink,1,1
COO-TAT-1057,Tata Tea Premium (Unpolished Pulses),Tata,Tata Consumer Products,Cooking Staples & Condiments,Unpolished Pulses,0,Standard / Non-LUP,Nitrogen Flushed Foil Pouch,22.0,29.0,1000.0,810.0,g,2.2,3.58,31.82,-19.0,62.73,0.4869,0.2763,-0.2107,0.4328,0.5674,0.3029,Q3: Double Whammy (Price Up + Weight Down),Q3_Double_Whammy,1,1
COO-TAT-1076,Tata Sampann Chana Dal (Packaged Tea),Tata,Tata Consumer Products,Cooking Staples & Condiments,Packaged Tea,0,Standard / Non-LUP,Nitrogen Flushed Foil Pouch,28.0,32.3,500.0,500.0,g,5.6,6.46,15.36,0.0,15.36,0.1429,0.1429,0.0,0.0,1.0,0.0,"Q1: Overt Inflation (Price Up, Weight Flat)",Q1_Overt_Inflation,0,0
COO-TAT-1090,Tata Sampann Chana Dal (Unpolished Pulses),Tata,Tata Consumer Products,Cooking Staples & Condiments,Unpolished Pulses,0,Standard / Non-LUP,Paper Wrapper,201.6,270.0,5000.0,5000.0,g,4.03,5.4,33.93,0.0,34.0,0.2926,0.2921,0.0,0.0,0.9983,0.0,"Q1: Overt Inflation (Price Up, Weight Flat)",Q1_Overt_Inflation,0,0
COO-TAT-1092,Tata Sampann Toor Dal (Packaged Tea),Tata,Tata Consumer Products,Cooking Staples & Condiments,Packaged Tea,0,Standard / Non-LUP,Nitrogen Flushed Foil Pouch,210.0,210.0,2000.0,2000.0,g,10.5,10.5,0.0,0.0,0.0,0.0,0.0,0.0,0.0,0.0,0.0,Q4: Stable / Fair Value,Q4_Stable_Fair,0,0
COO-TAT-1122,Tata Tea Premium (Iodized Salt),Tata,Tata Consumer Products,Cooking Staples & Condiments,Iodized Salt,0,Standard / Non-LUP,Nitrogen Flushed Foil Pouch,172.8,219.4,2000.0,2000.0,g,8.64,10.97,26.97,0.0,26.97,0.2388,0.2388,0.0,0.0,1.0,0.0,"Q1: Overt Inflation (Price Up, Weight Flat)",Q1_Overt_Inflation,0,0
COO-TAT-1129,Tata Salt Vacuum Evaporated (Unpolished Pulses),Tata,Tata Consumer Products,Cooking Staples & Condiments,Unpolished Pulses,0,Standard / Non-LUP,Flexible Pillow Pouch,22.0,26.0,2000.0,2000.0,g,1.1,1.3,18.18,0.0,18.18,0.1671,0.1671,0.0,0.0,1.0,0.0,"Q1: Overt Inflation (Price Up, Weight Flat)",Q1_Overt_Inflation,0,0
COO-TAT-1254,Tata Tea Premium (Iodized Salt),Tata,Tata Consumer Products,Cooking Staples & Condiments,Iodized Salt,0,Standard / Non-LUP,Poly Bag,230.4,292.0,500.0,423.0,g,46.08,69.03,26.74,-15.4,49.8,0.4042,0.2369,-0.1672,0.4138,0.5862,0.3092,Q3: Double Whammy (Price Up + Weight Down),Q3_Double_Whammy,1,1
COO-TAT-1257,Tata Salt Vacuum Evaporated (Iodized Salt),Tata,Tata Consumer Products,Cooking Staples & Condiments,Iodized Salt,0,Standard / Non-LUP,Flexible Pillow Pouch,205.8,210.0,2000.0,2000.0,g,10.29,10.5,2.04,0.0,2.04,0.0202,0.0202,0.0,0.0,1.0,0.0,Q4: Stable / Fair Value,Q4_Stable_Fair,0,0
COO-TAT-1343,Tata Tea Premium (Packaged Tea),Tata,Tata Consumer Products,Cooking Staples & Condiments,Packaged Tea,0,Standard / Non-LUP,Stand-up Spout Pouch,58.8,72.2,5000.0,5000.0,g,1.18,1.44,22.79,0.0,22.03,0.1991,0.2053,0.0,0.0,1.0,0.0,"Q1: Overt Inflation (Price Up, Weight Flat)",Q1_Overt_Inflation,0,0
COO-TAT-1375,Tata Salt Vacuum Evaporated (Iodized Salt),Tata,Tata Consumer Products,Cooking Staples & Condiments,Iodized Salt,0,Standard / Non-LUP,Flow Wrap,201.6,261.0,1000.0,1000.0,g,20.16,26.1,29.46,0.0,29.46,0.2582,0.2582,0.0,0.0,1.0,0.0,"Q1: Overt Inflation (Price Up, Weight Flat)",Q1_Overt_Inflation,0,0
COO-TAT-1399,Tata Sampann Toor Dal (Iodized Salt),Tata,Tata Consumer Products,Cooking Staples & Condiments,Iodized Salt,0,Standard / Non-LUP,Stand-up Spout Pouch,57.6,76.4,2000.0,2000.0,g,2.88,3.82,32.64,0.0,32.64,0.2825,0.2825,0.0,0.0,1.0,0.0,"Q1: Overt Inflation (Price Up, Weight Flat)",Q1_Overt_Inflation,0,0
COO-TAT-1404,Tata Tea Gold (Unpolished Pulses),Tata,Tata Consumer Products,Cooking Staples & Condiments,Unpolished Pulses,0,Standard / Non-LUP,Mono Carton Box,28.0,28.0,2000.0,2000.0,g,1.4,1.4,0.0,0.0,0.0,0.0,0.0,0.0,0.0,0.0,0.0,Q4: Stable / Fair Value,Q4_Stable_Fair,0,0
COO-TAT-1419,Tata Salt Vacuum Evaporated (Packaged Tea),Tata,Tata Consumer Products,Cooking Staples & Condiments,Packaged Tea,0,Standard / Non-LUP,Flexible Pillow Pouch,235.2,286.1,5000.0,5000.0,g,4.7,5.72,21.64,0.0,21.7,0.1964,0.1959,0.0,0.0,0.9974,0.0,"Q1: Overt Inflation (Price Up, Weight Flat)",Q1_Overt_Inflation,0,0
COO-TAT-1499,Tata Sampann Chana Dal (Unpolished Pulses),Tata,Tata Consumer Products,Cooking Staples & Condiments,Unpolished Pulses,0,Standard / Non-LUP,LDPE Pouch,28.0,32.3,500.0,500.0,g,5.6,6.46,15.36,0.0,15.36,0.1429,0.1429,0.0,0.0,1.0,0.0,"Q1: Overt Inflation (Price Up, Weight Flat)",Q1_Overt_Inflation,0,0
COO-TAT-1510,Tata Salt Vacuum Evaporated (Unpolished Pulses),Tata,Tata Consumer Products,Cooking Staples & Condiments,Unpolished Pulses,0,Standard / Non-LUP,Flexible Pillow Pouch,176.4,215.6,1000.0,1000.0,g,17.64,21.56,22.22,0.0,22.22,0.2007,0.2007,0.0,0.0,1.0,0.0,"Q1: Overt Inflation (Price Up, Weight Flat)",Q1_Overt_Inflation,0,0
COO-TAT-1512,Tata Tea Gold (Packaged Tea),Tata,Tata Consumer Products,Cooking Staples & Condiments,Packaged Tea,0,Standard / Non-LUP,Poly Bag,22.0,22.0,2000.0,2000.0,g,1.1,1.1,0.0,0.0,0.0,0.0,0.0,0.0,0.0,0.0,0.0,Q4: Stable / Fair Value,Q4_Stable_Fair,0,0
COO-TAT-1625,Tata Tea Gold (Iodized Salt),Tata,Tata Consumer Products,Cooking Staples & Condiments,Iodized Salt,0,Standard / Non-LUP,Mono Carton Box,235.2,292.0,2000.0,2000.0,g,11.76,14.6,24.15,0.0,24.15,0.2163,0.2163,0.0,0.0,1.0,0.0,"Q1: Overt Inflation (Price Up, Weight Flat)",Q1_Overt_Inflation,0,0
COO-TAT-1681,Tata Sampann Chana Dal (Iodized Salt),Tata,Tata Consumer Products,Cooking Staples & Condiments,Iodized Salt,0,Standard / Non-LUP,Flow Wrap,171.0,222.5,1000.0,1000.0,g,17.1,22.25,30.12,0.0,30.12,0.2633,0.2633,0.0,0.0,1.0,0.0,"Q1: Overt Inflation (Price Up, Weight Flat)",Q1_Overt_Inflation,0,0
COO-TAT-1818,Tata Salt Vacuum Evaporated (Unpolished Pulses),Tata,Tata Consumer Products,Cooking Staples & Condiments,Unpolished Pulses,0,Standard / Non-LUP,Paper Wrapper,171.0,223.0,5000.0,5000.0,g,3.42,4.46,30.41,0.0,30.41,0.2655,0.2655,0.0,0.0,1.0,0.0,"Q1: Overt Inflation (Price Up, Weight Flat)",Q1_Overt_Inflation,0,0
COO-TAT-1832,Tata Sampann Toor Dal (Iodized Salt),Tata,Tata Consumer Products,Cooking Staples & Condiments,Iodized Salt,0,Standard / Non-LUP,Paper Wrapper,230.4,302.4,5000.0,5000.0,g,4.61,6.05,31.25,0.0,31.24,0.2718,0.2719,0.0,0.0,1.0,0.0,"Q1: Overt Inflation (Price Up, Weight Flat)",Q1_Overt_Inflation,0,0
COO-TAT-1844,Tata Tea Gold (Unpolished Pulses),Tata,Tata Consumer Products,Cooking Staples & Condiments,Unpolished Pulses,0,Standard / Non-LUP,Flexible Pillow Pouch,22.0,29.0,2000.0,2000.0,g,1.1,1.45,31.82,0.0,31.82,0.2763,0.2763,0.0,0.0,1.0,0.0,"Q1: Overt Inflation (Price Up, Weight Flat)",Q1_Overt_Inflation,0,0
COO-TAT-1920,Tata Tea Gold (Iodized Salt),Tata,Tata Consumer Products,Cooking Staples & Condiments,Iodized Salt,0,Standard / Non-LUP,Flow Wrap,22.0,29.0,1000.0,1000.0,g,2.2,2.9,31.82,0.0,31.82,0.2763,0.2763,0.0,0.0,1.0,0.0,"Q1: Overt Inflation (Price Up, Weight Flat)",Q1_Overt_Inflation,0,0
COO-TAT-1928,Tata Salt Vacuum Evaporated (Packaged Tea),Tata,Tata Consumer Products,Cooking Staples & Condiments,Packaged Tea,0,Standard / Non-LUP,Stand-up Spout Pouch,228.0,279.4,500.0,500.0,g,45.6,55.88,22.54,0.0,22.54,0.2033,0.2033,0.0,0.0,1.0,0.0,"Q1: Overt Inflation (Price Up, Weight Flat)",Q1_Overt_Inflation,0,0
COO-TAT-2002,Tata Salt Vacuum Evaporated (Iodized Salt),Tata,Tata Consumer Products,Cooking Staples & Condiments,Iodized Salt,0,Standard / Non-LUP,Mono Carton Box,28.0,36.0,1000.0,1000.0,g,2.8,3.6,28.57,0.0,28.57,0.2513,0.2513,0.0,0.0,1.0,0.0,"Q1: Overt Inflation (Price Up, Weight Flat)",Q1_Overt_Inflation,0,0
COO-TAT-2007,Tata Salt Vacuum Evaporated (Iodized Salt),Tata,Tata Consumer Products,Cooking Staples & Condiments,Iodized Salt,0,Standard / Non-LUP,Stand-up Spout Pouch,235.2,303.0,2000.0,2000.0,g,11.76,15.15,28.83,0.0,28.83,0.2533,0.2533,0.0,0.0,1.0,0.0,"Q1: Overt Inflation (Price Up, Weight Flat)",Q1_Overt_Inflation,0,0
COO-TAT-2012,Tata Tea Premium (Packaged Tea),Tata,Tata Consumer Products,Cooking Staples & Condiments,Packaged Tea,0,Standard / Non-LUP,Flexible Pillow Pouch,22.0,26.0,5000.0,5000.0,g,0.44,0.52,18.18,0.0,18.18,0.1671,0.1671,0.0,0.0,1.0,0.0,"Q1: Overt Inflation (Price Up, Weight Flat)",Q1_Overt_Inflation,0,0
COO-TAT-2051,Tata Sampann Chana Dal (Packaged Tea),Tata,Tata Consumer Products,Cooking Staples & Condiments,Packaged Tea,0,Standard / Non-LUP,Nitrogen Flushed Foil Pouch,137.2,167.6,1000.0,1000.0,g,13.72,16.76,22.16,0.0,22.16,0.2001,0.2001,0.0,0.0,1.0,0.0,"Q1: Overt Inflation (Price Up, Weight Flat)",Q1_Overt_Inflation,0,0
COO-TAT-2153,Tata Sampann Chana Dal (Unpolished Pulses),Tata,Tata Consumer Products,Cooking Staples & Condiments,Unpolished Pulses,0,Standard / Non-LUP,Mono Carton Box,22.0,28.0,5000.0,5000.0,g,0.44,0.56,27.27,0.0,27.27,0.2412,0.2412,0.0,0.0,1.0,0.0,"Q1: Overt Inflation (Price Up, Weight Flat)",Q1_Overt_Inflation,0,0
COO-TAT-2161,Tata Tea Premium (Iodized Salt),Tata,Tata Consumer Products,Cooking Staples & Condiments,Iodized Salt,0,Standard / Non-LUP,Paper Wrapper,22.0,27.0,5000.0,5000.0,g,0.44,0.54,22.73,0.0,22.73,0.2048,0.2048,0.0,0.0,1.0,0.0,"Q1: Overt Inflation (Price Up, Weight Flat)",Q1_Overt_Inflation,0,0
COO-TAT-2192,Tata Salt Vacuum Evaporated (Iodized Salt),Tata,Tata Consumer Products,Cooking Staples & Condiments,Iodized Salt,0,Standard / Non-LUP,Nitrogen Flushed Foil Pouch,58.8,77.0,1000.0,1000.0,g,5.88,7.7,30.95,0.0,30.95,0.2697,0.2697,0.0,0.0,1.0,0.0,"Q1: Overt Inflation (Price Up, Weight Flat)",Q1_Overt_Inflation,0,0
COO-TAT-2237,Tata Sampann Chana Dal (Iodized Salt),Tata,Tata Consumer Products,Cooking Staples & Condiments,Iodized Salt,0,Standard / Non-LUP,LDPE Pouch,201.6,255.0,500.0,500.0,g,40.32,51.0,26.49,0.0,26.49,0.235,0.235,0.0,0.0,1.0,0.0,"Q1: Overt Inflation (Price Up, Weight Flat)",Q1_Overt_Inflation,0,0
COO-TAT-2378,Tata Sampann Chana Dal (Iodized Salt),Tata,Tata Consumer Products,Cooking Staples & Condiments,Iodized Salt,1,₹20 Pack,Mono Carton Box,20.0,20.0,110.0,80.1,g,18.18,24.97,0.0,-27.18,37.35,0.3174,0.0,-0.3172,0.9995,0.0,0.7278,"Q2: Silent Shrinkflation (Weight Down, Price Flat)",Q2_Silent_Shrink,1,1
DAI-AMU-1059,Amul Salted Butter (Butter),Amul,GCMMF (Amul),Dairy & Breakfast,Butter,0,Standard / Non-LUP,Flexible Pillow Pouch,250.0,322.0,200.0,200.0,g,125.0,161.0,28.8,0.0,28.8,0.2531,0.2531,0.0,0.0,1.0,0.0,"Q1: Overt Inflation (Price Up, Weight Flat)",Q1_Overt_Inflation,0,0
DAI-AMU-1061,Amul Pure Ghee (Ghee),Amul,GCMMF (Amul),Dairy & Breakfast,Ghee,0,Standard / Non-LUP,Stand-up Spout Pouch,115.2,115.2,1000.0,1000.0,ml,11.52,11.52,0.0,0.0,0.0,0.0,0.0,0.0,0.0,0.0,0.0,Q4: Stable / Fair Value,Q4_Stable_Fair,0,0
DAI-AMU-1064,Amul Cheese Slices (Butter),Amul,GCMMF (Amul),Dairy & Breakfast,Butter,1,₹20 Pack,Mono Carton Box,20.0,25.0,50.0,40.5,g,40.0,61.73,25.0,-19.0,54.32,0.4339,0.2231,-0.2107,0.4857,0.5143,0.3497,Q3: Double Whammy (Price Up + Weight Down),Q3_Double_Whammy,1,1
DAI-AMU-1094,Amul Taaza Milk (Butter),Amul,GCMMF (Amul),Dairy & Breakfast,Butter,0,Standard / Non-LUP,LDPE Pouch,47.5,50.0,200.0,152.2,ml,23.75,32.85,5.26,-23.9,38.32,0.3244,0.0513,-0.2731,0.842,0.1581,0.6238,Q3: Double Whammy (Price Up + Weight Down),Q3_Double_Whammy,1,1
DAI-AMU-1116,Amul Salted Butter (Toned Milk),Amul,GCMMF (Amul),Dairy & Breakfast,Toned Milk,0,Standard / Non-LUP,Paper Wrapper,171.5,175.0,500.0,380.5,g,34.3,45.99,2.04,-23.9,34.08,0.2933,0.0202,-0.2731,0.9313,0.0689,0.7013,"Q2: Silent Shrinkflation (Weight Down, Price Flat)",Q2_Silent_Shrink,1,1
DAI-AMU-1136,Amul Mithai Mate (Ghee),Amul,GCMMF (Amul),Dairy & Breakfast,Ghee,0,Standard / Non-LUP,Stand-up Spout Pouch,245.0,324.4,500.0,423.0,g,49.0,76.69,32.41,-15.4,56.51,0.448,0.2807,-0.1672,0.3733,0.6267,0.2725,Q3: Double Whammy (Price Up + Weight Down),Q3_Double_Whammy,1,1
DAI-AMU-1139,Amul Pure Ghee (Butter),Amul,GCMMF (Amul),Dairy & Breakfast,Butter,0,Standard / Non-LUP,LDPE Pouch,171.5,168.0,200.0,142.5,ml,85.75,117.89,-2.04,-28.75,37.48,0.3183,-0.0206,-0.339,1.0,0.0,0.7671,"Q2: Silent Shrinkflation (Weight Down, Price Flat)",Q2_Silent_Shrink,1,1
DAI-AMU-1147,Amul Salted Butter (Ghee),Amul,GCMMF (Amul),Dairy & Breakfast,Ghee,0,Standard / Non-LUP,HDPE Plastic Bottle,171.5,168.0,500.0,380.9,g,34.3,44.11,-2.04,-23.82,28.6,0.2515,-0.0206,-0.2721,1.0,0.0,0.8329,"Q2: Silent Shrinkflation (Weight Down, Price Flat)",Q2_Silent_Shrink,1,1
DAI-AMU-1155,Amul Cheese Slices (Processed Cheese),Amul,GCMMF (Amul),Dairy & Breakfast,Processed Cheese,0,Standard / Non-LUP,Nitrogen Flushed Foil Pouch,65.3,79.7,1000.0,1000.0,g,6.53,7.97,22.05,0.0,22.05,0.1993,0.1993,0.0,0.0,1.0,0.0,"Q1: Overt Inflation (Price Up, Weight Flat)",Q1_Overt_Inflation,0,0
DAI-AMU-1190,Amul Pure Ghee (Ghee),Amul,GCMMF (Amul),Dairy & Breakfast,Ghee,0,Standard / Non-LUP,Stand-up Spout Pouch,68.0,80.8,200.0,200.0,ml,34.0,40.4,18.82,0.0,18.82,0.1725,0.1725,0.0,0.0,1.0,0.0,"Q1: Overt Inflation (Price Up, Weight Flat)",Q1_Overt_Inflation,0,0
DAI-AMU-1223,Amul Taaza Milk (Ghee),Amul,GCMMF (Amul),Dairy & Breakfast,Ghee,1,₹20 Pack,Paper Wrapper,20.0,25.0,50.0,40.5,g,40.0,61.73,25.0,-19.0,54.32,0.4339,0.2231,-0.2107,0.4857,0.5143,0.3497,Q3: Double Whammy (Price Up + Weight Down),Q3_Double_Whammy,1,1
DAI-AMU-1266,Amul Mithai Mate (Toned Milk),Amul,GCMMF (Amul),Dairy & Breakfast,Toned Milk,0,Standard / Non-LUP,Stand-up Spout Pouch,50.0,49.0,500.0,500.0,g,10.0,9.8,-2.0,0.0,-2.0,-0.0202,-0.0202,0.0,0.0,0.0,0.0,Q4: Stable / Fair Value,Q4_Stable_Fair,0,0
DAI-AMU-1310,Amul Cheese Slices (Toned Milk),Amul,GCMMF (Amul),Dairy & Breakfast,Toned Milk,0,Standard / Non-LUP,Flexible Pillow Pouch,250.0,331.0,500.0,423.0,g,50.0,78.25,32.4,-15.4,56.5,0.4479,0.2807,-0.1672,0.3734,0.6266,0.2726,Q3: Double Whammy (Price Up + Weight Down),Q3_Double_Whammy,1,1
DAI-AMU-1341,Amul Taaza Milk (Butter),Amul,GCMMF (Amul),Dairy & Breakfast,Butter,0,Standard / Non-LUP,Flexible Pillow Pouch,166.2,233.0,100.0,100.0,ml,166.2,233.0,40.19,0.0,40.19,0.3378,0.3378,0.0,0.0,1.0,0.0,"Q1: Overt Inflation (Price Up, Weight Flat)",Q1_Overt_Inflation,0,0
DAI-AMU-1388,Amul Salted Butter (Processed Cheese),Amul,GCMMF (Amul),Dairy & Breakfast,Processed Cheese,0,Standard / Non-LUP,LDPE Pouch,175.0,212.2,200.0,200.0,g,87.5,106.1,21.26,0.0,21.26,0.1927,0.1927,0.0,0.0,1.0,0.0,"Q1: Overt Inflation (Price Up, Weight Flat)",Q1_Overt_Inflation,0,0
DAI-AMU-1411,Amul Mithai Mate (Ghee),Amul,GCMMF (Amul),Dairy & Breakfast,Ghee,0,Standard / Non-LUP,Mono Carton Box,539.0,694.0,1000.0,1000.0,g,53.9,69.4,28.76,0.0,28.76,0.2528,0.2528,0.0,0.0,1.0,0.0,"Q1: Overt Inflation (Price Up, Weight Flat)",Q1_Overt_Inflation,0,0
DAI-AMU-1443,Amul Pure Ghee (Ghee),Amul,GCMMF (Amul),Dairy & Breakfast,Ghee,0,Standard / Non-LUP,Flow Wrap,522.5,720.0,100.0,100.0,ml,522.5,720.0,37.8,0.0,37.8,0.3206,0.3206,0.0,0.0,1.0,0.0,"Q1: Overt Inflation (Price Up, Weight Flat)",Q1_Overt_Inflation,0,0
DAI-AMU-1454,Amul Pure Ghee (Ghee),Amul,GCMMF (Amul),Dairy & Breakfast,Ghee,0,Standard / Non-LUP,Flexible Pillow Pouch,240.0,310.0,500.0,500.0,ml,48.0,62.0,29.17,0.0,29.17,0.2559,0.2559,0.0,0.0,1.0,0.0,"Q1: Overt Inflation (Price Up, Weight Flat)",Q1_Overt_Inflation,0,0
DAI-AMU-1496,Amul Cheese Slices (Processed Cheese),Amul,GCMMF (Amul),Dairy & Breakfast,Processed Cheese,1,₹10 Pack,Flow Wrap,10.0,10.0,30.0,22.8,g,33.33,43.86,0.0,-24.0,31.59,0.2745,0.0,-0.2744,0.9996,0.0,0.7597,"Q2: Silent Shrinkflation (Weight Down, Price Flat)",Q2_Silent_Shrink,1,1
DAI-AMU-1503,Amul Mithai Mate (Processed Cheese),Amul,GCMMF (Amul),Dairy & Breakfast,Processed Cheese,0,Standard / Non-LUP,LDPE Pouch,48.0,59.5,200.0,176.7,g,24.0,33.67,23.96,-11.65,40.29,0.3386,0.2148,-0.1239,0.3659,0.6344,0.2891,Q3: Double Whammy (Price Up + Weight Down),Q3_Double_Whammy,1,1
DAI-AMU-1556,Amul Cheese Slices (Toned Milk),Amul,GCMMF (Amul),Dairy & Breakfast,Toned Milk,1,₹10 Pack,Poly Bag,10.0,10.0,25.0,18.2,g,40.0,54.95,0.0,-27.2,37.38,0.3175,0.0,-0.3175,0.9997,0.0,0.7278,"Q2: Silent Shrinkflation (Weight Down, Price Flat)",Q2_Silent_Shrink,1,1
DAI-AMU-1574,Amul Pure Ghee (Ghee),Amul,GCMMF (Amul),Dairy & Breakfast,Ghee,1,₹20 Pack,LDPE Pouch,20.0,20.0,50.0,38.9,g,40.0,51.41,0.0,-22.2,28.52,0.251,0.0,-0.251,1.0,0.0,0.7783,"Q2: Silent Shrinkflation (Weight Down, Price Flat)",Q2_Silent_Shrink,1,1
DAI-AMU-1626,Amul Pure Ghee (Butter),Amul,GCMMF (Amul),Dairy & Breakfast,Butter,0,Standard / Non-LUP,Flexible Pillow Pouch,250.0,245.0,500.0,380.5,ml,50.0,64.39,-2.0,-23.9,28.78,0.2529,-0.0202,-0.2731,1.0,0.0,0.8304,"Q2: Silent Shrinkflation (Weight Down, Price Flat)",Q2_Silent_Shrink,1,1
DAI-AMU-1648,Amul Cheese Slices (Butter),Amul,GCMMF (Amul),Dairy & Breakfast,Butter,0,Standard / Non-LUP,Poly Bag,50.0,64.7,200.0,200.0,g,25.0,32.35,29.4,0.0,29.4,0.2577,0.2577,0.0,0.0,1.0,0.0,"Q1: Overt Inflation (Price Up, Weight Flat)",Q1_Overt_Inflation,0,0
DAI-AMU-1739,Amul Pure Ghee (Butter),Amul,GCMMF (Amul),Dairy & Breakfast,Butter,1,₹5 Pack,Poly Bag,5.0,5.0,20.0,17.7,g,25.0,28.25,0.0,-11.5,13.0,0.1222,0.0,-0.1222,0.9996,0.0,0.8846,"Q2: Silent Shrinkflation (Weight Down, Price Flat)",Q2_Silent_Shrink,1,1
DAI-AMU-1740,Amul Pure Ghee (Ghee),Amul,GCMMF (Amul),Dairy & Breakfast,Ghee,0,Standard / Non-LUP,Stand-up Spout Pouch,115.2,115.2,500.0,356.4,ml,23.04,32.32,0.0,-28.72,40.28,0.3385,0.0,-0.3386,1.0,0.0,0.713,"Q2: Silent Shrinkflation (Weight Down, Price Flat)",Q2_Silent_Shrink,1,1
DAI-AMU-1741,Amul Cheese Slices (Ghee),Amul,GCMMF (Amul),Dairy & Breakfast,Ghee,0,Standard / Non-LUP,HDPE Plastic Bottle,550.0,642.2,1000.0,1000.0,g,55.0,64.22,16.76,0.0,16.76,0.155,0.155,0.0,0.0,1.0,0.0,"Q1: Overt Inflation (Price Up, Weight Flat)",Q1_Overt_Inflation,0,0
DAI-AMU-1756,Amul Pure Ghee (Ghee),Amul,GCMMF (Amul),Dairy & Breakfast,Ghee,0,Standard / Non-LUP,Paper Wrapper,250.0,277.4,500.0,423.0,ml,50.0,65.58,10.96,-15.4,31.16,0.2712,0.104,-0.1672,0.6165,0.3834,0.4942,Q3: Double Whammy (Price Up + Weight Down),Q3_Double_Whammy,1,1
DAI-AMU-1765,Amul Cheese Slices (Butter),Amul,GCMMF (Amul),Dairy & Breakfast,Butter,1,₹20 Pack,LDPE Pouch,20.0,20.0,50.0,38.9,g,40.0,51.41,0.0,-22.2,28.52,0.251,0.0,-0.251,1.0,0.0,0.7783,"Q2: Silent Shrinkflation (Weight Down, Price Flat)",Q2_Silent_Shrink,1,1
DAI-AMU-1774,Amul Mithai Mate (Processed Cheese),Amul,GCMMF (Amul),Dairy & Breakfast,Processed Cheese,0,Standard / Non-LUP,Flexible Pillow Pouch,117.6,117.6,100.0,77.9,g,117.6,150.96,0.0,-22.1,28.37,0.2497,0.0,-0.2497,1.0,0.0,0.7791,"Q2: Silent Shrinkflation (Weight Down, Price Flat)",Q2_Silent_Shrink,1,1
DAI-AMU-1777,Amul Cheese Slices (Butter),Amul,GCMMF (Amul),Dairy & Breakfast,Butter,0,Standard / Non-LUP,HDPE Plastic Bottle,47.5,66.0,200.0,176.7,g,23.75,37.35,38.95,-11.65,57.26,0.4528,0.3289,-0.1239,0.2736,0.7265,0.2034,Q3: Double Whammy (Price Up + Weight Down),Q3_Double_Whammy,1,1
DAI-AMU-1783,Amul Salted Butter (Toned Milk),Amul,GCMMF (Amul),Dairy & Breakfast,Toned Milk,0,Standard / Non-LUP,HDPE Plastic Bottle,237.5,240.0,500.0,380.7,g,47.5,63.04,1.05,-23.86,32.72,0.283,0.0105,-0.2726,0.9631,0.037,0.7293,"Q2: Silent Shrinkflation (Weight Down, Price Flat)",Q2_Silent_Shrink,1,1
DAI-AMU-1865,Amul Taaza Milk (Toned Milk),Amul,GCMMF (Amul),Dairy & Breakfast,Toned Milk,0,Standard / Non-LUP,Flow Wrap,65.3,81.7,1000.0,1000.0,ml,6.53,8.17,25.11,0.0,25.11,0.2241,0.2241,0.0,0.0,1.0,0.0,"Q1: Overt Inflation (Price Up, Weight Flat)",Q1_Overt_Inflation,0,0
DAI-AMU-1915,Amul Cheese Slices (Toned Milk),Amul,GCMMF (Amul),Dairy & Breakfast,Toned Milk,0,Standard / Non-LUP,Paper Wrapper,245.0,304.9,100.0,100.0,g,245.0,304.9,24.45,0.0,24.45,0.2187,0.2187,0.0,0.0,1.0,0.0,"Q1: Overt Inflation (Price Up, Weight Flat)",Q1_Overt_Inflation,0,0
DAI-AMU-1918,Amul Taaza Milk (Processed Cheese),Amul,GCMMF (Amul),Dairy & Breakfast,Processed Cheese,0,Standard / Non-LUP,LDPE Pouch,250.0,303.8,200.0,169.2,ml,125.0,179.55,21.52,-15.4,43.64,0.3621,0.1949,-0.1672,0.4618,0.5382,0.3529,Q3: Double Whammy (Price Up + Weight Down),Q3_Double_Whammy,1,1
DAI-AMU-1936,Amul Taaza Milk (Ghee),Amul,GCMMF (Amul),Dairy & Breakfast,Ghee,0,Standard / Non-LUP,Flexible Pillow Pouch,50.0,61.4,200.0,200.0,ml,25.0,30.7,22.8,0.0,22.8,0.2054,0.2054,0.0,0.0,1.0,0.0,"Q1: Overt Inflation (Price Up, Weight Flat)",Q1_Overt_Inflation,0,0
DAI-AMU-1947,Amul Pure Ghee (Toned Milk),Amul,GCMMF (Amul),Dairy & Breakfast,Toned Milk,0,Standard / Non-LUP,HDPE Plastic Bottle,522.5,680.1,100.0,100.0,ml,522.5,680.1,30.16,0.0,30.16,0.2636,0.2636,0.0,0.0,1.0,0.0,"Q1: Overt Inflation (Price Up, Weight Flat)",Q1_Overt_Inflation,0,0
DAI-AMU-1963,Amul Salted Butter (Ghee),Amul,GCMMF (Amul),Dairy & Breakfast,Ghee,1,₹10 Pack,Flexible Pillow Pouch,10.0,10.0,35.0,26.0,g,28.57,38.46,0.0,-25.71,34.62,0.2973,0.0,-0.2973,1.0,0.0,0.7428,"Q2: Silent Shrinkflation (Weight Down, Price Flat)",Q2_Silent_Shrink,1,1
DAI-AMU-2032,Amul Cheese Slices (Ghee),Amul,GCMMF (Amul),Dairy & Breakfast,Ghee,1,₹50 Pack,Mono Carton Box,50.0,50.0,175.0,142.2,g,28.57,35.16,0.0,-18.74,23.07,0.2076,0.0,-0.2076,1.0,0.0,0.8126,"Q2: Silent Shrinkflation (Weight Down, Price Flat)",Q2_Silent_Shrink,1,1
DAI-AMU-2045,Amul Pure Ghee (Processed Cheese),Amul,GCMMF (Amul),Dairy & Breakfast,Processed Cheese,0,Standard / Non-LUP,Stand-up Spout Pouch,175.0,175.0,100.0,71.3,ml,175.0,245.44,0.0,-28.7,40.25,0.3383,0.0,-0.3383,1.0,0.0,0.713,"Q2: Silent Shrinkflation (Weight Down, Price Flat)",Q2_Silent_Shrink,1,1
DAI-AMU-2050,Amul Cheese Slices (Ghee),Amul,GCMMF (Amul),Dairy & Breakfast,Ghee,0,Standard / Non-LUP,Flow Wrap,166.2,168.0,500.0,397.8,g,33.24,42.23,1.08,-20.44,27.05,0.2394,0.0108,-0.2287,0.9552,0.045,0.7558,"Q2: Silent Shrinkflation (Weight Down, Price Flat)",Q2_Silent_Shrink,1,1
DAI-AMU-2061,Amul Salted Butter (Butter),Amul,GCMMF (Amul),Dairy & Breakfast,Butter,0,Standard / Non-LUP,HDPE Plastic Bottle,66.6,87.2,1000.0,1000.0,g,6.66,8.72,30.93,0.0,30.93,0.2695,0.2695,0.0,0.0,1.0,0.0,"Q1: Overt Inflation (Price Up, Weight Flat)",Q1_Overt_Inflation,0,0
DAI-AMU-2071,Amul Salted Butter (Butter),Amul,GCMMF (Amul),Dairy & Breakfast,Butter,1,₹5 Pack,Stand-up Spout Pouch,5.0,5.0,18.0,14.0,g,27.78,35.71,0.0,-22.22,28.55,0.2511,0.0,-0.2513,1.0,0.0,0.7785,"Q2: Silent Shrinkflation (Weight Down, Price Flat)",Q2_Silent_Shrink,1,1
DAI-AMU-2121,Amul Salted Butter (Ghee),Amul,GCMMF (Amul),Dairy & Breakfast,Ghee,0,Standard / Non-LUP,LDPE Pouch,65.3,84.3,200.0,200.0,g,32.65,42.15,29.1,0.0,29.1,0.2554,0.2554,0.0,0.0,1.0,0.0,"Q1: Overt Inflation (Price Up, Weight Flat)",Q1_Overt_Inflation,0,0
DAI-AMU-2151,Amul Mithai Mate (Processed Cheese),Amul,GCMMF (Amul),Dairy & Breakfast,Processed Cheese,0,Standard / Non-LUP,Flexible Pillow Pouch,114.0,117.6,500.0,389.3,g,22.8,30.21,3.16,-22.14,32.5,0.2814,0.0311,-0.2503,0.8893,0.1105,0.6812,Q3: Double Whammy (Price Up + Weight Down),Q3_Double_Whammy,1,1
DAI-AMU-2163,Amul Pure Ghee (Processed Cheese),Amul,GCMMF (Amul),Dairy & Breakfast,Processed Cheese,0,Standard / Non-LUP,Flexible Pillow Pouch,550.0,550.0,200.0,200.0,ml,275.0,275.0,0.0,0.0,0.0,0.0,0.0,0.0,0.0,0.0,0.0,Q4: Stable / Fair Value,Q4_Stable_Fair,0,0
DAI-AMU-2164,Amul Taaza Milk (Ghee),Amul,GCMMF (Amul),Dairy & Breakfast,Ghee,0,Standard / Non-LUP,HDPE Plastic Bottle,117.6,146.3,100.0,100.0,ml,117.6,146.3,24.4,0.0,24.4,0.2184,0.2184,0.0,0.0,1.0,0.0,"Q1: Overt Inflation (Price Up, Weight Flat)",Q1_Overt_Inflation,0,0
DAI-AMU-2191,Amul Cheese Slices (Butter),Amul,GCMMF (Amul),Dairy & Breakfast,Butter,0,Standard / Non-LUP,Stand-up Spout Pouch,171.5,175.0,1000.0,1000.0,g,17.15,17.5,2.04,0.0,2.04,0.0202,0.0202,0.0,0.0,1.0,0.0,Q4: Stable / Fair Value,Q4_Stable_Fair,0,0
DAI-AMU-2263,Amul Taaza Milk (Toned Milk),Amul,GCMMF (Amul),Dairy & Breakfast,Toned Milk,0,Standard / Non-LUP,HDPE Plastic Bottle,68.0,81.3,100.0,100.0,ml,68.0,81.3,19.56,0.0,19.56,0.1786,0.1786,0.0,0.0,1.0,0.0,"Q1: Overt Inflation (Price Up, Weight Flat)",Q1_Overt_Inflation,0,0
DAI-AMU-2277,Amul Taaza Milk (Butter),Amul,GCMMF (Amul),Dairy & Breakfast,Butter,0,Standard / Non-LUP,Poly Bag,237.5,237.5,200.0,200.0,ml,118.75,118.75,0.0,0.0,0.0,0.0,0.0,0.0,0.0,0.0,0.0,Q4: Stable / Fair Value,Q4_Stable_Fair,0,0
DAI-AMU-2281,Amul Pure Ghee (Ghee),Amul,GCMMF (Amul),Dairy & Breakfast,Ghee,0,Standard / Non-LUP,Flow Wrap,68.0,75.0,200.0,176.7,ml,34.0,42.44,10.29,-11.65,24.82,0.2217,0.098,-0.1239,0.5586,0.4419,0.4693,Q3: Double Whammy (Price Up + Weight Down),Q3_Double_Whammy,1,1
DAI-AMU-2285,Amul Taaza Milk (Processed Cheese),Amul,GCMMF (Amul),Dairy & Breakfast,Processed Cheese,0,Standard / Non-LUP,Paper Wrapper,245.0,250.0,200.0,200.0,ml,122.5,125.0,2.04,0.0,2.04,0.0202,0.0202,0.0,0.0,1.0,0.0,Q4: Stable / Fair Value,Q4_Stable_Fair,0,0
DAI-AMU-2296,Amul Cheese Slices (Ghee),Amul,GCMMF (Amul),Dairy & Breakfast,Ghee,0,Standard / Non-LUP,Stand-up Spout Pouch,120.0,134.4,1000.0,810.0,g,12.0,16.59,12.0,-19.0,38.25,0.3239,0.1133,-0.2107,0.6506,0.3499,0.4967,Q3: Double Whammy (Price Up + Weight Down),Q3_Double_Whammy,1,1
DAI-AMU-2329,Amul Pure Ghee (Processed Cheese),Amul,GCMMF (Amul),Dairy & Breakfast,Processed Cheese,1,₹5 Pack,HDPE Plastic Bottle,5.0,6.0,18.0,15.2,g,27.78,39.47,20.0,-15.56,42.08,0.3512,0.1823,-0.1691,0.4814,0.5191,0.3697,Q3: Double Whammy (Price Up + Weight Down),Q3_Double_Whammy,1,1
DAI-AMU-2375,Amul Taaza Milk (Butter),Amul,GCMMF (Amul),Dairy & Breakfast,Butter,0,Standard / Non-LUP,HDPE Plastic Bottle,64.6,80.8,1000.0,1000.0,ml,6.46,8.08,25.08,0.0,25.08,0.2238,0.2238,0.0,0.0,1.0,0.0,"Q1: Overt Inflation (Price Up, Weight Flat)",Q1_Overt_Inflation,0,0
DAI-AMU-2387,Amul Taaza Milk (Toned Milk),Amul,GCMMF (Amul),Dairy & Breakfast,Toned Milk,0,Standard / Non-LUP,Flow Wrap,68.0,65.3,100.0,77.8,ml,68.0,83.93,-3.97,-22.2,23.43,0.2105,-0.0405,-0.251,1.0,0.0,0.9476,"Q2: Silent Shrinkflation (Weight Down, Price Flat)",Q2_Silent_Shrink,1,1
DAI-KEL-1041,Kellogg's Corn Flakes (Flaked Corn),Kellogg's,Kellogg India,Dairy & Breakfast,Flaked Corn,0,Standard / Non-LUP,Mono Carton Box,240.0,237.5,100.0,79.5,g,240.0,298.74,-1.04,-20.5,24.48,0.2189,-0.0105,-0.2294,1.0,0.0,0.8376,"Q2: Silent Shrinkflation (Weight Down, Price Flat)",Q2_Silent_Shrink,1,1
DAI-KEL-1127,Kellogg's Oats (Flaked Corn),Kellogg's,Kellogg India,Dairy & Breakfast,Flaked Corn,0,Standard / Non-LUP,Poly Bag,114.0,149.0,1000.0,1000.0,g,11.4,14.9,30.7,0.0,30.7,0.2677,0.2677,0.0,0.0,1.0,0.0,"Q1: Overt Inflation (Price Up, Weight Flat)",Q1_Overt_Inflation,0,0
DAI-KEL-1137,Kellogg's Muesli (Breakfast Cereals),Kellogg's,Kellogg India,Dairy & Breakfast,Breakfast Cereals,0,Standard / Non-LUP,Flexible Pillow Pouch,245.0,240.0,500.0,500.0,g,49.0,48.0,-2.04,0.0,-2.04,-0.0206,-0.0206,0.0,0.0,0.0,0.0,Q4: Stable / Fair Value,Q4_Stable_Fair,0,0
DAI-KEL-1169,Kellogg's Oats (Breakfast Cereals),Kellogg's,Kellogg India,Dairy & Breakfast,Breakfast Cereals,0,Standard / Non-LUP,Nitrogen Flushed Foil Pouch,539.0,669.3,200.0,169.2,g,269.5,395.57,24.17,-15.4,46.78,0.3838,0.2165,-0.1672,0.4358,0.5642,0.3292,Q3: Double Whammy (Price Up + Weight Down),Q3_Double_Whammy,1,1
DAI-KEL-1189,Kellogg's Chocos (Flaked Corn),Kellogg's,Kellogg India,Dairy & Breakfast,Flaked Corn,0,Standard / Non-LUP,LDPE Pouch,68.0,86.0,1000.0,1000.0,g,6.8,8.6,26.47,0.0,26.47,0.2348,0.2348,0.0,0.0,1.0,0.0,"Q1: Overt Inflation (Price Up, Weight Flat)",Q1_Overt_Inflation,0,0
DAI-KEL-1199,Kellogg's Chocos (Flaked Corn),Kellogg's,Kellogg India,Dairy & Breakfast,Flaked Corn,0,Standard / Non-LUP,Nitrogen Flushed Foil Pouch,550.0,550.0,100.0,76.1,g,550.0,722.73,0.0,-23.9,31.41,0.2731,0.0,-0.2731,1.0,0.0,0.761,"Q2: Silent Shrinkflation (Weight Down, Price Flat)",Q2_Silent_Shrink,1,1
DAI-KEL-1269,Kellogg's Oats (Flaked Corn),Kellogg's,Kellogg India,Dairy & Breakfast,Flaked Corn,0,Standard / Non-LUP,Flexible Pillow Pouch,522.5,666.2,1000.0,1000.0,g,52.25,66.62,27.5,0.0,27.5,0.243,0.243,0.0,0.0,1.0,0.0,"Q1: Overt Inflation (Price Up, Weight Flat)",Q1_Overt_Inflation,0,0
DAI-KEL-1288,Kellogg's Oats (Flaked Corn),Kellogg's,Kellogg India,Dairy & Breakfast,Flaked Corn,1,₹10 Pack,Mono Carton Box,10.0,12.0,35.0,30.9,g,28.57,38.83,20.0,-11.71,35.91,0.3068,0.1823,-0.1246,0.4061,0.5942,0.3262,Q3: Double Whammy (Price Up + Weight Down),Q3_Double_Whammy,1,1
DAI-KEL-1435,Kellogg's Muesli (Breakfast Cereals),Kellogg's,Kellogg India,Dairy & Breakfast,Breakfast Cereals,1,₹50 Pack,LDPE Pouch,50.0,62.0,150.0,121.5,g,33.33,51.03,24.0,-19.0,53.11,0.426,0.2151,-0.2107,0.4947,0.505,0.3578,Q3: Double Whammy (Price Up + Weight Down),Q3_Double_Whammy,1,1
DAI-KEL-1461,Kellogg's Muesli (Breakfast Cereals),Kellogg's,Kellogg India,Dairy & Breakfast,Breakfast Cereals,1,₹10 Pack,Stand-up Spout Pouch,10.0,10.0,30.0,24.3,g,33.33,41.15,0.0,-19.0,23.46,0.2108,0.0,-0.2107,0.9998,0.0,0.8098,"Q2: Silent Shrinkflation (Weight Down, Price Flat)",Q2_Silent_Shrink,1,1
DAI-KEL-1514,Kellogg's Oats (Flaked Corn),Kellogg's,Kellogg India,Dairy & Breakfast,Flaked Corn,0,Standard / Non-LUP,Nitrogen Flushed Foil Pouch,237.5,324.4,100.0,88.4,g,237.5,366.97,36.59,-11.6,54.51,0.4351,0.3118,-0.1233,0.2834,0.7166,0.2128,Q3: Double Whammy (Price Up + Weight Down),Q3_Double_Whammy,1,1
DAI-KEL-1562,Kellogg's Oats (Flaked Corn),Kellogg's,Kellogg India,Dairy & Breakfast,Flaked Corn,0,Standard / Non-LUP,Flexible Pillow Pouch,48.0,63.4,200.0,169.2,g,24.0,37.47,32.08,-15.4,56.12,0.4455,0.2783,-0.1672,0.3754,0.6246,0.2744,Q3: Double Whammy (Price Up + Weight Down),Q3_Double_Whammy,1,1
DAI-KEL-1569,Kellogg's Chocos (Flaked Corn),Kellogg's,Kellogg India,Dairy & Breakfast,Flaked Corn,0,Standard / Non-LUP,LDPE Pouch,250.0,245.0,500.0,372.6,g,50.0,65.75,-2.0,-25.48,31.5,0.2738,-0.0202,-0.2941,1.0,0.0,0.8089,"Q2: Silent Shrinkflation (Weight Down, Price Flat)",Q2_Silent_Shrink,1,1
DAI-KEL-1575,Kellogg's Oats (Breakfast Cereals),Kellogg's,Kellogg India,Dairy & Breakfast,Breakfast Cereals,1,₹10 Pack,Flow Wrap,10.0,13.0,30.0,25.4,g,33.33,51.18,30.0,-15.33,53.56,0.4289,0.2624,-0.1664,0.3881,0.6117,0.2863,Q3: Double Whammy (Price Up + Weight Down),Q3_Double_Whammy,1,1
DAI-KEL-1619,Kellogg's Oats (Breakfast Cereals),Kellogg's,Kellogg India,Dairy & Breakfast,Breakfast Cereals,0,Standard / Non-LUP,HDPE Plastic Bottle,65.3,82.6,1000.0,1000.0,g,6.53,8.26,26.49,0.0,26.49,0.235,0.235,0.0,0.0,1.0,0.0,"Q1: Overt Inflation (Price Up, Weight Flat)",Q1_Overt_Inflation,0,0
DAI-KEL-1672,Kellogg's Muesli (Flaked Corn),Kellogg's,Kellogg India,Dairy & Breakfast,Flaked Corn,0,Standard / Non-LUP,Paper Wrapper,114.0,137.2,500.0,441.8,g,22.8,31.05,20.35,-11.64,36.18,0.3088,0.1852,-0.1238,0.4007,0.5998,0.3217,Q3: Double Whammy (Price Up + Weight Down),Q3_Double_Whammy,1,1
DAI-KEL-1676,Kellogg's Oats (Breakfast Cereals),Kellogg's,Kellogg India,Dairy & Breakfast,Breakfast Cereals,0,Standard / Non-LUP,Mono Carton Box,68.0,68.0,200.0,145.7,g,34.0,46.67,0.0,-27.15,37.26,0.3167,0.0,-0.3168,1.0,0.0,0.7286,"Q2: Silent Shrinkflation (Weight Down, Price Flat)",Q2_Silent_Shrink,1,1
DAI-KEL-1687,Kellogg's Oats (Breakfast Cereals),Kellogg's,Kellogg India,Dairy & Breakfast,Breakfast Cereals,0,Standard / Non-LUP,Flow Wrap,240.0,292.0,1000.0,1000.0,g,24.0,29.2,21.67,0.0,21.67,0.1961,0.1961,0.0,0.0,1.0,0.0,"Q1: Overt Inflation (Price Up, Weight Flat)",Q1_Overt_Inflation,0,0
DAI-KEL-1704,Kellogg's Oats (Flaked Corn),Kellogg's,Kellogg India,Dairy & Breakfast,Flaked Corn,1,₹10 Pack,Flexible Pillow Pouch,10.0,12.0,25.0,21.2,g,40.0,56.6,20.0,-15.2,41.5,0.3471,0.1823,-0.1649,0.475,0.5252,0.3663,Q3: Double Whammy (Price Up + Weight Down),Q3_Double_Whammy,1,1
DAI-KEL-1723,Kellogg's Muesli (Flaked Corn),Kellogg's,Kellogg India,Dairy & Breakfast,Flaked Corn,1,₹20 Pack,Paper Wrapper,20.0,20.0,60.0,45.7,g,33.33,43.76,0.0,-23.83,31.29,0.2723,0.0,-0.2722,0.9999,0.0,0.7616,"Q2: Silent Shrinkflation (Weight Down, Price Flat)",Q2_Silent_Shrink,1,1
DAI-KEL-1837,Kellogg's Muesli (Breakfast Cereals),Kellogg's,Kellogg India,Dairy & Breakfast,Breakfast Cereals,0,Standard / Non-LUP,LDPE Pouch,528.0,648.9,100.0,84.6,g,528.0,767.02,22.9,-15.4,45.27,0.3734,0.2062,-0.1672,0.4479,0.5522,0.3402,Q3: Double Whammy (Price Up + Weight Down),Q3_Double_Whammy,1,1
DAI-KEL-1927,Kellogg's Muesli (Flaked Corn),Kellogg's,Kellogg India,Dairy & Breakfast,Flaked Corn,1,₹5 Pack,Mono Carton Box,5.0,7.0,25.0,21.2,g,20.0,33.02,40.0,-15.2,65.1,0.5014,0.3365,-0.1649,0.3288,0.6711,0.2335,Q3: Double Whammy (Price Up + Weight Down),Q3_Double_Whammy,1,1
DAI-KEL-2021,Kellogg's Chocos (Flaked Corn),Kellogg's,Kellogg India,Dairy & Breakfast,Flaked Corn,1,₹10 Pack,Nitrogen Flushed Foil Pouch,10.0,10.0,25.0,19.5,g,40.0,51.28,0.0,-22.0,28.2,0.2484,0.0,-0.2485,1.0,0.0,0.7801,"Q2: Silent Shrinkflation (Weight Down, Price Flat)",Q2_Silent_Shrink,1,1
DAI-KEL-2023,Kellogg's Muesli (Flaked Corn),Kellogg's,Kellogg India,Dairy & Breakfast,Flaked Corn,0,Standard / Non-LUP,Stand-up Spout Pouch,171.5,206.1,100.0,81.0,g,171.5,254.44,20.17,-19.0,48.36,0.3945,0.1838,-0.2107,0.5342,0.4659,0.3929,Q3: Double Whammy (Price Up + Weight Down),Q3_Double_Whammy,1,1
DAI-KEL-2028,Kellogg's Chocos (Breakfast Cereals),Kellogg's,Kellogg India,Dairy & Breakfast,Breakfast Cereals,0,Standard / Non-LUP,HDPE Plastic Bottle,237.5,303.8,100.0,81.0,g,237.5,375.06,27.92,-19.0,57.92,0.4569,0.2462,-0.2107,0.4612,0.5388,0.328,Q3: Double Whammy (Price Up + Weight Down),Q3_Double_Whammy,1,1
DAI-KEL-2054,Kellogg's Chocos (Breakfast Cereals),Kellogg's,Kellogg India,Dairy & Breakfast,Breakfast Cereals,1,₹50 Pack,Mono Carton Box,50.0,66.0,115.0,97.3,g,43.48,67.83,32.0,-15.39,56.0,0.4447,0.2776,-0.1671,0.3758,0.6243,0.2748,Q3: Double Whammy (Price Up + Weight Down),Q3_Double_Whammy,1,1
DAI-KEL-2123,Kellogg's Corn Flakes (Flaked Corn),Kellogg's,Kellogg India,Dairy & Breakfast,Flaked Corn,1,₹10 Pack,Mono Carton Box,10.0,10.0,30.0,23.8,g,33.33,42.02,0.0,-20.67,26.07,0.2317,0.0,-0.2315,0.9992,0.0,0.7927,"Q2: Silent Shrinkflation (Weight Down, Price Flat)",Q2_Silent_Shrink,1,1
DAI-KEL-2254,Kellogg's Oats (Flaked Corn),Kellogg's,Kellogg India,Dairy & Breakfast,Flaked Corn,0,Standard / Non-LUP,LDPE Pouch,64.6,64.6,500.0,372.2,g,12.92,17.36,0.0,-25.56,34.37,0.2954,0.0,-0.2952,0.9993,0.0,0.7438,"Q2: Silent Shrinkflation (Weight Down, Price Flat)",Q2_Silent_Shrink,1,1
DAI-KEL-2255,Kellogg's Corn Flakes (Breakfast Cereals),Kellogg's,Kellogg India,Dairy & Breakfast,Breakfast Cereals,0,Standard / Non-LUP,Mono Carton Box,175.0,221.8,200.0,176.7,g,87.5,125.52,26.74,-11.65,43.45,0.3608,0.237,-0.1239,0.3433,0.6568,0.2681,Q3: Double Whammy (Price Up + Weight Down),Q3_Double_Whammy,1,1
DAI-KEL-2272,Kellogg's Muesli (Flaked Corn),Kellogg's,Kellogg India,Dairy & Breakfast,Flaked Corn,0,Standard / Non-LUP,Flow Wrap,115.2,117.6,100.0,77.8,g,115.2,151.16,2.08,-22.2,31.22,0.2717,0.0206,-0.251,0.924,0.0759,0.7112,"Q2: Silent Shrinkflation (Weight Down, Price Flat)",Q2_Silent_Shrink,1,1
DAI-KEL-2360,Kellogg's Corn Flakes (Breakfast Cereals),Kellogg's,Kellogg India,Dairy & Breakfast,Breakfast Cereals,0,Standard / Non-LUP,Nitrogen Flushed Foil Pouch,65.3,78.7,1000.0,1000.0,g,6.53,7.87,20.52,0.0,20.52,0.1867,0.1867,0.0,0.0,1.0,0.0,"Q1: Overt Inflation (Price Up, Weight Flat)",Q1_Overt_Inflation,0,0
DAI-KEL-2393,Kellogg's Oats (Flaked Corn),Kellogg's,Kellogg India,Dairy & Breakfast,Flaked Corn,1,₹50 Pack,LDPE Pouch,50.0,50.0,175.0,136.2,g,28.57,36.71,0.0,-22.17,28.49,0.2507,0.0,-0.2507,0.9999,0.0,0.7782,"Q2: Silent Shrinkflation (Weight Down, Price Flat)",Q2_Silent_Shrink,1,1
DAI-MOT-1007,Mother Dairy Full Cream Milk (Butter),Mother,Mother Dairy,Dairy & Breakfast,Butter,1,₹10 Pack,Flow Wrap,10.0,10.0,30.0,20.9,g,33.33,47.85,0.0,-30.33,43.56,0.3616,0.0,-0.3614,0.9995,0.0,0.6963,"Q2: Silent Shrinkflation (Weight Down, Price Flat)",Q2_Silent_Shrink,1,1
DAI-MOT-1032,Mother Dairy Full Cream Milk (Milk),Mother,Mother Dairy,Dairy & Breakfast,Milk,0,Standard / Non-LUP,Poly Bag,250.0,245.0,200.0,148.9,ml,125.0,164.54,-2.0,-25.55,31.63,0.2748,-0.0202,-0.295,1.0,0.0,0.8077,"Q2: Silent Shrinkflation (Weight Down, Price Flat)",Q2_Silent_Shrink,1,1
DAI-MOT-1158,Mother Dairy Salted Butter (Ghee),Mother,Mother Dairy,Dairy & Breakfast,Ghee,0,Standard / Non-LUP,Poly Bag,550.0,609.9,500.0,405.0,g,110.0,150.59,10.89,-19.0,36.9,0.3141,0.1034,-0.2107,0.6709,0.3291,0.5149,Q3: Double Whammy (Price Up + Weight Down),Q3_Double_Whammy,1,1
DAI-MOT-1263,Mother Dairy Salted Butter (Milk),Mother,Mother Dairy,Dairy & Breakfast,Milk,0,Standard / Non-LUP,Nitrogen Flushed Foil Pouch,66.6,64.6,100.0,76.1,g,66.6,84.89,-3.0,-23.9,27.46,0.2427,-0.0305,-0.2731,1.0,0.0,0.8703,"Q2: Silent Shrinkflation (Weight Down, Price Flat)",Q2_Silent_Shrink,1,1
DAI-MOT-1359,Mother Dairy Salted Butter (Butter),Mother,Mother Dairy,Dairy & Breakfast,Butter,0,Standard / Non-LUP,Nitrogen Flushed Foil Pouch,250.0,245.0,100.0,100.0,g,250.0,245.0,-2.0,0.0,-2.0,-0.0202,-0.0202,0.0,0.0,0.0,0.0,Q4: Stable / Fair Value,Q4_Stable_Fair,0,0
DAI-MOT-1447,Mother Dairy Full Cream Milk (Milk),Mother,Mother Dairy,Dairy & Breakfast,Milk,0,Standard / Non-LUP,LDPE Pouch,66.6,65.3,200.0,149.0,ml,33.3,43.83,-1.95,-25.5,31.62,0.2748,-0.0197,-0.2944,1.0,0.0,0.8064,"Q2: Silent Shrinkflation (Weight Down, Price Flat)",Q2_Silent_Shrink,1,1
DAI-MOT-1571,Mother Dairy Full Cream Milk (Butter),Mother,Mother Dairy,Dairy & Breakfast,Butter,0,Standard / Non-LUP,Flexible Pillow Pouch,64.6,79.7,100.0,100.0,ml,64.6,79.7,23.37,0.0,23.37,0.2101,0.2101,0.0,0.0,1.0,0.0,"Q1: Overt Inflation (Price Up, Weight Flat)",Q1_Overt_Inflation,0,0
DAI-MOT-1581,Mother Dairy Full Cream Milk (Milk),Mother,Mother Dairy,Dairy & Breakfast,Milk,1,₹20 Pack,HDPE Plastic Bottle,20.0,20.0,60.0,48.8,g,33.33,40.98,0.0,-18.67,22.95,0.2066,0.0,-0.2066,0.9999,0.0,0.8133,"Q2: Silent Shrinkflation (Weight Down, Price Flat)",Q2_Silent_Shrink,1,1
DAI-MOT-1584,Mother Dairy Salted Butter (Ghee),Mother,Mother Dairy,Dairy & Breakfast,Ghee,0,Standard / Non-LUP,Flexible Pillow Pouch,65.3,64.6,500.0,389.2,g,13.06,16.6,-1.07,-22.16,27.11,0.2398,-0.0108,-0.2505,1.0,0.0,0.8175,"Q2: Silent Shrinkflation (Weight Down, Price Flat)",Q2_Silent_Shrink,1,1
DAI-MOT-1780,Mother Dairy Salted Butter (Milk),Mother,Mother Dairy,Dairy & Breakfast,Milk,0,Standard / Non-LUP,Paper Wrapper,66.6,68.0,100.0,100.0,g,66.6,68.0,2.1,0.0,2.1,0.0208,0.0208,0.0,0.0,1.0,0.0,Q4: Stable / Fair Value,Q4_Stable_Fair,0,0
DAI-MOT-1871,Mother Dairy Salted Butter (Milk),Mother,Mother Dairy,Dairy & Breakfast,Milk,0,Standard / Non-LUP,Mono Carton Box,240.0,303.8,1000.0,1000.0,g,24.0,30.38,26.58,0.0,26.58,0.2357,0.2357,0.0,0.0,1.0,0.0,"Q1: Overt Inflation (Price Up, Weight Flat)",Q1_Overt_Inflation,0,0
DAI-MOT-1930,Mother Dairy Cow Ghee (Butter),Mother,Mother Dairy,Dairy & Breakfast,Butter,0,Standard / Non-LUP,Flow Wrap,528.0,694.0,1000.0,1000.0,ml,52.8,69.4,31.44,0.0,31.44,0.2734,0.2734,0.0,0.0,1.0,0.0,"Q1: Overt Inflation (Price Up, Weight Flat)",Q1_Overt_Inflation,0,0
DAI-MOT-1982,Mother Dairy Salted Butter (Butter),Mother,Mother Dairy,Dairy & Breakfast,Butter,0,Standard / Non-LUP,Nitrogen Flushed Foil Pouch,250.0,245.0,100.0,76.1,g,250.0,321.94,-2.0,-23.9,28.78,0.2529,-0.0202,-0.2731,1.0,0.0,0.8306,"Q2: Silent Shrinkflation (Weight Down, Price Flat)",Q2_Silent_Shrink,1,1
DAI-MOT-2109,Mother Dairy Salted Butter (Milk),Mother,Mother Dairy,Dairy & Breakfast,Milk,0,Standard / Non-LUP,Mono Carton Box,171.5,211.7,200.0,200.0,g,85.75,105.85,23.44,0.0,23.44,0.2106,0.2106,0.0,0.0,1.0,0.0,"Q1: Overt Inflation (Price Up, Weight Flat)",Q1_Overt_Inflation,0,0
DAI-MOT-2251,Mother Dairy Full Cream Milk (Milk),Mother,Mother Dairy,Dairy & Breakfast,Milk,1,₹5 Pack,Nitrogen Flushed Foil Pouch,5.0,5.0,15.0,13.3,g,33.33,37.59,0.0,-11.33,12.78,0.1203,0.0,-0.1203,1.0,0.0,0.8867,"Q2: Silent Shrinkflation (Weight Down, Price Flat)",Q2_Silent_Shrink,1,1
DAI-MOT-2306,Mother Dairy Full Cream Milk (Ghee),Mother,Mother Dairy,Dairy & Breakfast,Ghee,0,Standard / Non-LUP,Mono Carton Box,49.0,58.9,1000.0,1000.0,ml,4.9,5.89,20.2,0.0,20.2,0.184,0.184,0.0,0.0,1.0,0.0,"Q1: Overt Inflation (Price Up, Weight Flat)",Q1_Overt_Inflation,0,0
DAI-MOT-2310,Mother Dairy Cow Ghee (Butter),Mother,Mother Dairy,Dairy & Breakfast,Butter,0,Standard / Non-LUP,Flow Wrap,114.0,143.1,100.0,100.0,ml,114.0,143.1,25.53,0.0,25.53,0.2273,0.2273,0.0,0.0,1.0,0.0,"Q1: Overt Inflation (Price Up, Weight Flat)",Q1_Overt_Inflation,0,0
DAI-NES-1045,Nestle Everyday Whitener (Infant Nutrition),Nestle,Nestle India,Dairy & Breakfast,Infant Nutrition,0,Standard / Non-LUP,HDPE Plastic Bottle,68.0,83.3,1000.0,1000.0,g,6.8,8.33,22.5,0.0,22.5,0.2029,0.2029,0.0,0.0,1.0,0.0,"Q1: Overt Inflation (Price Up, Weight Flat)",Q1_Overt_Inflation,0,0
DAI-NES-1100,Nestle Ceregrow (Infant Nutrition),Nestle,Nestle India,Dairy & Breakfast,Infant Nutrition,0,Standard / Non-LUP,Flow Wrap,166.2,168.0,1000.0,744.5,g,16.62,22.57,1.08,-25.55,35.8,0.306,0.0108,-0.295,0.9641,0.0352,0.7137,"Q2: Silent Shrinkflation (Weight Down, Price Flat)",Q2_Silent_Shrink,1,1
DAI-NES-1133,Nestle Everyday Whitener (Dairy Whitener),Nestle,Nestle India,Dairy & Breakfast,Dairy Whitener,0,Standard / Non-LUP,LDPE Pouch,114.0,147.0,500.0,423.0,g,22.8,34.75,28.95,-15.4,52.41,0.4214,0.2542,-0.1672,0.3968,0.6033,0.2938,Q3: Double Whammy (Price Up + Weight Down),Q3_Double_Whammy,1,1
DAI-NES-1278,Nestle Ceregrow (Infant Nutrition),Nestle,Nestle India,Dairy & Breakfast,Infant Nutrition,0,Standard / Non-LUP,LDPE Pouch,120.0,146.0,1000.0,1000.0,g,12.0,14.6,21.67,0.0,21.67,0.1961,0.1961,0.0,0.0,1.0,0.0,"Q1: Overt Inflation (Price Up, Weight Flat)",Q1_Overt_Inflation,0,0
DAI-NES-1308,Nestle Everyday Whitener (Infant Nutrition),Nestle,Nestle India,Dairy & Breakfast,Infant Nutrition,0,Standard / Non-LUP,Mono Carton Box,522.5,539.0,500.0,500.0,g,104.5,107.8,3.16,0.0,3.16,0.0311,0.0311,0.0,0.0,1.0,0.0,"Q1: Overt Inflation (Price Up, Weight Flat)",Q1_Overt_Inflation,0,0
DAI-NES-1408,Nestle Everyday Whitener (Dairy Whitener),Nestle,Nestle India,Dairy & Breakfast,Dairy Whitener,0,Standard / Non-LUP,Stand-up Spout Pouch,117.6,120.0,500.0,380.9,g,23.52,31.5,2.04,-23.82,33.93,0.2921,0.0202,-0.2721,0.9313,0.0692,0.7021,"Q2: Silent Shrinkflation (Weight Down, Price Flat)",Q2_Silent_Shrink,1,1
DAI-NES-1475,Nestle Milkmaid (Infant Nutrition),Nestle,Nestle India,Dairy & Breakfast,Infant Nutrition,0,Standard / Non-LUP,Mono Carton Box,114.0,114.0,500.0,397.6,ml,22.8,28.67,0.0,-20.48,25.75,0.2291,0.0,-0.2292,1.0,0.0,0.7955,"Q2: Silent Shrinkflation (Weight Down, Price Flat)",Q2_Silent_Shrink,1,1
DAI-NES-1502,Nestle Everyday Whitener (Infant Nutrition),Nestle,Nestle India,Dairy & Breakfast,Infant Nutrition,1,₹10 Pack,Stand-up Spout Pouch,10.0,10.0,25.0,19.5,g,40.0,51.28,0.0,-22.0,28.2,0.2484,0.0,-0.2485,1.0,0.0,0.7801,"Q2: Silent Shrinkflation (Weight Down, Price Flat)",Q2_Silent_Shrink,1,1
DAI-NES-1523,Nestle Milkmaid (Infant Nutrition),Nestle,Nestle India,Dairy & Breakfast,Infant Nutrition,1,₹20 Pack,Paper Wrapper,20.0,20.0,120.0,91.4,g,16.67,21.88,0.0,-23.83,31.25,0.272,0.0,-0.2722,1.0,0.0,0.7626,"Q2: Silent Shrinkflation (Weight Down, Price Flat)",Q2_Silent_Shrink,1,1
DAI-NES-1525,Nestle Everyday Whitener (Infant Nutrition),Nestle,Nestle India,Dairy & Breakfast,Infant Nutrition,0,Standard / Non-LUP,Stand-up Spout Pouch,115.2,146.0,200.0,200.0,g,57.6,73.0,26.74,0.0,26.74,0.2369,0.2369,0.0,0.0,1.0,0.0,"Q1: Overt Inflation (Price Up, Weight Flat)",Q1_Overt_Inflation,0,0
DAI-NES-1526,Nestle Ceregrow (Dairy Whitener),Nestle,Nestle India,Dairy & Breakfast,Dairy Whitener,0,Standard / Non-LUP,Nitrogen Flushed Foil Pouch,47.5,47.5,200.0,155.5,g,23.75,30.55,0.0,-22.25,28.63,0.2518,0.0,-0.2517,0.9996,0.0,0.7771,"Q2: Silent Shrinkflation (Weight Down, Price Flat)",Q2_Silent_Shrink,1,1
DAI-NES-1531,Nestle Ceregrow (Infant Nutrition),Nestle,Nestle India,Dairy & Breakfast,Infant Nutrition,0,Standard / Non-LUP,Stand-up Spout Pouch,522.5,550.0,500.0,500.0,g,104.5,110.0,5.26,0.0,5.26,0.0513,0.0513,0.0,0.0,1.0,0.0,"Q1: Overt Inflation (Price Up, Weight Flat)",Q1_Overt_Inflation,0,0
DAI-NES-1552,Nestle Milkmaid (Infant Nutrition),Nestle,Nestle India,Dairy & Breakfast,Infant Nutrition,0,Standard / Non-LUP,Flow Wrap,550.0,528.0,200.0,200.0,ml,275.0,264.0,-4.0,0.0,-4.0,-0.0408,-0.0408,0.0,0.0,0.0,0.0,Q4: Stable / Fair Value,Q4_Stable_Fair,0,0
DAI-NES-1580,Nestle Everyday Whitener (Dairy Whitener),Nestle,Nestle India,Dairy & Breakfast,Dairy Whitener,0,Standard / Non-LUP,LDPE Pouch,120.0,143.4,100.0,100.0,g,120.0,143.4,19.5,0.0,19.5,0.1781,0.1781,0.0,0.0,1.0,0.0,"Q1: Overt Inflation (Price Up, Weight Flat)",Q1_Overt_Inflation,0,0
DAI-NES-1621,Nestle Everyday Whitener (Infant Nutrition),Nestle,Nestle India,Dairy & Breakfast,Infant Nutrition,0,Standard / Non-LUP,Flow Wrap,522.5,550.0,1000.0,744.5,g,52.25,73.88,5.26,-25.55,41.4,0.3464,0.0513,-0.295,0.8517,0.1481,0.6172,Q3: Double Whammy (Price Up + Weight Down),Q3_Double_Whammy,1,1
DAI-NES-1662,Nestle Milkmaid (Dairy Whitener),Nestle,Nestle India,Dairy & Breakfast,Dairy Whitener,0,Standard / Non-LUP,Flow Wrap,237.5,313.9,200.0,200.0,ml,118.75,156.95,32.17,0.0,32.17,0.2789,0.2789,0.0,0.0,1.0,0.0,"Q1: Overt Inflation (Price Up, Weight Flat)",Q1_Overt_Inflation,0,0
DAI-NES-1727,Nestle Everyday Whitener (Dairy Whitener),Nestle,Nestle India,Dairy & Breakfast,Dairy Whitener,0,Standard / Non-LUP,Nitrogen Flushed Foil Pouch,539.0,539.0,100.0,71.3,g,539.0,755.96,0.0,-28.7,40.25,0.3383,0.0,-0.3383,1.0,0.0,0.713,"Q2: Silent Shrinkflation (Weight Down, Price Flat)",Q2_Silent_Shrink,1,1
DAI-NES-1735,Nestle Milkmaid (Infant Nutrition),Nestle,Nestle India,Dairy & Breakfast,Infant Nutrition,0,Standard / Non-LUP,Mono Carton Box,237.5,298.6,100.0,84.6,ml,237.5,352.96,25.73,-15.4,48.61,0.3962,0.2289,-0.1672,0.4221,0.5779,0.3168,Q3: Double Whammy (Price Up + Weight Down),Q3_Double_Whammy,1,1
DAI-NES-1737,Nestle Ceregrow (Infant Nutrition),Nestle,Nestle India,Dairy & Breakfast,Infant Nutrition,1,₹5 Pack,Flexible Pillow Pouch,5.0,5.0,20.0,13.6,g,25.0,36.76,0.0,-32.0,47.04,0.3855,0.0,-0.3857,1.0,0.0,0.6803,"Q2: Silent Shrinkflation (Weight Down, Price Flat)",Q2_Silent_Shrink,1,1
DAI-NES-1806,Nestle Ceregrow (Infant Nutrition),Nestle,Nestle India,Dairy & Breakfast,Infant Nutrition,1,₹10 Pack,Nitrogen Flushed Foil Pouch,10.0,10.0,35.0,27.8,g,28.57,35.97,0.0,-20.57,25.9,0.2303,0.0,-0.2303,0.9999,0.0,0.7942,"Q2: Silent Shrinkflation (Weight Down, Price Flat)",Q2_Silent_Shrink,1,1
DAI-NES-1925,Nestle Everyday Whitener (Dairy Whitener),Nestle,Nestle India,Dairy & Breakfast,Dairy Whitener,0,Standard / Non-LUP,LDPE Pouch,539.0,522.5,500.0,389.2,g,107.8,134.25,-3.06,-22.16,24.54,0.2194,-0.0311,-0.2505,1.0,0.0,0.9032,"Q2: Silent Shrinkflation (Weight Down, Price Flat)",Q2_Silent_Shrink,1,1
DAI-NES-1959,Nestle Everyday Whitener (Dairy Whitener),Nestle,Nestle India,Dairy & Breakfast,Dairy Whitener,1,₹50 Pack,Nitrogen Flushed Foil Pouch,50.0,50.0,100.0,74.5,g,50.0,67.11,0.0,-25.5,34.22,0.2943,0.0,-0.2944,1.0,0.0,0.7452,"Q2: Silent Shrinkflation (Weight Down, Price Flat)",Q2_Silent_Shrink,1,1
DAI-NES-1990,Nestle Ceregrow (Infant Nutrition),Nestle,Nestle India,Dairy & Breakfast,Infant Nutrition,1,₹20 Pack,Flow Wrap,20.0,26.0,120.0,101.5,g,16.67,25.62,30.0,-15.42,53.69,0.4298,0.2624,-0.1674,0.3896,0.6105,0.2871,Q3: Double Whammy (Price Up + Weight Down),Q3_Double_Whammy,1,1
DAI-NES-2038,Nestle Everyday Whitener (Infant Nutrition),Nestle,Nestle India,Dairy & Breakfast,Infant Nutrition,1,₹50 Pack,Mono Carton Box,50.0,62.0,125.0,105.8,g,40.0,58.6,24.0,-15.36,46.5,0.3819,0.2151,-0.1668,0.4367,0.5633,0.3303,Q3: Double Whammy (Price Up + Weight Down),Q3_Double_Whammy,1,1
DAI-NES-2065,Nestle Everyday Whitener (Dairy Whitener),Nestle,Nestle India,Dairy & Breakfast,Dairy Whitener,0,Standard / Non-LUP,Stand-up Spout Pouch,64.6,81.6,1000.0,1000.0,g,6.46,8.16,26.32,0.0,26.32,0.2336,0.2336,0.0,0.0,1.0,0.0,"Q1: Overt Inflation (Price Up, Weight Flat)",Q1_Overt_Inflation,0,0
DAI-NES-2094,Nestle Ceregrow (Infant Nutrition),Nestle,Nestle India,Dairy & Breakfast,Infant Nutrition,0,Standard / Non-LUP,LDPE Pouch,245.0,311.0,500.0,423.0,g,49.0,73.52,26.94,-15.4,50.04,0.4057,0.2385,-0.1672,0.4122,0.5879,0.3077,Q3: Double Whammy (Price Up + Weight Down),Q3_Double_Whammy,1,1
DAI-NES-2110,Nestle Ceregrow (Infant Nutrition),Nestle,Nestle India,Dairy & Breakfast,Infant Nutrition,0,Standard / Non-LUP,Stand-up Spout Pouch,550.0,748.0,1000.0,1000.0,g,55.0,74.8,36.0,0.0,36.0,0.3075,0.3075,0.0,0.0,1.0,0.0,"Q1: Overt Inflation (Price Up, Weight Flat)",Q1_Overt_Inflation,0,0
DAI-NES-2128,Nestle Milkmaid (Infant Nutrition),Nestle,Nestle India,Dairy & Breakfast,Infant Nutrition,0,Standard / Non-LUP,Mono Carton Box,175.0,171.5,500.0,356.4,ml,35.0,48.12,-2.0,-28.72,37.49,0.3183,-0.0202,-0.3386,1.0,0.0,0.7662,"Q2: Silent Shrinkflation (Weight Down, Price Flat)",Q2_Silent_Shrink,1,1
DAI-SAF-1060,Saffola Oodles (Instant Noodles),Saffola,Marico,Dairy & Breakfast,Instant Noodles,1,₹5 Pack,Mono Carton Box,5.0,5.0,25.0,19.5,g,20.0,25.64,0.0,-22.0,28.2,0.2484,0.0,-0.2485,1.0,0.0,0.7801,"Q2: Silent Shrinkflation (Weight Down, Price Flat)",Q2_Silent_Shrink,1,1
DAI-SAF-1097,Saffola Classic Oats (Instant Noodles),Saffola,Marico,Dairy & Breakfast,Instant Noodles,0,Standard / Non-LUP,LDPE Pouch,237.5,250.0,100.0,71.3,g,237.5,350.63,5.26,-28.7,47.63,0.3896,0.0513,-0.3383,0.8683,0.1317,0.6025,Q3: Double Whammy (Price Up + Weight Down),Q3_Double_Whammy,1,1
DAI-SAF-1115,Saffola Masala Oats (Instant Noodles),Saffola,Marico,Dairy & Breakfast,Instant Noodles,0,Standard / Non-LUP,Poly Bag,64.6,65.3,500.0,356.4,g,12.92,18.32,1.08,-28.72,41.8,0.3492,0.0108,-0.3386,0.9695,0.0309,0.6872,"Q2: Silent Shrinkflation (Weight Down, Price Flat)",Q2_Silent_Shrink,1,1
DAI-SAF-1141,Saffola Oodles (Instant Noodles),Saffola,Marico,Dairy & Breakfast,Instant Noodles,1,₹20 Pack,Stand-up Spout Pouch,20.0,20.0,110.0,78.4,g,18.18,25.51,0.0,-28.73,40.32,0.3387,0.0,-0.3387,0.9997,0.0,0.7125,"Q2: Silent Shrinkflation (Weight Down, Price Flat)",Q2_Silent_Shrink,1,1
DAI-SAF-1205,Saffola Classic Oats (Instant Noodles),Saffola,Marico,Dairy & Breakfast,Instant Noodles,0,Standard / Non-LUP,LDPE Pouch,48.0,57.0,200.0,200.0,g,24.0,28.5,18.75,0.0,18.75,0.1719,0.1719,0.0,0.0,1.0,0.0,"Q1: Overt Inflation (Price Up, Weight Flat)",Q1_Overt_Inflation,0,0
DAI-SAF-1285,Saffola Oodles (Instant Noodles),Saffola,Marico,Dairy & Breakfast,Instant Noodles,0,Standard / Non-LUP,Paper Wrapper,237.5,322.0,500.0,500.0,g,47.5,64.4,35.58,0.0,35.58,0.3044,0.3044,0.0,0.0,1.0,0.0,"Q1: Overt Inflation (Price Up, Weight Flat)",Q1_Overt_Inflation,0,0
DAI-SAF-1298,Saffola Oodles (Flavored Oats),Saffola,Marico,Dairy & Breakfast,Flavored Oats,0,Standard / Non-LUP,Mono Carton Box,250.0,245.0,500.0,356.2,g,50.0,68.78,-2.0,-28.76,37.56,0.3189,-0.0202,-0.3391,1.0,0.0,0.7657,"Q2: Silent Shrinkflation (Weight Down, Price Flat)",Q2_Silent_Shrink,1,1
DAI-SAF-1380,Saffola Oodles (Flavored Oats),Saffola,Marico,Dairy & Breakfast,Flavored Oats,0,Standard / Non-LUP,Flow Wrap,522.5,669.3,500.0,423.0,g,104.5,158.23,28.1,-15.4,51.42,0.4149,0.2476,-0.1672,0.4031,0.5968,0.2995,Q3: Double Whammy (Price Up + Weight Down),Q3_Double_Whammy,1,1
DAI-SAF-1462,Saffola Classic Oats (Instant Noodles),Saffola,Marico,Dairy & Breakfast,Instant Noodles,1,₹50 Pack,Flow Wrap,50.0,62.0,175.0,141.8,g,28.57,43.72,24.0,-18.97,53.03,0.4254,0.2151,-0.2104,0.4945,0.5056,0.3578,Q3: Double Whammy (Price Up + Weight Down),Q3_Double_Whammy,1,1
DAI-SAF-1561,Saffola Classic Oats (Instant Noodles),Saffola,Marico,Dairy & Breakfast,Instant Noodles,0,Standard / Non-LUP,Nitrogen Flushed Foil Pouch,166.2,166.2,500.0,500.0,g,33.24,33.24,0.0,0.0,0.0,0.0,0.0,0.0,0.0,0.0,0.0,Q4: Stable / Fair Value,Q4_Stable_Fair,0,0
DAI-SAF-1616,Saffola Classic Oats (Flavored Oats),Saffola,Marico,Dairy & Breakfast,Flavored Oats,0,Standard / Non-LUP,HDPE Plastic Bottle,48.0,59.8,1000.0,1000.0,g,4.8,5.98,24.58,0.0,24.58,0.2198,0.2198,0.0,0.0,1.0,0.0,"Q1: Overt Inflation (Price Up, Weight Flat)",Q1_Overt_Inflation,0,0
DAI-SAF-1679,Saffola Masala Oats (Flavored Oats),Saffola,Marico,Dairy & Breakfast,Flavored Oats,1,₹20 Pack,Paper Wrapper,20.0,20.0,120.0,93.4,g,16.67,21.41,0.0,-22.17,28.43,0.2502,0.0,-0.2506,1.0,0.0,0.7796,"Q2: Silent Shrinkflation (Weight Down, Price Flat)",Q2_Silent_Shrink,1,1
DAI-SAF-1887,Saffola Masala Oats (Flavored Oats),Saffola,Marico,Dairy & Breakfast,Flavored Oats,0,Standard / Non-LUP,HDPE Plastic Bottle,66.6,65.3,200.0,200.0,g,33.3,32.65,-1.95,0.0,-1.95,-0.0197,-0.0197,0.0,0.0,0.0,0.0,Q4: Stable / Fair Value,Q4_Stable_Fair,0,0
DAI-SAF-2117,Saffola Masala Oats (Flavored Oats),Saffola,Marico,Dairy & Breakfast,Flavored Oats,1,₹10 Pack,Flow Wrap,10.0,13.0,35.0,29.6,g,28.57,43.92,30.0,-15.43,53.73,0.43,0.2624,-0.1676,0.3897,0.6101,0.2872,Q3: Double Whammy (Price Up + Weight Down),Q3_Double_Whammy,1,1
DAI-SAF-2119,Saffola Oodles (Flavored Oats),Saffola,Marico,Dairy & Breakfast,Flavored Oats,0,Standard / Non-LUP,HDPE Plastic Bottle,171.5,225.0,200.0,200.0,g,85.75,112.5,31.2,0.0,31.2,0.2715,0.2715,0.0,0.0,1.0,0.0,"Q1: Overt Inflation (Price Up, Weight Flat)",Q1_Overt_Inflation,0,0
DAI-SAF-2132,Saffola Oodles (Flavored Oats),Saffola,Marico,Dairy & Breakfast,Flavored Oats,0,Standard / Non-LUP,Paper Wrapper,166.2,208.3,1000.0,1000.0,g,16.62,20.83,25.33,0.0,25.33,0.2258,0.2258,0.0,0.0,1.0,0.0,"Q1: Overt Inflation (Price Up, Weight Flat)",Q1_Overt_Inflation,0,0
DAI-SAF-2179,Saffola Classic Oats (Flavored Oats),Saffola,Marico,Dairy & Breakfast,Flavored Oats,0,Standard / Non-LUP,Paper Wrapper,65.3,82.6,100.0,100.0,g,65.3,82.6,26.49,0.0,26.49,0.235,0.235,0.0,0.0,1.0,0.0,"Q1: Overt Inflation (Price Up, Weight Flat)",Q1_Overt_Inflation,0,0
DAI-SAF-2198,Saffola Masala Oats (Flavored Oats),Saffola,Marico,Dairy & Breakfast,Flavored Oats,0,Standard / Non-LUP,Poly Bag,117.6,140.2,100.0,100.0,g,117.6,140.2,19.22,0.0,19.22,0.1758,0.1758,0.0,0.0,1.0,0.0,"Q1: Overt Inflation (Price Up, Weight Flat)",Q1_Overt_Inflation,0,0
DAI-SAF-2338,Saffola Oodles (Flavored Oats),Saffola,Marico,Dairy & Breakfast,Flavored Oats,0,Standard / Non-LUP,Flow Wrap,115.2,150.7,100.0,100.0,g,115.2,150.7,30.82,0.0,30.82,0.2686,0.2686,0.0,0.0,1.0,0.0,"Q1: Overt Inflation (Price Up, Weight Flat)",Q1_Overt_Inflation,0,0
DAI-SAF-2361,Saffola Masala Oats (Instant Noodles),Saffola,Marico,Dairy & Breakfast,Instant Noodles,1,₹10 Pack,Flow Wrap,10.0,14.0,30.0,25.4,g,33.33,55.12,40.0,-15.33,65.38,0.5031,0.3365,-0.1664,0.3309,0.6689,0.2345,Q3: Double Whammy (Price Up + Weight Down),Q3_Double_Whammy,1,1
HOM-ARI-1002,Ariel Liquid Detergent (Laundry Powder),Ariel,Procter & Gamble India,Home Care & Cleaning,Laundry Powder,0,Standard / Non-LUP,HDPE Plastic Bottle,72.0,73.5,500.0,388.8,ml,14.4,18.9,2.08,-22.24,31.25,0.2719,0.0206,-0.2515,0.925,0.0758,0.7117,"Q2: Silent Shrinkflation (Weight Down, Price Flat)",Q2_Silent_Shrink,1,1
HOM-ARI-1044,Ariel Matic Powder (Liquid Detergent),Ariel,Procter & Gamble India,Home Care & Cleaning,Liquid Detergent,0,Standard / Non-LUP,Stand-up Spout Pouch,95.0,125.4,1000.0,1000.0,g,9.5,12.54,32.0,0.0,32.0,0.2776,0.2776,0.0,0.0,1.0,0.0,"Q1: Overt Inflation (Price Up, Weight Flat)",Q1_Overt_Inflation,0,0
HOM-ARI-1099,Ariel Matic Powder (Liquid Detergent),Ariel,Procter & Gamble India,Home Care & Cleaning,Liquid Detergent,0,Standard / Non-LUP,Flow Wrap,240.0,228.0,2000.0,2000.0,g,12.0,11.4,-5.0,0.0,-5.0,-0.0513,-0.0513,0.0,0.0,0.0,0.0,Q4: Stable / Fair Value,Q4_Stable_Fair,0,0
HOM-ARI-1153,Ariel Liquid Detergent (Laundry Powder),Ariel,Procter & Gamble India,Home Care & Cleaning,Laundry Powder,0,Standard / Non-LUP,Flow Wrap,114.0,115.2,500.0,500.0,ml,22.8,23.04,1.05,0.0,1.05,0.0105,0.0105,0.0,0.0,1.0,0.0,Q4: Stable / Fair Value,Q4_Stable_Fair,0,0
HOM-ARI-1446,Ariel Matic Powder (Liquid Detergent),Ariel,Procter & Gamble India,Home Care & Cleaning,Liquid Detergent,0,Standard / Non-LUP,Flow Wrap,94.0,99.0,2000.0,2000.0,g,4.7,4.95,5.32,0.0,5.32,0.0518,0.0518,0.0,0.0,1.0,0.0,"Q1: Overt Inflation (Price Up, Weight Flat)",Q1_Overt_Inflation,0,0
HOM-ARI-1484,Ariel Matic Powder (Laundry Powder),Ariel,Procter & Gamble India,Home Care & Cleaning,Laundry Powder,0,Standard / Non-LUP,HDPE Plastic Bottle,150.0,186.0,500.0,500.0,g,30.0,37.2,24.0,0.0,24.0,0.2151,0.2151,0.0,0.0,1.0,0.0,"Q1: Overt Inflation (Price Up, Weight Flat)",Q1_Overt_Inflation,0,0
HOM-ARI-1493,Ariel Liquid Detergent (Liquid Detergent),Ariel,Procter & Gamble India,Home Care & Cleaning,Liquid Detergent,0,Standard / Non-LUP,Poly Bag,94.0,97.0,500.0,380.5,ml,18.8,25.49,3.19,-23.9,35.59,0.3044,0.0314,-0.2731,0.8972,0.1032,0.6716,Q3: Double Whammy (Price Up + Weight Down),Q3_Double_Whammy,1,1
HOM-ARI-1566,Ariel Liquid Detergent (Liquid Detergent),Ariel,Procter & Gamble India,Home Care & Cleaning,Liquid Detergent,0,Standard / Non-LUP,Poly Bag,240.0,296.0,2000.0,2000.0,ml,12.0,14.8,23.33,0.0,23.33,0.2097,0.2097,0.0,0.0,1.0,0.0,"Q1: Overt Inflation (Price Up, Weight Flat)",Q1_Overt_Inflation,0,0
HOM-ARI-1787,Ariel Matic Powder (Laundry Powder),Ariel,Procter & Gamble India,Home Care & Cleaning,Laundry Powder,0,Standard / Non-LUP,Stand-up Spout Pouch,235.2,240.0,2000.0,2000.0,g,11.76,12.0,2.04,0.0,2.04,0.0202,0.0202,0.0,0.0,1.0,0.0,Q4: Stable / Fair Value,Q4_Stable_Fair,0,0
HOM-ARI-1798,Ariel Matic Powder (Liquid Detergent),Ariel,Procter & Gamble India,Home Care & Cleaning,Liquid Detergent,0,Standard / Non-LUP,Flexible Pillow Pouch,240.0,290.1,2000.0,2000.0,g,12.0,14.51,20.88,0.0,20.92,0.1899,0.1896,0.0,0.0,0.9982,0.0,"Q1: Overt Inflation (Price Up, Weight Flat)",Q1_Overt_Inflation,0,0
HOM-ARI-1938,Ariel Liquid Detergent (Laundry Powder),Ariel,Procter & Gamble India,Home Care & Cleaning,Laundry Powder,0,Standard / Non-LUP,HDPE Plastic Bottle,235.2,298.3,2000.0,2000.0,ml,11.76,14.92,26.83,0.0,26.87,0.238,0.2377,0.0,0.0,0.9986,0.0,"Q1: Overt Inflation (Price Up, Weight Flat)",Q1_Overt_Inflation,0,0
HOM-ARI-1994,Ariel Liquid Detergent (Liquid Detergent),Ariel,Procter & Gamble India,Home Care & Cleaning,Liquid Detergent,0,Standard / Non-LUP,Paper Wrapper,120.0,150.1,1000.0,1000.0,ml,12.0,15.01,25.08,0.0,25.08,0.2238,0.2238,0.0,0.0,1.0,0.0,"Q1: Overt Inflation (Price Up, Weight Flat)",Q1_Overt_Inflation,0,0
HOM-ARI-2014,Ariel Liquid Detergent (Liquid Detergent),Ariel,Procter & Gamble India,Home Care & Cleaning,Liquid Detergent,0,Standard / Non-LUP,Flexible Pillow Pouch,307.2,313.6,2000.0,2000.0,ml,15.36,15.68,2.08,0.0,2.08,0.0206,0.0206,0.0,0.0,1.0,0.0,Q4: Stable / Fair Value,Q4_Stable_Fair,0,0
HOM-ARI-2068,Ariel Matic Powder (Liquid Detergent),Ariel,Procter & Gamble India,Home Care & Cleaning,Liquid Detergent,0,Standard / Non-LUP,Mono Carton Box,120.0,150.0,500.0,441.8,g,24.0,33.95,25.0,-11.64,41.46,0.3468,0.2231,-0.1238,0.3568,0.6434,0.2808,Q3: Double Whammy (Price Up + Weight Down),Q3_Double_Whammy,1,1
HOM-ARI-2108,Ariel Matic Powder (Laundry Powder),Ariel,Procter & Gamble India,Home Care & Cleaning,Laundry Powder,0,Standard / Non-LUP,LDPE Pouch,240.0,298.0,500.0,500.0,g,48.0,59.6,24.17,0.0,24.17,0.2165,0.2165,0.0,0.0,1.0,0.0,"Q1: Overt Inflation (Price Up, Weight Flat)",Q1_Overt_Inflation,0,0
HOM-COL-1345,Colin Glass Cleaner (Toilet Cleaner),Colin,Reckitt Benckiser,Home Care & Cleaning,Toilet Cleaner,0,Standard / Non-LUP,Poly Bag,75.0,94.1,2000.0,2000.0,ml,3.75,4.7,25.47,0.0,25.33,0.2258,0.2269,0.0,0.0,1.0,0.0,"Q1: Overt Inflation (Price Up, Weight Flat)",Q1_Overt_Inflation,0,0
HOM-COL-1529,Colin Glass Cleaner (Toilet Cleaner),Colin,Reckitt Benckiser,Home Care & Cleaning,Toilet Cleaner,1,₹20 Pack,Stand-up Spout Pouch,20.0,20.0,120.0,81.8,g,16.67,24.45,0.0,-31.83,46.67,0.383,0.0,-0.3832,1.0,0.0,0.6821,"Q2: Silent Shrinkflation (Weight Down, Price Flat)",Q2_Silent_Shrink,1,1
HOM-COL-1694,Colin Glass Cleaner (Toilet Cleaner),Colin,Reckitt Benckiser,Home Care & Cleaning,Toilet Cleaner,0,Standard / Non-LUP,Flexible Pillow Pouch,150.0,178.4,500.0,500.0,ml,30.0,35.68,18.93,0.0,18.93,0.1734,0.1734,0.0,0.0,1.0,0.0,"Q1: Overt Inflation (Price Up, Weight Flat)",Q1_Overt_Inflation,0,0
HOM-COL-1872,Colin Glass Cleaner (Toilet Cleaner),Colin,Reckitt Benckiser,Home Care & Cleaning,Toilet Cleaner,0,Standard / Non-LUP,Poly Bag,94.0,123.0,1000.0,1000.0,ml,9.4,12.3,30.85,0.0,30.85,0.2689,0.2689,0.0,0.0,1.0,0.0,"Q1: Overt Inflation (Price Up, Weight Flat)",Q1_Overt_Inflation,0,0
HOM-COL-2131,Colin Glass Cleaner (Toilet Cleaner),Colin,Reckitt Benckiser,Home Care & Cleaning,Toilet Cleaner,0,Standard / Non-LUP,HDPE Plastic Bottle,235.2,296.6,2000.0,2000.0,ml,11.76,14.83,26.11,0.0,26.11,0.2319,0.2319,0.0,0.0,1.0,0.0,"Q1: Overt Inflation (Price Up, Weight Flat)",Q1_Overt_Inflation,0,0
HOM-COL-2328,Colin Glass Cleaner (Toilet Cleaner),Colin,Reckitt Benckiser,Home Care & Cleaning,Toilet Cleaner,1,₹50 Pack,Flow Wrap,50.0,50.0,175.0,133.3,g,28.57,37.51,0.0,-23.83,31.29,0.2723,0.0,-0.2722,0.9998,0.0,0.7615,"Q2: Silent Shrinkflation (Weight Down, Price Flat)",Q2_Silent_Shrink,1,1
HOM-COM-1020,Comfort Conditioner (Laundry Powder),Comfort,Hindustan Unilever,Home Care & Cleaning,Laundry Powder,0,Standard / Non-LUP,Flow Wrap,99.0,114.0,1000.0,1000.0,g,9.9,11.4,15.15,0.0,15.15,0.1411,0.1411,0.0,0.0,1.0,0.0,"Q1: Overt Inflation (Price Up, Weight Flat)",Q1_Overt_Inflation,0,0
HOM-COM-1089,Comfort Conditioner (Dishwash Bar),Comfort,Hindustan Unilever,Home Care & Cleaning,Dishwash Bar,0,Standard / Non-LUP,Nitrogen Flushed Foil Pouch,99.0,99.0,500.0,364.0,g,19.8,27.2,0.0,-27.2,37.37,0.3175,0.0,-0.3175,0.9997,0.0,0.7278,"Q2: Silent Shrinkflation (Weight Down, Price Flat)",Q2_Silent_Shrink,1,1
HOM-COM-1504,Comfort Conditioner (Laundry Powder),Comfort,Hindustan Unilever,Home Care & Cleaning,Laundry Powder,1,₹5 Pack,Flexible Pillow Pouch,5.0,6.0,18.0,14.6,g,27.78,41.1,20.0,-18.89,47.95,0.3917,0.1823,-0.2094,0.5345,0.4655,0.3939,Q3: Double Whammy (Price Up + Weight Down),Q3_Double_Whammy,1,1
HOM-COM-1511,Comfort Conditioner (Laundry Bar),Comfort,Hindustan Unilever,Home Care & Cleaning,Laundry Bar,0,Standard / Non-LUP,Poly Bag,320.0,403.2,500.0,500.0,g,64.0,80.64,26.0,0.0,26.0,0.2311,0.2311,0.0,0.0,1.0,0.0,"Q1: Overt Inflation (Price Up, Weight Flat)",Q1_Overt_Inflation,0,0
HOM-COM-1724,Comfort Conditioner (Laundry Bar),Comfort,Hindustan Unilever,Home Care & Cleaning,Laundry Bar,1,₹5 Pack,Flow Wrap,5.0,7.0,25.0,21.2,g,20.0,33.02,40.0,-15.2,65.1,0.5014,0.3365,-0.1649,0.3288,0.6711,0.2335,Q3: Double Whammy (Price Up + Weight Down),Q3_Double_Whammy,1,1
HOM-COM-1729,Comfort Conditioner (Dishwash Bar),Comfort,Hindustan Unilever,Home Care & Cleaning,Dishwash Bar,1,₹5 Pack,Flexible Pillow Pouch,5.0,5.0,15.0,11.2,g,33.33,44.64,0.0,-25.33,33.93,0.2922,0.0,-0.2921,0.9999,0.0,0.7466,"Q2: Silent Shrinkflation (Weight Down, Price Flat)",Q2_Silent_Shrink,1,1
HOM-COM-2305,Comfort Conditioner (Laundry Bar),Comfort,Hindustan Unilever,Home Care & Cleaning,Laundry Bar,0,Standard / Non-LUP,Flow Wrap,120.0,147.8,500.0,500.0,g,24.0,29.56,23.17,0.0,23.17,0.2084,0.2084,0.0,0.0,1.0,0.0,"Q1: Overt Inflation (Price Up, Weight Flat)",Q1_Overt_Inflation,0,0
HOM-DOM-1251,Domex Toilet Cleaner (Laundry Bar),Domex,Hindustan Unilever,Home Care & Cleaning,Laundry Bar,1,₹10 Pack,Paper Wrapper,10.0,10.0,120.0,81.8,g,8.33,12.22,0.0,-31.83,46.7,0.3832,0.0,-0.3832,1.0,0.0,0.6817,"Q2: Silent Shrinkflation (Weight Down, Price Flat)",Q2_Silent_Shrink,1,1
HOM-DOM-1439,Domex Toilet Cleaner (Dishwash Bar),Domex,Hindustan Unilever,Home Care & Cleaning,Dishwash Bar,1,₹20 Pack,Nitrogen Flushed Foil Pouch,20.0,20.0,110.0,89.4,g,18.18,22.37,0.0,-18.73,23.05,0.2074,0.0,-0.2074,0.9998,0.0,0.8126,"Q2: Silent Shrinkflation (Weight Down, Price Flat)",Q2_Silent_Shrink,1,1
HOM-DOM-1608,Domex Toilet Cleaner (Laundry Bar),Domex,Hindustan Unilever,Home Care & Cleaning,Laundry Bar,1,₹20 Pack,Paper Wrapper,20.0,20.0,120.0,97.5,g,16.67,20.51,0.0,-18.75,23.04,0.2073,0.0,-0.2076,1.0,0.0,0.814,"Q2: Silent Shrinkflation (Weight Down, Price Flat)",Q2_Silent_Shrink,1,1
HOM-DOM-1771,Domex Toilet Cleaner (Dishwash Bar),Domex,Hindustan Unilever,Home Care & Cleaning,Dishwash Bar,0,Standard / Non-LUP,HDPE Plastic Bottle,117.6,143.1,2000.0,2000.0,ml,5.88,7.16,21.68,0.0,21.77,0.197,0.1963,0.0,0.0,0.9965,0.0,"Q1: Overt Inflation (Price Up, Weight Flat)",Q1_Overt_Inflation,0,0
HOM-DOM-1863,Domex Toilet Cleaner (Laundry Powder),Domex,Hindustan Unilever,Home Care & Cleaning,Laundry Powder,1,₹50 Pack,Mono Carton Box,50.0,50.0,175.0,133.2,g,28.57,37.54,0.0,-23.89,31.4,0.273,0.0,-0.2729,0.9996,0.0,0.7608,"Q2: Silent Shrinkflation (Weight Down, Price Flat)",Q2_Silent_Shrink,1,1
HOM-DOM-1899,Domex Toilet Cleaner (Laundry Bar),Domex,Hindustan Unilever,Home Care & Cleaning,Laundry Bar,1,₹20 Pack,Mono Carton Box,20.0,20.0,90.0,67.0,g,22.22,29.85,0.0,-25.56,34.34,0.2952,0.0,-0.2951,0.9997,0.0,0.7442,"Q2: Silent Shrinkflation (Weight Down, Price Flat)",Q2_Silent_Shrink,1,1
HOM-DOM-2072,Domex Toilet Cleaner (Dishwash Bar),Domex,Hindustan Unilever,Home Care & Cleaning,Dishwash Bar,1,₹20 Pack,HDPE Plastic Bottle,20.0,20.0,75.0,61.0,g,26.67,32.79,0.0,-18.67,22.95,0.2066,0.0,-0.2066,1.0,0.0,0.8135,"Q2: Silent Shrinkflation (Weight Down, Price Flat)",Q2_Silent_Shrink,1,1
HOM-DOM-2090,Domex Toilet Cleaner (Laundry Powder),Domex,Hindustan Unilever,Home Care & Cleaning,Laundry Powder,0,Standard / Non-LUP,Stand-up Spout Pouch,144.0,183.3,2000.0,2000.0,ml,7.2,9.17,27.29,0.0,27.36,0.2419,0.2413,0.0,0.0,0.9977,0.0,"Q1: Overt Inflation (Price Up, Weight Flat)",Q1_Overt_Inflation,0,0
HOM-DOM-2206,Domex Toilet Cleaner (Laundry Powder),Domex,Hindustan Unilever,Home Care & Cleaning,Laundry Powder,0,Standard / Non-LUP,Flow Wrap,307.2,362.9,2000.0,2000.0,ml,15.36,18.14,18.13,0.0,18.1,0.1664,0.1666,0.0,0.0,1.0,0.0,"Q1: Overt Inflation (Price Up, Weight Flat)",Q1_Overt_Inflation,0,0
HOM-DOM-2318,Domex Toilet Cleaner (Laundry Powder),Domex,Hindustan Unilever,Home Care & Cleaning,Laundry Powder,0,Standard / Non-LUP,Paper Wrapper,235.2,314.0,1000.0,1000.0,ml,23.52,31.4,33.5,0.0,33.5,0.289,0.289,0.0,0.0,1.0,0.0,"Q1: Overt Inflation (Price Up, Weight Flat)",Q1_Overt_Inflation,0,0
HOM-EXO-1047,Exo Dishwash Bar (Fabric Care),Exo,Jyothy Labs,Home Care & Cleaning,Fabric Care,0,Standard / Non-LUP,LDPE Pouch,115.2,153.9,1000.0,1000.0,g,11.52,15.39,33.59,0.0,33.59,0.2896,0.2896,0.0,0.0,1.0,0.0,"Q1: Overt Inflation (Price Up, Weight Flat)",Q1_Overt_Inflation,0,0
HOM-EXO-1590,Exo Dishwash Bar (Fabric Care),Exo,Jyothy Labs,Home Care & Cleaning,Fabric Care,0,Standard / Non-LUP,Flexible Pillow Pouch,235.2,297.9,2000.0,2000.0,g,11.76,14.89,26.66,0.0,26.62,0.236,0.2363,0.0,0.0,1.0,0.0,"Q1: Overt Inflation (Price Up, Weight Flat)",Q1_Overt_Inflation,0,0
HOM-EXO-1673,Exo Dishwash Bar (Dishwash Bar),Exo,Jyothy Labs,Home Care & Cleaning,Dishwash Bar,1,₹20 Pack,Stand-up Spout Pouch,20.0,20.0,120.0,87.5,g,16.67,22.86,0.0,-27.08,37.13,0.3158,0.0,-0.3159,1.0,0.0,0.7294,"Q2: Silent Shrinkflation (Weight Down, Price Flat)",Q2_Silent_Shrink,1,1
HOM-EXO-1816,Exo Dishwash Bar (Fabric Care),Exo,Jyothy Labs,Home Care & Cleaning,Fabric Care,1,₹10 Pack,Flexible Pillow Pouch,10.0,10.0,135.0,105.0,g,7.41,9.52,0.0,-22.22,28.48,0.2506,0.0,-0.2513,1.0,0.0,0.7804,"Q2: Silent Shrinkflation (Weight Down, Price Flat)",Q2_Silent_Shrink,1,1
HOM-EXO-2116,Exo Dishwash Bar (Dishwash Bar),Exo,Jyothy Labs,Home Care & Cleaning,Dishwash Bar,0,Standard / Non-LUP,Poly Bag,95.0,121.5,500.0,500.0,g,19.0,24.3,27.89,0.0,27.89,0.246,0.246,0.0,0.0,1.0,0.0,"Q1: Overt Inflation (Price Up, Weight Flat)",Q1_Overt_Inflation,0,0
HOM-EXO-2212,Exo Dishwash Bar (Dishwash Bar),Exo,Jyothy Labs,Home Care & Cleaning,Dishwash Bar,1,₹50 Pack,Nitrogen Flushed Foil Pouch,50.0,50.0,175.0,127.5,g,28.57,39.22,0.0,-27.14,37.28,0.3168,0.0,-0.3167,0.9995,0.0,0.7281,"Q2: Silent Shrinkflation (Weight Down, Price Flat)",Q2_Silent_Shrink,1,1
HOM-EXO-2247,Exo Dishwash Bar (Dishwash Bar),Exo,Jyothy Labs,Home Care & Cleaning,Dishwash Bar,1,₹5 Pack,Paper Wrapper,5.0,5.0,25.0,18.2,g,20.0,27.47,0.0,-27.2,37.35,0.3174,0.0,-0.3175,1.0,0.0,0.7282,"Q2: Silent Shrinkflation (Weight Down, Price Flat)",Q2_Silent_Shrink,1,1
HOM-EXO-2269,Exo Dishwash Bar (Dishwash Bar),Exo,Jyothy Labs,Home Care & Cleaning,Dishwash Bar,0,Standard / Non-LUP,HDPE Plastic Bottle,94.0,118.8,2000.0,2000.0,g,4.7,5.94,26.38,0.0,26.38,0.2341,0.2341,0.0,0.0,1.0,0.0,"Q1: Overt Inflation (Price Up, Weight Flat)",Q1_Overt_Inflation,0,0
HOM-EXO-2335,Exo Dishwash Bar (Dishwash Bar),Exo,Jyothy Labs,Home Care & Cleaning,Dishwash Bar,0,Standard / Non-LUP,Stand-up Spout Pouch,73.5,90.2,2000.0,2000.0,g,3.67,4.51,22.72,0.0,22.89,0.2061,0.2047,0.0,0.0,0.9934,0.0,"Q1: Overt Inflation (Price Up, Weight Flat)",Q1_Overt_Inflation,0,0
HOM-GHA-1211,Ghadi Detergent Cake (Laundry Bar),Ghadi,RSPL Group,Home Care & Cleaning,Laundry Bar,1,₹5 Pack,HDPE Plastic Bottle,5.0,7.0,25.0,21.2,g,20.0,33.02,40.0,-15.2,65.1,0.5014,0.3365,-0.1649,0.3288,0.6711,0.2335,Q3: Double Whammy (Price Up + Weight Down),Q3_Double_Whammy,1,1
HOM-GHA-1325,Ghadi Detergent Powder (Laundry Powder),Ghadi,RSPL Group,Home Care & Cleaning,Laundry Powder,1,₹5 Pack,HDPE Plastic Bottle,5.0,5.0,20.0,14.9,g,25.0,33.56,0.0,-25.5,34.24,0.2945,0.0,-0.2944,0.9997,0.0,0.7447,"Q2: Silent Shrinkflation (Weight Down, Price Flat)",Q2_Silent_Shrink,1,1
HOM-GHA-1541,Ghadi Detergent Cake (Laundry Bar),Ghadi,RSPL Group,Home Care & Cleaning,Laundry Bar,1,₹20 Pack,Mono Carton Box,20.0,20.0,50.0,38.9,g,40.0,51.41,0.0,-22.2,28.52,0.251,0.0,-0.251,1.0,0.0,0.7783,"Q2: Silent Shrinkflation (Weight Down, Price Flat)",Q2_Silent_Shrink,1,1
HOM-GHA-1825,Ghadi Detergent Cake (Laundry Bar),Ghadi,RSPL Group,Home Care & Cleaning,Laundry Bar,1,₹10 Pack,Flow Wrap,10.0,10.0,140.0,99.8,g,7.14,10.02,0.0,-28.71,40.34,0.3389,0.0,-0.3385,0.9988,0.0,0.7119,"Q2: Silent Shrinkflation (Weight Down, Price Flat)",Q2_Silent_Shrink,1,1
HOM-GHA-1838,Ghadi Detergent Cake (Laundry Powder),Ghadi,RSPL Group,Home Care & Cleaning,Laundry Powder,1,₹50 Pack,Stand-up Spout Pouch,50.0,50.0,100.0,71.3,g,50.0,70.13,0.0,-28.7,40.26,0.3383,0.0,-0.3383,0.9998,0.0,0.7129,"Q2: Silent Shrinkflation (Weight Down, Price Flat)",Q2_Silent_Shrink,1,1
HOM-GHA-1888,Ghadi Detergent Powder (Laundry Powder),Ghadi,RSPL Group,Home Care & Cleaning,Laundry Powder,0,Standard / Non-LUP,Flow Wrap,142.5,185.3,500.0,500.0,g,28.5,37.06,30.04,0.0,30.04,0.2626,0.2626,0.0,0.0,1.0,0.0,"Q1: Overt Inflation (Price Up, Weight Flat)",Q1_Overt_Inflation,0,0
HOM-GHA-1972,Ghadi Detergent Powder (Laundry Powder),Ghadi,RSPL Group,Home Care & Cleaning,Laundry Powder,1,₹10 Pack,Nitrogen Flushed Foil Pouch,10.0,10.0,135.0,98.5,g,7.41,10.15,0.0,-27.04,36.98,0.3146,0.0,-0.3152,1.0,0.0,0.7312,"Q2: Silent Shrinkflation (Weight Down, Price Flat)",Q2_Silent_Shrink,1,1
HOM-GHA-1973,Ghadi Detergent Cake (Laundry Bar),Ghadi,RSPL Group,Home Care & Cleaning,Laundry Bar,1,₹5 Pack,Mono Carton Box,5.0,5.0,25.0,18.2,g,20.0,27.47,0.0,-27.2,37.35,0.3174,0.0,-0.3175,1.0,0.0,0.7282,"Q2: Silent Shrinkflation (Weight Down, Price Flat)",Q2_Silent_Shrink,1,1
HOM-GHA-2053,Ghadi Detergent Cake (Laundry Bar),Ghadi,RSPL Group,Home Care & Cleaning,Laundry Bar,1,₹10 Pack,Paper Wrapper,10.0,10.0,120.0,87.4,g,8.33,11.44,0.0,-27.17,37.33,0.3173,0.0,-0.317,0.9992,0.0,0.7276,"Q2: Silent Shrinkflation (Weight Down, Price Flat)",Q2_Silent_Shrink,1,1
HOM-GHA-2095,Ghadi Detergent Cake (Laundry Powder),Ghadi,RSPL Group,Home Care & Cleaning,Laundry Powder,1,₹20 Pack,LDPE Pouch,20.0,20.0,75.0,58.4,g,26.67,34.25,0.0,-22.13,28.42,0.2501,0.0,-0.2502,1.0,0.0,0.7788,"Q2: Silent Shrinkflation (Weight Down, Price Flat)",Q2_Silent_Shrink,1,1
HOM-GHA-2311,Ghadi Detergent Cake (Laundry Powder),Ghadi,RSPL Group,Home Care & Cleaning,Laundry Powder,0,Standard / Non-LUP,Flexible Pillow Pouch,230.4,228.0,1000.0,1000.0,g,23.04,22.8,-1.04,0.0,-1.04,-0.0105,-0.0105,0.0,0.0,0.0,0.0,Q4: Stable / Fair Value,Q4_Stable_Fair,0,0
HOM-GHA-2322,Ghadi Detergent Cake (Laundry Powder),Ghadi,RSPL Group,Home Care & Cleaning,Laundry Powder,1,₹10 Pack,Stand-up Spout Pouch,10.0,10.0,120.0,91.4,g,8.33,10.94,0.0,-23.83,31.33,0.2726,0.0,-0.2722,0.9988,0.0,0.7607,"Q2: Silent Shrinkflation (Weight Down, Price Flat)",Q2_Silent_Shrink,1,1
HOM-HAR-1039,Harpic Power Plus (Toilet Cleaner),Harpic,Reckitt Benckiser,Home Care & Cleaning,Toilet Cleaner,0,Standard / Non-LUP,Paper Wrapper,94.0,124.5,500.0,500.0,g,18.8,24.9,32.45,0.0,32.45,0.281,0.281,0.0,0.0,1.0,0.0,"Q1: Overt Inflation (Price Up, Weight Flat)",Q1_Overt_Inflation,0,0
HOM-HAR-1226,Harpic Power Plus (Toilet Cleaner),Harpic,Reckitt Benckiser,Home Care & Cleaning,Toilet Cleaner,1,₹10 Pack,Stand-up Spout Pouch,10.0,10.0,120.0,93.4,g,8.33,10.71,0.0,-22.17,28.57,0.2513,0.0,-0.2506,0.9972,0.0,0.7758,"Q2: Silent Shrinkflation (Weight Down, Price Flat)",Q2_Silent_Shrink,1,1
HOM-HAR-1268,Harpic Power Plus (Toilet Cleaner),Harpic,Reckitt Benckiser,Home Care & Cleaning,Toilet Cleaner,0,Standard / Non-LUP,Nitrogen Flushed Foil Pouch,73.5,75.0,500.0,500.0,g,14.7,15.0,2.04,0.0,2.04,0.0202,0.0202,0.0,0.0,1.0,0.0,Q4: Stable / Fair Value,Q4_Stable_Fair,0,0
HOM-HAR-1431,Harpic Power Plus (Toilet Cleaner),Harpic,Reckitt Benckiser,Home Care & Cleaning,Toilet Cleaner,0,Standard / Non-LUP,Flexible Pillow Pouch,150.0,172.9,1000.0,1000.0,g,15.0,17.29,15.27,0.0,15.27,0.1421,0.1421,0.0,0.0,1.0,0.0,"Q1: Overt Inflation (Price Up, Weight Flat)",Q1_Overt_Inflation,0,0
HOM-HAR-1460,Harpic Power Plus (Floor Cleaner),Harpic,Reckitt Benckiser,Home Care & Cleaning,Floor Cleaner,0,Standard / Non-LUP,Mono Carton Box,75.0,94.1,500.0,500.0,g,15.0,18.82,25.47,0.0,25.47,0.2269,0.2269,0.0,0.0,1.0,0.0,"Q1: Overt Inflation (Price Up, Weight Flat)",Q1_Overt_Inflation,0,0
HOM-HAR-1550,Harpic Power Plus (Floor Cleaner),Harpic,Reckitt Benckiser,Home Care & Cleaning,Floor Cleaner,1,₹20 Pack,Nitrogen Flushed Foil Pouch,20.0,20.0,75.0,53.4,g,26.67,37.45,0.0,-28.8,40.42,0.3395,0.0,-0.3397,1.0,0.0,0.7125,"Q2: Silent Shrinkflation (Weight Down, Price Flat)",Q2_Silent_Shrink,1,1
HOM-HAR-1637,Harpic Power Plus (Toilet Cleaner),Harpic,Reckitt Benckiser,Home Care & Cleaning,Toilet Cleaner,1,₹20 Pack,Mono Carton Box,20.0,20.0,110.0,80.1,g,18.18,24.97,0.0,-27.18,37.35,0.3174,0.0,-0.3172,0.9995,0.0,0.7278,"Q2: Silent Shrinkflation (Weight Down, Price Flat)",Q2_Silent_Shrink,1,1
HOM-HAR-1931,Harpic Power Plus (Floor Cleaner),Harpic,Reckitt Benckiser,Home Care & Cleaning,Floor Cleaner,1,₹50 Pack,Flow Wrap,50.0,50.0,100.0,74.4,g,50.0,67.2,0.0,-25.6,34.4,0.2957,0.0,-0.2957,1.0,0.0,0.7442,"Q2: Silent Shrinkflation (Weight Down, Price Flat)",Q2_Silent_Shrink,1,1
HOM-HAR-2046,Harpic Power Plus (Toilet Cleaner),Harpic,Reckitt Benckiser,Home Care & Cleaning,Toilet Cleaner,0,Standard / Non-LUP,Mono Carton Box,313.6,307.2,2000.0,2000.0,g,15.68,15.36,-2.04,0.0,-2.04,-0.0206,-0.0206,0.0,0.0,0.0,0.0,Q4: Stable / Fair Value,Q4_Stable_Fair,0,0
HOM-HAR-2362,Harpic Power Plus (Toilet Cleaner),Harpic,Reckitt Benckiser,Home Care & Cleaning,Toilet Cleaner,0,Standard / Non-LUP,Mono Carton Box,94.0,99.0,500.0,380.9,g,18.8,25.99,5.32,-23.82,38.24,0.3239,0.0518,-0.2721,0.8401,0.16,0.6228,Q3: Double Whammy (Price Up + Weight Down),Q3_Double_Whammy,1,1
HOM-HEN-1200,Henko Stain Care (Dishwash Bar),Henko,Jyothy Labs,Home Care & Cleaning,Dishwash Bar,0,Standard / Non-LUP,Flexible Pillow Pouch,95.0,94.0,1000.0,778.3,g,9.5,12.08,-1.05,-22.17,27.16,0.2403,-0.0106,-0.2506,1.0,0.0,0.8163,"Q2: Silent Shrinkflation (Weight Down, Price Flat)",Q2_Silent_Shrink,1,1
HOM-HEN-1356,Henko Stain Care (Fabric Care),Henko,Jyothy Labs,Home Care & Cleaning,Fabric Care,0,Standard / Non-LUP,Flow Wrap,73.5,73.5,500.0,406.5,g,14.7,18.08,0.0,-18.7,22.99,0.207,0.0,-0.207,1.0,0.0,0.8133,"Q2: Silent Shrinkflation (Weight Down, Price Flat)",Q2_Silent_Shrink,1,1
HOM-HEN-1875,Henko Stain Care (Dishwash Bar),Henko,Jyothy Labs,Home Care & Cleaning,Dishwash Bar,1,₹50 Pack,Stand-up Spout Pouch,50.0,50.0,100.0,71.3,g,50.0,70.13,0.0,-28.7,40.26,0.3383,0.0,-0.3383,0.9998,0.0,0.7129,"Q2: Silent Shrinkflation (Weight Down, Price Flat)",Q2_Silent_Shrink,1,1
HOM-HEN-1929,Henko Stain Care (Fabric Care),Henko,Jyothy Labs,Home Care & Cleaning,Fabric Care,0,Standard / Non-LUP,LDPE Pouch,73.5,94.1,1000.0,1000.0,g,7.35,9.41,28.03,0.0,28.03,0.2471,0.2471,0.0,0.0,1.0,0.0,"Q1: Overt Inflation (Price Up, Weight Flat)",Q1_Overt_Inflation,0,0
HOM-HEN-1953,Henko Stain Care (Dishwash Bar),Henko,Jyothy Labs,Home Care & Cleaning,Dishwash Bar,1,₹10 Pack,LDPE Pouch,10.0,10.0,155.0,118.0,g,6.45,8.47,0.0,-23.87,31.32,0.2725,0.0,-0.2727,1.0,0.0,0.7622,"Q2: Silent Shrinkflation (Weight Down, Price Flat)",Q2_Silent_Shrink,1,1
HOM-HEN-2106,Henko Stain Care (Dishwash Bar),Henko,Jyothy Labs,Home Care & Cleaning,Dishwash Bar,0,Standard / Non-LUP,LDPE Pouch,120.0,150.0,1000.0,846.0,g,12.0,17.73,25.0,-15.4,47.75,0.3904,0.2231,-0.1672,0.4284,0.5716,0.3225,Q3: Double Whammy (Price Up + Weight Down),Q3_Double_Whammy,1,1
HOM-HEN-2270,Henko Stain Care (Dishwash Bar),Henko,Jyothy Labs,Home Care & Cleaning,Dishwash Bar,0,Standard / Non-LUP,Paper Wrapper,144.0,147.0,1000.0,778.3,g,14.4,18.89,2.08,-22.17,31.18,0.2714,0.0206,-0.2506,0.9235,0.076,0.711,"Q2: Silent Shrinkflation (Weight Down, Price Flat)",Q2_Silent_Shrink,1,1
HOM-LIZ-1036,Lizol Surface Cleaner (Toilet Cleaner),Lizol,Reckitt Benckiser,Home Care & Cleaning,Toilet Cleaner,0,Standard / Non-LUP,Mono Carton Box,114.0,140.6,1000.0,1000.0,ml,11.4,14.06,23.33,0.0,23.33,0.2097,0.2097,0.0,0.0,1.0,0.0,"Q1: Overt Inflation (Price Up, Weight Flat)",Q1_Overt_Inflation,0,0
HOM-LIZ-1048,Lizol Surface Cleaner (Floor Cleaner),Lizol,Reckitt Benckiser,Home Care & Cleaning,Floor Cleaner,0,Standard / Non-LUP,Paper Wrapper,114.0,148.0,1000.0,1000.0,ml,11.4,14.8,29.82,0.0,29.82,0.261,0.261,0.0,0.0,1.0,0.0,"Q1: Overt Inflation (Price Up, Weight Flat)",Q1_Overt_Inflation,0,0
HOM-LIZ-1149,Lizol Surface Cleaner (Floor Cleaner),Lizol,Reckitt Benckiser,Home Care & Cleaning,Floor Cleaner,0,Standard / Non-LUP,Nitrogen Flushed Foil Pouch,228.0,296.9,1000.0,1000.0,ml,22.8,29.69,30.22,0.0,30.22,0.264,0.264,0.0,0.0,1.0,0.0,"Q1: Overt Inflation (Price Up, Weight Flat)",Q1_Overt_Inflation,0,0
HOM-LIZ-1384,Lizol Surface Cleaner (Toilet Cleaner),Lizol,Reckitt Benckiser,Home Care & Cleaning,Toilet Cleaner,0,Standard / Non-LUP,Stand-up Spout Pouch,97.0,94.0,1000.0,1000.0,ml,9.7,9.4,-3.09,0.0,-3.09,-0.0314,-0.0314,0.0,0.0,0.0,0.0,Q4: Stable / Fair Value,Q4_Stable_Fair,0,0
HOM-LIZ-1532,Lizol Surface Cleaner (Toilet Cleaner),Lizol,Reckitt Benckiser,Home Care & Cleaning,Toilet Cleaner,0,Standard / Non-LUP,Paper Wrapper,240.0,303.0,2000.0,2000.0,ml,12.0,15.15,26.25,0.0,26.25,0.2331,0.2331,0.0,0.0,1.0,0.0,"Q1: Overt Inflation (Price Up, Weight Flat)",Q1_Overt_Inflation,0,0
HOM-LIZ-1589,Lizol Surface Cleaner (Toilet Cleaner),Lizol,Reckitt Benckiser,Home Care & Cleaning,Toilet Cleaner,0,Standard / Non-LUP,Poly Bag,94.0,120.0,500.0,500.0,ml,18.8,24.0,27.66,0.0,27.66,0.2442,0.2442,0.0,0.0,1.0,0.0,"Q1: Overt Inflation (Price Up, Weight Flat)",Q1_Overt_Inflation,0,0
HOM-LIZ-1622,Lizol Surface Cleaner (Toilet Cleaner),Lizol,Reckitt Benckiser,Home Care & Cleaning,Toilet Cleaner,0,Standard / Non-LUP,Poly Bag,95.0,116.0,1000.0,883.6,ml,9.5,13.13,22.11,-11.64,38.21,0.3236,0.1997,-0.1238,0.3824,0.6171,0.3046,Q3: Double Whammy (Price Up + Weight Down),Q3_Double_Whammy,1,1
HOM-LIZ-1782,Lizol Surface Cleaner (Toilet Cleaner),Lizol,Reckitt Benckiser,Home Care & Cleaning,Toilet Cleaner,1,₹50 Pack,HDPE Plastic Bottle,50.0,50.0,150.0,121.9,g,33.33,41.02,0.0,-18.73,23.07,0.2076,0.0,-0.2074,0.9992,0.0,0.8119,"Q2: Silent Shrinkflation (Weight Down, Price Flat)",Q2_Silent_Shrink,1,1
HOM-LIZ-1857,Lizol Surface Cleaner (Floor Cleaner),Lizol,Reckitt Benckiser,Home Care & Cleaning,Floor Cleaner,0,Standard / Non-LUP,Mono Carton Box,75.0,89.3,2000.0,2000.0,ml,3.75,4.46,19.07,0.0,18.93,0.1734,0.1745,0.0,0.0,1.0,0.0,"Q1: Overt Inflation (Price Up, Weight Flat)",Q1_Overt_Inflation,0,0
HOM-LIZ-1996,Lizol Surface Cleaner (Toilet Cleaner),Lizol,Reckitt Benckiser,Home Care & Cleaning,Toilet Cleaner,1,₹50 Pack,Poly Bag,50.0,50.0,100.0,69.7,g,50.0,71.74,0.0,-30.3,43.48,0.361,0.0,-0.361,0.9998,0.0,0.6969,"Q2: Silent Shrinkflation (Weight Down, Price Flat)",Q2_Silent_Shrink,1,1
HOM-LIZ-2350,Lizol Surface Cleaner (Toilet Cleaner),Lizol,Reckitt Benckiser,Home Care & Cleaning,Toilet Cleaner,0,Standard / Non-LUP,Flexible Pillow Pouch,230.4,240.0,1000.0,712.8,ml,23.04,33.67,4.17,-28.72,46.14,0.3794,0.0408,-0.3386,0.8924,0.1076,0.6225,Q3: Double Whammy (Price Up + Weight Down),Q3_Double_Whammy,1,1
HOM-LIZ-2353,Lizol Surface Cleaner (Floor Cleaner),Lizol,Reckitt Benckiser,Home Care & Cleaning,Floor Cleaner,0,Standard / Non-LUP,Stand-up Spout Pouch,97.0,116.0,1000.0,846.0,ml,9.7,13.71,19.59,-15.4,41.34,0.346,0.1789,-0.1672,0.4833,0.517,0.3725,Q3: Double Whammy (Price Up + Weight Down),Q3_Double_Whammy,1,1
HOM-LIZ-2356,Lizol Surface Cleaner (Toilet Cleaner),Lizol,Reckitt Benckiser,Home Care & Cleaning,Toilet Cleaner,0,Standard / Non-LUP,Poly Bag,95.0,99.0,500.0,380.9,ml,19.0,25.99,4.21,-23.82,36.79,0.3133,0.0412,-0.2721,0.8685,0.1317,0.6475,Q3: Double Whammy (Price Up + Weight Down),Q3_Double_Whammy,1,1
HOM-PRI-1195,Pril Liquid Dishwash (Dishwash Bar),Pril,Jyothy Labs,Home Care & Cleaning,Dishwash Bar,0,Standard / Non-LUP,Mono Carton Box,147.0,171.5,500.0,423.0,ml,29.4,40.54,16.67,-15.4,37.89,0.3213,0.1542,-0.1672,0.5205,0.4798,0.4064,Q3: Double Whammy (Price Up + Weight Down),Q3_Double_Whammy,1,1
HOM-PRI-1232,Pril Liquid Dishwash (Fabric Care),Pril,Jyothy Labs,Home Care & Cleaning,Fabric Care,0,Standard / Non-LUP,Flow Wrap,142.5,150.0,500.0,406.5,ml,28.5,36.9,5.26,-18.7,29.47,0.2583,0.0513,-0.207,0.8015,0.1986,0.6345,Q3: Double Whammy (Price Up + Weight Down),Q3_Double_Whammy,1,1
HOM-PRI-1415,Pril Liquid Dishwash (Fabric Care),Pril,Jyothy Labs,Home Care & Cleaning,Fabric Care,1,₹5 Pack,Nitrogen Flushed Foil Pouch,5.0,5.0,25.0,19.5,g,20.0,25.64,0.0,-22.0,28.2,0.2484,0.0,-0.2485,1.0,0.0,0.7801,"Q2: Silent Shrinkflation (Weight Down, Price Flat)",Q2_Silent_Shrink,1,1
HOM-PRI-1601,Pril Liquid Dishwash (Dishwash Bar),Pril,Jyothy Labs,Home Care & Cleaning,Dishwash Bar,0,Standard / Non-LUP,Mono Carton Box,75.0,85.5,2000.0,2000.0,ml,3.75,4.28,14.0,0.0,14.13,0.1322,0.131,0.0,0.0,0.9912,0.0,"Q1: Overt Inflation (Price Up, Weight Flat)",Q1_Overt_Inflation,0,0
HOM-PRI-1623,Pril Liquid Dishwash (Dishwash Bar),Pril,Jyothy Labs,Home Care & Cleaning,Dishwash Bar,1,₹5 Pack,HDPE Plastic Bottle,5.0,5.0,25.0,19.4,g,20.0,25.77,0.0,-22.4,28.85,0.2535,0.0,-0.2536,1.0,0.0,0.7764,"Q2: Silent Shrinkflation (Weight Down, Price Flat)",Q2_Silent_Shrink,1,1
HOM-PRI-1884,Pril Liquid Dishwash (Fabric Care),Pril,Jyothy Labs,Home Care & Cleaning,Fabric Care,1,₹10 Pack,Poly Bag,10.0,10.0,120.0,91.3,g,8.33,10.95,0.0,-23.92,31.45,0.2735,0.0,-0.2733,0.9995,0.0,0.7604,"Q2: Silent Shrinkflation (Weight Down, Price Flat)",Q2_Silent_Shrink,1,1
HOM-PRI-1952,Pril Liquid Dishwash (Fabric Care),Pril,Jyothy Labs,Home Care & Cleaning,Fabric Care,1,₹10 Pack,LDPE Pouch,10.0,10.0,135.0,100.5,g,7.41,9.95,0.0,-25.56,34.28,0.2947,0.0,-0.2951,1.0,0.0,0.7455,"Q2: Silent Shrinkflation (Weight Down, Price Flat)",Q2_Silent_Shrink,1,1
HOM-PRI-1998,Pril Liquid Dishwash (Fabric Care),Pril,Jyothy Labs,Home Care & Cleaning,Fabric Care,0,Standard / Non-LUP,Flexible Pillow Pouch,120.0,143.0,500.0,423.0,ml,24.0,33.81,19.17,-15.4,40.88,0.3427,0.1754,-0.1672,0.488,0.5117,0.3768,Q3: Double Whammy (Price Up + Weight Down),Q3_Double_Whammy,1,1
HOM-PRI-2139,Pril Liquid Dishwash (Dishwash Bar),Pril,Jyothy Labs,Home Care & Cleaning,Dishwash Bar,0,Standard / Non-LUP,Mono Carton Box,94.0,120.5,1000.0,1000.0,ml,9.4,12.05,28.19,0.0,28.19,0.2484,0.2484,0.0,0.0,1.0,0.0,"Q1: Overt Inflation (Price Up, Weight Flat)",Q1_Overt_Inflation,0,0
HOM-PRI-2171,Pril Liquid Dishwash (Dishwash Bar),Pril,Jyothy Labs,Home Care & Cleaning,Dishwash Bar,0,Standard / Non-LUP,Nitrogen Flushed Foil Pouch,307.2,388.8,1000.0,1000.0,ml,30.72,38.88,26.56,0.0,26.56,0.2356,0.2356,0.0,0.0,1.0,0.0,"Q1: Overt Inflation (Price Up, Weight Flat)",Q1_Overt_Inflation,0,0
HOM-PRI-2268,Pril Liquid Dishwash (Fabric Care),Pril,Jyothy Labs,Home Care & Cleaning,Fabric Care,0,Standard / Non-LUP,LDPE Pouch,228.0,292.0,1000.0,846.0,ml,22.8,34.52,28.07,-15.4,51.4,0.4148,0.2474,-0.1672,0.4032,0.5965,0.2996,Q3: Double Whammy (Price Up + Weight Down),Q3_Double_Whammy,1,1
HOM-PRI-2302,Pril Liquid Dishwash (Dishwash Bar),Pril,Jyothy Labs,Home Care & Cleaning,Dishwash Bar,0,Standard / Non-LUP,Nitrogen Flushed Foil Pouch,99.0,119.0,1000.0,1000.0,ml,9.9,11.9,20.2,0.0,20.2,0.184,0.184,0.0,0.0,1.0,0.0,"Q1: Overt Inflation (Price Up, Weight Flat)",Q1_Overt_Inflation,0,0
HOM-RIN-1108,Rin Detergent Bar (Laundry Powder),Rin,Hindustan Unilever,Home Care & Cleaning,Laundry Powder,1,₹5 Pack,Paper Wrapper,5.0,5.0,20.0,15.2,g,25.0,32.89,0.0,-24.0,31.56,0.2743,0.0,-0.2744,1.0,0.0,0.7605,"Q2: Silent Shrinkflation (Weight Down, Price Flat)",Q2_Silent_Shrink,1,1
HOM-RIN-1253,Rin Detergent Bar (Laundry Powder),Rin,Hindustan Unilever,Home Care & Cleaning,Laundry Powder,0,Standard / Non-LUP,HDPE Plastic Bottle,114.0,150.9,1000.0,1000.0,g,11.4,15.09,32.37,0.0,32.37,0.2804,0.2804,0.0,0.0,1.0,0.0,"Q1: Overt Inflation (Price Up, Weight Flat)",Q1_Overt_Inflation,0,0
HOM-RIN-1316,Rin Detergent Bar (Toilet Cleaner),Rin,Hindustan Unilever,Home Care & Cleaning,Toilet Cleaner,0,Standard / Non-LUP,Flexible Pillow Pouch,228.0,310.7,500.0,405.0,g,45.6,76.72,36.27,-19.0,68.25,0.5203,0.3095,-0.2107,0.405,0.5949,0.2784,Q3: Double Whammy (Price Up + Weight Down),Q3_Double_Whammy,1,1
HOM-RIN-1401,Rin Detergent Bar (Dishwash Bar),Rin,Hindustan Unilever,Home Care & Cleaning,Dishwash Bar,1,₹5 Pack,Mono Carton Box,5.0,5.0,15.0,11.2,g,33.33,44.64,0.0,-25.33,33.93,0.2922,0.0,-0.2921,0.9999,0.0,0.7466,"Q2: Silent Shrinkflation (Weight Down, Price Flat)",Q2_Silent_Shrink,1,1
HOM-RIN-1555,Rin Detergent Bar (Dishwash Bar),Rin,Hindustan Unilever,Home Care & Cleaning,Dishwash Bar,1,₹5 Pack,Paper Wrapper,5.0,5.0,18.0,13.1,g,27.78,38.17,0.0,-27.22,37.4,0.3177,0.0,-0.3178,1.0,0.0,0.7278,"Q2: Silent Shrinkflation (Weight Down, Price Flat)",Q2_Silent_Shrink,1,1
HOM-RIN-1576,Rin Detergent Bar (Laundry Powder),Rin,Hindustan Unilever,Home Care & Cleaning,Laundry Powder,1,₹20 Pack,Poly Bag,20.0,25.0,60.0,50.8,g,33.33,49.21,25.0,-15.33,47.64,0.3896,0.2231,-0.1664,0.4272,0.5727,0.3218,Q3: Double Whammy (Price Up + Weight Down),Q3_Double_Whammy,1,1
HOM-RIN-1767,Rin Detergent Bar (Toilet Cleaner),Rin,Hindustan Unilever,Home Care & Cleaning,Toilet Cleaner,0,Standard / Non-LUP,LDPE Pouch,75.0,93.1,1000.0,1000.0,g,7.5,9.31,24.13,0.0,24.13,0.2162,0.2162,0.0,0.0,1.0,0.0,"Q1: Overt Inflation (Price Up, Weight Flat)",Q1_Overt_Inflation,0,0
HOM-RIN-1796,Rin Detergent Bar (Laundry Bar),Rin,Hindustan Unilever,Home Care & Cleaning,Laundry Bar,1,₹5 Pack,Mono Carton Box,5.0,5.0,25.0,25.0,g,20.0,20.0,0.0,0.0,0.0,0.0,0.0,0.0,0.0,0.0,0.0,Q4: Stable / Fair Value,Q4_Stable_Fair,0,0
HOM-RIN-1889,Rin Detergent Bar (Laundry Powder),Rin,Hindustan Unilever,Home Care & Cleaning,Laundry Powder,1,₹50 Pack,Stand-up Spout Pouch,50.0,50.0,115.0,85.7,g,43.48,58.34,0.0,-25.48,34.18,0.294,0.0,-0.2941,1.0,0.0,0.7455,"Q2: Silent Shrinkflation (Weight Down, Price Flat)",Q2_Silent_Shrink,1,1
HOM-RIN-2077,Rin Detergent Bar (Laundry Powder),Rin,Hindustan Unilever,Home Care & Cleaning,Laundry Powder,1,₹20 Pack,Mono Carton Box,20.0,25.0,50.0,42.3,g,40.0,59.1,25.0,-15.4,47.75,0.3904,0.2231,-0.1672,0.4284,0.5716,0.3225,Q3: Double Whammy (Price Up + Weight Down),Q3_Double_Whammy,1,1
HOM-RIN-2187,Rin Detergent Bar (Toilet Cleaner),Rin,Hindustan Unilever,Home Care & Cleaning,Toilet Cleaner,1,₹20 Pack,Nitrogen Flushed Foil Pouch,20.0,20.0,90.0,68.6,g,22.22,29.15,0.0,-23.78,31.19,0.2715,0.0,-0.2715,1.0,0.0,0.7624,"Q2: Silent Shrinkflation (Weight Down, Price Flat)",Q2_Silent_Shrink,1,1
HOM-RIN-2195,Rin Detergent Bar (Laundry Powder),Rin,Hindustan Unilever,Home Care & Cleaning,Laundry Powder,1,₹20 Pack,HDPE Plastic Bottle,20.0,20.0,110.0,78.4,g,18.18,25.51,0.0,-28.73,40.32,0.3387,0.0,-0.3387,0.9997,0.0,0.7125,"Q2: Silent Shrinkflation (Weight Down, Price Flat)",Q2_Silent_Shrink,1,1
HOM-RIN-2337,Rin Detergent Bar (Laundry Bar),Rin,Hindustan Unilever,Home Care & Cleaning,Laundry Bar,0,Standard / Non-LUP,Paper Wrapper,150.0,185.2,1000.0,1000.0,g,15.0,18.52,23.47,0.0,23.47,0.2108,0.2108,0.0,0.0,1.0,0.0,"Q1: Overt Inflation (Price Up, Weight Flat)",Q1_Overt_Inflation,0,0
HOM-RIN-2380,Rin Detergent Bar (Laundry Powder),Rin,Hindustan Unilever,Home Care & Cleaning,Laundry Powder,1,₹20 Pack,Paper Wrapper,20.0,20.0,50.0,37.3,g,40.0,53.62,0.0,-25.4,34.05,0.293,0.0,-0.293,1.0,0.0,0.746,"Q2: Silent Shrinkflation (Weight Down, Price Flat)",Q2_Silent_Shrink,1,1
HOM-SUR-1220,Surf Excel Easy Wash (Dishwash Bar),Surf,Hindustan Unilever,Home Care & Cleaning,Dishwash Bar,0,Standard / Non-LUP,LDPE Pouch,235.2,297.6,500.0,500.0,g,47.04,59.52,26.53,0.0,26.53,0.2353,0.2353,0.0,0.0,1.0,0.0,"Q1: Overt Inflation (Price Up, Weight Flat)",Q1_Overt_Inflation,0,0
HOM-SUR-1391,Surf Excel Easy Wash (Laundry Bar),Surf,Hindustan Unilever,Home Care & Cleaning,Laundry Bar,1,₹5 Pack,Stand-up Spout Pouch,5.0,5.0,18.0,13.7,g,27.78,36.5,0.0,-23.89,31.39,0.273,0.0,-0.273,0.9999,0.0,0.761,"Q2: Silent Shrinkflation (Weight Down, Price Flat)",Q2_Silent_Shrink,1,1
HOM-SUR-1577,Surf Excel Easy Wash (Laundry Bar),Surf,Hindustan Unilever,Home Care & Cleaning,Laundry Bar,0,Standard / Non-LUP,HDPE Plastic Bottle,228.0,294.7,2000.0,2000.0,g,11.4,14.73,29.25,0.0,29.21,0.2563,0.2566,0.0,0.0,1.0,0.0,"Q1: Overt Inflation (Price Up, Weight Flat)",Q1_Overt_Inflation,0,0
HOM-SUR-1594,Surf Excel Easy Wash (Laundry Powder),Surf,Hindustan Unilever,Home Care & Cleaning,Laundry Powder,0,Standard / Non-LUP,Nitrogen Flushed Foil Pouch,320.0,387.8,1000.0,1000.0,g,32.0,38.78,21.19,0.0,21.19,0.1922,0.1922,0.0,0.0,1.0,0.0,"Q1: Overt Inflation (Price Up, Weight Flat)",Q1_Overt_Inflation,0,0
HOM-SUR-1654,Surf Excel Easy Wash (Laundry Bar),Surf,Hindustan Unilever,Home Care & Cleaning,Laundry Bar,0,Standard / Non-LUP,HDPE Plastic Bottle,142.5,190.1,1000.0,810.0,g,14.25,23.47,33.4,-19.0,64.7,0.499,0.2882,-0.2107,0.4223,0.5776,0.2937,Q3: Double Whammy (Price Up + Weight Down),Q3_Double_Whammy,1,1
HOM-SUR-1684,Surf Excel Easy Wash (Dishwash Bar),Surf,Hindustan Unilever,Home Care & Cleaning,Dishwash Bar,1,₹10 Pack,Mono Carton Box,10.0,13.0,135.0,109.4,g,7.41,11.88,30.0,-18.96,60.32,0.472,0.2624,-0.2103,0.4454,0.5558,0.3144,Q3: Double Whammy (Price Up + Weight Down),Q3_Double_Whammy,1,1
HOM-SUR-1941,Surf Excel Easy Wash (Dishwash Bar),Surf,Hindustan Unilever,Home Care & Cleaning,Dishwash Bar,0,Standard / Non-LUP,Flexible Pillow Pouch,235.2,228.0,2000.0,2000.0,g,11.76,11.4,-3.06,0.0,-3.06,-0.0311,-0.0311,0.0,0.0,0.0,0.0,Q4: Stable / Fair Value,Q4_Stable_Fair,0,0
HOM-TID-1193,Tide Plus Extra Power (Laundry Powder),Tide,Procter & Gamble India,Home Care & Cleaning,Laundry Powder,0,Standard / Non-LUP,Mono Carton Box,307.2,389.1,500.0,405.0,g,61.44,96.07,26.66,-19.0,56.36,0.447,0.2363,-0.2107,0.4714,0.5287,0.3371,Q3: Double Whammy (Price Up + Weight Down),Q3_Double_Whammy,1,1
HOM-TID-1390,Tide Plus Extra Power (Laundry Powder),Tide,Procter & Gamble India,Home Care & Cleaning,Laundry Powder,1,₹20 Pack,Flow Wrap,20.0,20.0,50.0,37.3,g,40.0,53.62,0.0,-25.4,34.05,0.293,0.0,-0.293,1.0,0.0,0.746,"Q2: Silent Shrinkflation (Weight Down, Price Flat)",Q2_Silent_Shrink,1,1
HOM-TID-1487,Tide Plus Extra Power (Laundry Powder),Tide,Procter & Gamble India,Home Care & Cleaning,Laundry Powder,1,₹10 Pack,Poly Bag,10.0,10.0,135.0,107.3,g,7.41,9.32,0.0,-20.52,25.78,0.2293,0.0,-0.2296,1.0,0.0,0.796,"Q2: Silent Shrinkflation (Weight Down, Price Flat)",Q2_Silent_Shrink,1,1
HOM-TID-1683,Tide Plus Extra Power (Liquid Detergent),Tide,Procter & Gamble India,Home Care & Cleaning,Liquid Detergent,0,Standard / Non-LUP,HDPE Plastic Bottle,144.0,192.0,500.0,500.0,g,28.8,38.4,33.33,0.0,33.33,0.2877,0.2877,0.0,0.0,1.0,0.0,"Q1: Overt Inflation (Price Up, Weight Flat)",Q1_Overt_Inflation,0,0
HOM-TID-1945,Tide Plus Extra Power (Laundry Powder),Tide,Procter & Gamble India,Home Care & Cleaning,Laundry Powder,1,₹50 Pack,Mono Carton Box,50.0,50.0,175.0,175.0,g,28.57,28.57,0.0,0.0,0.0,0.0,0.0,0.0,0.0,0.0,0.0,Q4: Stable / Fair Value,Q4_Stable_Fair,0,0
HOM-TID-2178,Tide Plus Extra Power (Laundry Powder),Tide,Procter & Gamble India,Home Care & Cleaning,Laundry Powder,0,Standard / Non-LUP,LDPE Pouch,235.2,286.9,2000.0,2000.0,g,11.76,14.34,21.98,0.0,21.94,0.1983,0.1987,0.0,0.0,1.0,0.0,"Q1: Overt Inflation (Price Up, Weight Flat)",Q1_Overt_Inflation,0,0
HOM-UJA-1280,Ujala Supreme Fabric Whitener (Dishwash Bar),Ujala,Jyothy Labs,Home Care & Cleaning,Dishwash Bar,0,Standard / Non-LUP,Nitrogen Flushed Foil Pouch,304.0,313.6,500.0,356.4,g,60.8,87.99,3.16,-28.72,44.72,0.3696,0.0311,-0.3386,0.9159,0.0841,0.6422,Q3: Double Whammy (Price Up + Weight Down),Q3_Double_Whammy,1,1
HOM-UJA-1372,Ujala Supreme Fabric Whitener (Fabric Care),Ujala,Jyothy Labs,Home Care & Cleaning,Fabric Care,0,Standard / Non-LUP,Flexible Pillow Pouch,320.0,414.2,2000.0,2000.0,g,16.0,20.71,29.44,0.0,29.44,0.258,0.258,0.0,0.0,1.0,0.0,"Q1: Overt Inflation (Price Up, Weight Flat)",Q1_Overt_Inflation,0,0
HOM-UJA-1600,Ujala Supreme Fabric Whitener (Fabric Care),Ujala,Jyothy Labs,Home Care & Cleaning,Fabric Care,1,₹5 Pack,Paper Wrapper,5.0,5.0,15.0,10.6,g,33.33,47.17,0.0,-29.33,41.52,0.3473,0.0,-0.3472,0.9997,0.0,0.7064,"Q2: Silent Shrinkflation (Weight Down, Price Flat)",Q2_Silent_Shrink,1,1
HOM-UJA-2036,Ujala Supreme Fabric Whitener (Dishwash Bar),Ujala,Jyothy Labs,Home Care & Cleaning,Dishwash Bar,1,₹20 Pack,Stand-up Spout Pouch,20.0,20.0,75.0,55.9,g,26.67,35.78,0.0,-25.47,34.16,0.2938,0.0,-0.2939,1.0,0.0,0.7455,"Q2: Silent Shrinkflation (Weight Down, Price Flat)",Q2_Silent_Shrink,1,1
HOM-UJA-2103,Ujala Supreme Fabric Whitener (Fabric Care),Ujala,Jyothy Labs,Home Care & Cleaning,Fabric Care,0,Standard / Non-LUP,Paper Wrapper,313.6,304.0,500.0,500.0,g,62.72,60.8,-3.06,0.0,-3.06,-0.0311,-0.0311,0.0,0.0,0.0,0.0,Q4: Stable / Fair Value,Q4_Stable_Fair,0,0
HOM-UJA-2222,Ujala Supreme Fabric Whitener (Fabric Care),Ujala,Jyothy Labs,Home Care & Cleaning,Fabric Care,0,Standard / Non-LUP,Paper Wrapper,73.5,93.0,2000.0,1692.0,g,3.67,5.5,26.53,-15.4,49.86,0.4046,0.2353,-0.1672,0.4134,0.5817,0.3088,Q3: Double Whammy (Price Up + Weight Down),Q3_Double_Whammy,1,1
HOM-UJA-2366,Ujala Supreme Fabric Whitener (Dishwash Bar),Ujala,Jyothy Labs,Home Care & Cleaning,Dishwash Bar,0,Standard / Non-LUP,Stand-up Spout Pouch,320.0,383.8,1000.0,1000.0,g,32.0,38.38,19.94,0.0,19.94,0.1818,0.1818,0.0,0.0,1.0,0.0,"Q1: Overt Inflation (Price Up, Weight Flat)",Q1_Overt_Inflation,0,0
HOM-VIM-1281,Vim Dishwash Bar (Toilet Cleaner),Vim,Hindustan Unilever,Home Care & Cleaning,Toilet Cleaner,1,₹5 Pack,LDPE Pouch,5.0,5.0,18.0,14.0,g,27.78,35.71,0.0,-22.22,28.55,0.2511,0.0,-0.2513,1.0,0.0,0.7785,"Q2: Silent Shrinkflation (Weight Down, Price Flat)",Q2_Silent_Shrink,1,1
HOM-VIM-1400,Vim Dishwash Bar (Dishwash Bar),Vim,Hindustan Unilever,Home Care & Cleaning,Dishwash Bar,0,Standard / Non-LUP,Flow Wrap,235.2,230.4,1000.0,1000.0,g,23.52,23.04,-2.04,0.0,-2.04,-0.0206,-0.0206,0.0,0.0,0.0,0.0,Q4: Stable / Fair Value,Q4_Stable_Fair,0,0
HOM-VIM-1568,Vim Dishwash Bar (Dishwash Bar),Vim,Hindustan Unilever,Home Care & Cleaning,Dishwash Bar,1,₹5 Pack,Flexible Pillow Pouch,5.0,5.0,18.0,13.4,g,27.78,37.31,0.0,-25.56,34.31,0.2949,0.0,-0.2951,1.0,0.0,0.7449,"Q2: Silent Shrinkflation (Weight Down, Price Flat)",Q2_Silent_Shrink,1,1
HOM-VIM-1604,Vim Dishwash Bar (Dishwash Bar),Vim,Hindustan Unilever,Home Care & Cleaning,Dishwash Bar,0,Standard / Non-LUP,LDPE Pouch,150.0,189.1,1000.0,1000.0,g,15.0,18.91,26.07,0.0,26.07,0.2316,0.2316,0.0,0.0,1.0,0.0,"Q1: Overt Inflation (Price Up, Weight Flat)",Q1_Overt_Inflation,0,0
HOM-VIM-1628,Vim Dishwash Bar (Laundry Powder),Vim,Hindustan Unilever,Home Care & Cleaning,Laundry Powder,0,Standard / Non-LUP,Poly Bag,72.0,96.0,1000.0,1000.0,g,7.2,9.6,33.33,0.0,33.33,0.2877,0.2877,0.0,0.0,1.0,0.0,"Q1: Overt Inflation (Price Up, Weight Flat)",Q1_Overt_Inflation,0,0
HOM-VIM-1653,Vim Dishwash Bar (Laundry Powder),Vim,Hindustan Unilever,Home Care & Cleaning,Laundry Powder,0,Standard / Non-LUP,Stand-up Spout Pouch,313.6,355.3,500.0,405.0,g,62.72,87.73,13.3,-19.0,39.88,0.3356,0.1248,-0.2107,0.6279,0.372,0.4765,Q3: Double Whammy (Price Up + Weight Down),Q3_Double_Whammy,1,1
HOM-VIM-1961,Vim Dishwash Bar (Dishwash Bar),Vim,Hindustan Unilever,Home Care & Cleaning,Dishwash Bar,1,₹20 Pack,Flexible Pillow Pouch,20.0,26.0,90.0,90.0,g,22.22,28.89,30.0,0.0,30.02,0.2625,0.2624,0.0,0.0,0.9995,0.0,"Q1: Overt Inflation (Price Up, Weight Flat)",Q1_Overt_Inflation,0,0
HOM-VIM-2086,Vim Dishwash Bar (Dishwash Bar),Vim,Hindustan Unilever,Home Care & Cleaning,Dishwash Bar,1,₹20 Pack,LDPE Pouch,20.0,20.0,60.0,44.6,g,33.33,44.84,0.0,-25.67,34.53,0.2966,0.0,-0.2966,0.9999,0.0,0.7432,"Q2: Silent Shrinkflation (Weight Down, Price Flat)",Q2_Silent_Shrink,1,1
HOM-VIM-2111,Vim Dishwash Bar (Toilet Cleaner),Vim,Hindustan Unilever,Home Care & Cleaning,Toilet Cleaner,0,Standard / Non-LUP,Flexible Pillow Pouch,99.0,95.0,500.0,348.5,g,19.8,27.26,-4.04,-30.3,37.68,0.3197,-0.0412,-0.361,1.0,0.0,0.8042,"Q2: Silent Shrinkflation (Weight Down, Price Flat)",Q2_Silent_Shrink,1,1
HOM-VIM-2260,Vim Dishwash Bar (Laundry Bar),Vim,Hindustan Unilever,Home Care & Cleaning,Laundry Bar,0,Standard / Non-LUP,HDPE Plastic Bottle,114.0,150.0,2000.0,2000.0,g,5.7,7.5,31.58,0.0,31.58,0.2744,0.2744,0.0,0.0,1.0,0.0,"Q1: Overt Inflation (Price Up, Weight Flat)",Q1_Overt_Inflation,0,0
HOM-WHE-1038,Wheel 2in1 Powder (Laundry Bar),Wheel,Hindustan Unilever,Home Care & Cleaning,Laundry Bar,1,₹50 Pack,Paper Wrapper,50.0,50.0,125.0,95.1,g,40.0,52.58,0.0,-23.92,31.45,0.2735,0.0,-0.2734,0.9997,0.0,0.7606,"Q2: Silent Shrinkflation (Weight Down, Price Flat)",Q2_Silent_Shrink,1,1
HOM-WHE-1134,Wheel 2in1 Powder (Laundry Bar),Wheel,Hindustan Unilever,Home Care & Cleaning,Laundry Bar,0,Standard / Non-LUP,Mono Carton Box,240.0,279.4,2000.0,2000.0,g,12.0,13.97,16.42,0.0,16.42,0.152,0.152,0.0,0.0,1.0,0.0,"Q1: Overt Inflation (Price Up, Weight Flat)",Q1_Overt_Inflation,0,0
HOM-WHE-1140,Wheel 2in1 Powder (Laundry Bar),Wheel,Hindustan Unilever,Home Care & Cleaning,Laundry Bar,0,Standard / Non-LUP,Paper Wrapper,142.5,144.0,2000.0,1425.6,g,7.12,10.1,1.05,-28.72,41.85,0.3496,0.0105,-0.3386,0.9683,0.0299,0.6862,"Q2: Silent Shrinkflation (Weight Down, Price Flat)",Q2_Silent_Shrink,1,1
HOM-WHE-1494,Wheel 2in1 Powder (Laundry Powder),Wheel,Hindustan Unilever,Home Care & Cleaning,Laundry Powder,1,₹20 Pack,Paper Wrapper,20.0,20.0,75.0,58.4,g,26.67,34.25,0.0,-22.13,28.42,0.2501,0.0,-0.2502,1.0,0.0,0.7788,"Q2: Silent Shrinkflation (Weight Down, Price Flat)",Q2_Silent_Shrink,1,1
HOM-WHE-1508,Wheel 2in1 Powder (Laundry Bar),Wheel,Hindustan Unilever,Home Care & Cleaning,Laundry Bar,0,Standard / Non-LUP,Nitrogen Flushed Foil Pouch,313.6,304.0,500.0,500.0,g,62.72,60.8,-3.06,0.0,-3.06,-0.0311,-0.0311,0.0,0.0,0.0,0.0,Q4: Stable / Fair Value,Q4_Stable_Fair,0,0
HOM-WHE-1636,Wheel 2in1 Powder (Toilet Cleaner),Wheel,Hindustan Unilever,Home Care & Cleaning,Toilet Cleaner,1,₹10 Pack,Poly Bag,10.0,12.0,135.0,119.3,g,7.41,10.06,20.0,-11.63,35.76,0.3057,0.1823,-0.1236,0.4044,0.5963,0.3252,Q3: Double Whammy (Price Up + Weight Down),Q3_Double_Whammy,1,1
HOM-WHE-1794,Wheel 2in1 Powder (Laundry Bar),Wheel,Hindustan Unilever,Home Care & Cleaning,Laundry Bar,0,Standard / Non-LUP,Stand-up Spout Pouch,75.0,95.0,2000.0,2000.0,g,3.75,4.75,26.67,0.0,26.67,0.2364,0.2364,0.0,0.0,1.0,0.0,"Q1: Overt Inflation (Price Up, Weight Flat)",Q1_Overt_Inflation,0,0
HOM-WHE-2261,Wheel 2in1 Powder (Toilet Cleaner),Wheel,Hindustan Unilever,Home Care & Cleaning,Toilet Cleaner,0,Standard / Non-LUP,Poly Bag,114.0,153.9,2000.0,2000.0,g,5.7,7.7,35.0,0.0,35.09,0.3008,0.3001,0.0,0.0,0.9978,0.0,"Q1: Overt Inflation (Price Up, Weight Flat)",Q1_Overt_Inflation,0,0
HOM-WHE-2396,Wheel 2in1 Powder (Laundry Powder),Wheel,Hindustan Unilever,Home Care & Cleaning,Laundry Powder,0,Standard / Non-LUP,HDPE Plastic Bottle,304.0,313.6,500.0,500.0,g,60.8,62.72,3.16,0.0,3.16,0.0311,0.0311,0.0,0.0,1.0,0.0,"Q1: Overt Inflation (Price Up, Weight Flat)",Q1_Overt_Inflation,0,0
PER-CIN-1117,Cinthol Lime (Deodorant Soap),Cinthol,Godrej Consumer,Personal Care & Soaps,Deodorant Soap,1,₹5 Pack,Paper Wrapper,5.0,5.0,18.0,13.4,g,27.78,37.31,0.0,-25.56,34.31,0.2949,0.0,-0.2951,1.0,0.0,0.7449,"Q2: Silent Shrinkflation (Weight Down, Price Flat)",Q2_Silent_Shrink,1,1
PER-CIN-1130,Cinthol Lime (Deodorant Soap),Cinthol,Godrej Consumer,Personal Care & Soaps,Deodorant Soap,0,Standard / Non-LUP,Stand-up Spout Pouch,94.1,118.1,500.0,500.0,g,18.82,23.62,25.5,0.0,25.5,0.2272,0.2272,0.0,0.0,1.0,0.0,"Q1: Overt Inflation (Price Up, Weight Flat)",Q1_Overt_Inflation,0,0
PER-CIN-1143,Cinthol Original (Bathing Soap),Cinthol,Godrej Consumer,Personal Care & Soaps,Bathing Soap,1,₹20 Pack,Flexible Pillow Pouch,20.0,20.0,120.0,89.4,g,16.67,22.37,0.0,-25.5,34.19,0.2941,0.0,-0.2944,1.0,0.0,0.7458,"Q2: Silent Shrinkflation (Weight Down, Price Flat)",Q2_Silent_Shrink,1,1
PER-CIN-1243,Cinthol Original (Bathing Soap),Cinthol,Godrej Consumer,Personal Care & Soaps,Bathing Soap,0,Standard / Non-LUP,Paper Wrapper,159.6,164.6,400.0,400.0,g,39.9,41.15,3.13,0.0,3.13,0.0308,0.0308,0.0,0.0,1.0,0.0,"Q1: Overt Inflation (Price Up, Weight Flat)",Q1_Overt_Inflation,0,0
PER-CIN-1344,Cinthol Lime (Deodorant Soap),Cinthol,Godrej Consumer,Personal Care & Soaps,Deodorant Soap,1,₹10 Pack,Stand-up Spout Pouch,10.0,10.0,45.0,32.8,g,22.22,30.49,0.0,-27.11,37.22,0.3164,0.0,-0.3162,0.9995,0.0,0.7284,"Q2: Silent Shrinkflation (Weight Down, Price Flat)",Q2_Silent_Shrink,1,1
PER-CIN-1402,Cinthol Original (Bathing Soap),Cinthol,Godrej Consumer,Personal Care & Soaps,Bathing Soap,0,Standard / Non-LUP,Flow Wrap,59.5,59.5,250.0,194.6,g,23.8,30.58,0.0,-22.16,28.49,0.2507,0.0,-0.2505,0.9994,0.0,0.7779,"Q2: Silent Shrinkflation (Weight Down, Price Flat)",Q2_Silent_Shrink,1,1
PER-CIN-1409,Cinthol Original (Deodorant Soap),Cinthol,Godrej Consumer,Personal Care & Soaps,Deodorant Soap,0,Standard / Non-LUP,Stand-up Spout Pouch,66.2,67.6,150.0,119.3,g,44.13,56.66,2.11,-20.47,28.39,0.2499,0.0209,-0.229,0.9162,0.0837,0.7208,"Q2: Silent Shrinkflation (Weight Down, Price Flat)",Q2_Silent_Shrink,1,1
PER-CIN-1754,Cinthol Lime (Deodorant Soap),Cinthol,Godrej Consumer,Personal Care & Soaps,Deodorant Soap,0,Standard / Non-LUP,Paper Wrapper,153.6,152.0,100.0,74.4,g,153.6,204.3,-1.04,-25.6,33.01,0.2852,-0.0105,-0.2957,1.0,0.0,0.7756,"Q2: Silent Shrinkflation (Weight Down, Price Flat)",Q2_Silent_Shrink,1,1
PER-CIN-1786,Cinthol Lime (Bathing Soap),Cinthol,Godrej Consumer,Personal Care & Soaps,Bathing Soap,1,₹20 Pack,Mono Carton Box,20.0,20.0,75.0,54.6,g,26.67,36.63,0.0,-27.2,37.35,0.3173,0.0,-0.3175,1.0,0.0,0.7283,"Q2: Silent Shrinkflation (Weight Down, Price Flat)",Q2_Silent_Shrink,1,1
PER-CIN-1939,Cinthol Lime (Deodorant Soap),Cinthol,Godrej Consumer,Personal Care & Soaps,Deodorant Soap,1,₹20 Pack,LDPE Pouch,20.0,20.0,60.0,45.7,g,33.33,43.76,0.0,-23.83,31.29,0.2723,0.0,-0.2722,0.9999,0.0,0.7616,"Q2: Silent Shrinkflation (Weight Down, Price Flat)",Q2_Silent_Shrink,1,1
PER-CIN-2252,Cinthol Original (Bathing Soap),Cinthol,Godrej Consumer,Personal Care & Soaps,Bathing Soap,0,Standard / Non-LUP,Stand-up Spout Pouch,90.2,94.0,100.0,100.0,g,90.2,94.0,4.21,0.0,4.21,0.0413,0.0413,0.0,0.0,1.0,0.0,"Q1: Overt Inflation (Price Up, Weight Flat)",Q1_Overt_Inflation,0,0
PER-CIN-2293,Cinthol Lime (Bathing Soap),Cinthol,Godrej Consumer,Personal Care & Soaps,Bathing Soap,0,Standard / Non-LUP,Mono Carton Box,52.2,52.2,200.0,148.9,g,26.1,35.06,0.0,-25.55,34.33,0.2951,0.0,-0.295,0.9997,0.0,0.7443,"Q2: Silent Shrinkflation (Weight Down, Price Flat)",Q2_Silent_Shrink,1,1
PER-CIN-2374,Cinthol Lime (Deodorant Soap),Cinthol,Godrej Consumer,Personal Care & Soaps,Deodorant Soap,0,Standard / Non-LUP,Poly Bag,143.1,188.0,250.0,250.0,g,57.24,75.2,31.38,0.0,31.38,0.2729,0.2729,0.0,0.0,1.0,0.0,"Q1: Overt Inflation (Price Up, Weight Flat)",Q1_Overt_Inflation,0,0
PER-CLI-1049,Clinic Plus (Bathing Soap),Clinic,Hindustan Unilever,Personal Care & Soaps,Bathing Soap,0,Standard / Non-LUP,Paper Wrapper,173.0,173.0,400.0,298.1,g,43.25,58.03,0.0,-25.47,34.17,0.294,0.0,-0.294,1.0,0.0,0.7455,"Q2: Silent Shrinkflation (Weight Down, Price Flat)",Q2_Silent_Shrink,1,1
PER-CLI-1152,Clinic Plus (Bathing Soap),Clinic,Hindustan Unilever,Personal Care & Soaps,Bathing Soap,0,Standard / Non-LUP,Nitrogen Flushed Foil Pouch,43.1,44.0,100.0,71.3,g,43.1,61.71,2.09,-28.7,43.18,0.3589,0.0207,-0.3383,0.9425,0.0576,0.6647,"Q2: Silent Shrinkflation (Weight Down, Price Flat)",Q2_Silent_Shrink,1,1
PER-CLI-1319,Clinic Plus (Toothpaste),Clinic,Hindustan Unilever,Personal Care & Soaps,Toothpaste,0,Standard / Non-LUP,HDPE Plastic Bottle,163.0,200.9,300.0,300.0,g,54.33,66.97,23.25,0.0,23.27,0.2092,0.2091,0.0,0.0,0.9995,0.0,"Q1: Overt Inflation (Price Up, Weight Flat)",Q1_Overt_Inflation,0,0
PER-CLI-1351,Clinic Plus (Shampoo),Clinic,Hindustan Unilever,Personal Care & Soaps,Shampoo,0,Standard / Non-LUP,Stand-up Spout Pouch,176.4,231.0,500.0,500.0,g,35.28,46.2,30.95,0.0,30.95,0.2697,0.2697,0.0,0.0,1.0,0.0,"Q1: Overt Inflation (Price Up, Weight Flat)",Q1_Overt_Inflation,0,0
PER-CLI-1397,Clinic Plus (Beauty Bar),Clinic,Hindustan Unilever,Personal Care & Soaps,Beauty Bar,1,₹5 Pack,Nitrogen Flushed Foil Pouch,5.0,5.0,25.0,19.5,g,20.0,25.64,0.0,-22.0,28.2,0.2484,0.0,-0.2485,1.0,0.0,0.7801,"Q2: Silent Shrinkflation (Weight Down, Price Flat)",Q2_Silent_Shrink,1,1
PER-CLI-1432,Clinic Plus (Shampoo),Clinic,Hindustan Unilever,Personal Care & Soaps,Shampoo,1,₹20 Pack,Stand-up Spout Pouch,20.0,20.0,75.0,57.1,g,26.67,35.03,0.0,-23.87,31.35,0.2727,0.0,-0.2727,1.0,0.0,0.7614,"Q2: Silent Shrinkflation (Weight Down, Price Flat)",Q2_Silent_Shrink,1,1
PER-CLI-1708,Clinic Plus (Beauty Bar),Clinic,Hindustan Unilever,Personal Care & Soaps,Beauty Bar,0,Standard / Non-LUP,Flexible Pillow Pouch,176.0,172.5,300.0,300.0,g,58.67,57.5,-1.99,0.0,-1.99,-0.0201,-0.0201,0.0,0.0,0.0,0.0,Q4: Stable / Fair Value,Q4_Stable_Fair,0,0
PER-CLI-1807,Clinic Plus (Bathing Soap),Clinic,Hindustan Unilever,Personal Care & Soaps,Bathing Soap,1,₹20 Pack,Poly Bag,20.0,20.0,60.0,43.6,g,33.33,45.87,0.0,-27.33,37.62,0.3194,0.0,-0.3193,0.9998,0.0,0.7265,"Q2: Silent Shrinkflation (Weight Down, Price Flat)",Q2_Silent_Shrink,1,1
PER-CLI-1821,Clinic Plus (Beauty Bar),Clinic,Hindustan Unilever,Personal Care & Soaps,Beauty Bar,0,Standard / Non-LUP,Paper Wrapper,172.5,209.3,100.0,84.6,g,172.5,247.4,21.33,-15.4,43.42,0.3606,0.1934,-0.1672,0.4638,0.5362,0.3547,Q3: Double Whammy (Price Up + Weight Down),Q3_Double_Whammy,1,1
PER-CLI-1864,Clinic Plus (Toothpaste),Clinic,Hindustan Unilever,Personal Care & Soaps,Toothpaste,0,Standard / Non-LUP,Stand-up Spout Pouch,110.2,116.0,200.0,200.0,g,55.1,58.0,5.26,0.0,5.26,0.0513,0.0513,0.0,0.0,1.0,0.0,"Q1: Overt Inflation (Price Up, Weight Flat)",Q1_Overt_Inflation,0,0
PER-CLI-2157,Clinic Plus (Shampoo),Clinic,Hindustan Unilever,Personal Care & Soaps,Shampoo,0,Standard / Non-LUP,LDPE Pouch,156.8,196.8,300.0,265.1,g,52.27,74.24,25.51,-11.63,42.03,0.3509,0.2272,-0.1237,0.3525,0.6476,0.2768,Q3: Double Whammy (Price Up + Weight Down),Q3_Double_Whammy,1,1
PER-CLI-2248,Clinic Plus (Toothpaste),Clinic,Hindustan Unilever,Personal Care & Soaps,Toothpaste,1,₹50 Pack,Mono Carton Box,50.0,50.0,175.0,119.2,g,28.57,41.95,0.0,-31.89,46.83,0.3841,0.0,-0.384,0.9996,0.0,0.6808,"Q2: Silent Shrinkflation (Weight Down, Price Flat)",Q2_Silent_Shrink,1,1
PER-CLI-2385,Clinic Plus (Bathing Soap),Clinic,Hindustan Unilever,Personal Care & Soaps,Bathing Soap,1,₹5 Pack,Mono Carton Box,5.0,5.0,18.0,12.5,g,27.78,40.0,0.0,-30.56,43.99,0.3646,0.0,-0.3646,1.0,0.0,0.6946,"Q2: Silent Shrinkflation (Weight Down, Price Flat)",Q2_Silent_Shrink,1,1
PER-CLO-1138,Close Up Gel (Shampoo),Close,Hindustan Unilever,Personal Care & Soaps,Shampoo,0,Standard / Non-LUP,Nitrogen Flushed Foil Pouch,149.0,143.0,500.0,389.3,g,29.8,36.73,-4.03,-22.14,23.26,0.2091,-0.0411,-0.2503,1.0,0.0,0.9521,"Q2: Silent Shrinkflation (Weight Down, Price Flat)",Q2_Silent_Shrink,1,1
PER-CLO-1425,Close Up Gel (Bathing Soap),Close,Hindustan Unilever,Personal Care & Soaps,Bathing Soap,0,Standard / Non-LUP,Nitrogen Flushed Foil Pouch,164.6,164.6,100.0,79.6,g,164.6,206.78,0.0,-20.4,25.63,0.2281,0.0,-0.2282,1.0,0.0,0.7961,"Q2: Silent Shrinkflation (Weight Down, Price Flat)",Q2_Silent_Shrink,1,1
PER-CLO-1937,Close Up Gel (Beauty Bar),Close,Hindustan Unilever,Personal Care & Soaps,Beauty Bar,0,Standard / Non-LUP,LDPE Pouch,170.9,209.9,150.0,132.5,g,113.93,158.42,22.82,-11.67,39.05,0.3297,0.2056,-0.1241,0.3763,0.6235,0.2988,Q3: Double Whammy (Price Up + Weight Down),Q3_Double_Whammy,1,1
PER-CLO-2008,Close Up Gel (Toothpaste),Close,Hindustan Unilever,Personal Care & Soaps,Toothpaste,0,Standard / Non-LUP,Flexible Pillow Pouch,59.0,57.8,250.0,190.3,g,23.6,30.37,-2.03,-23.88,28.69,0.2522,-0.0205,-0.2729,1.0,0.0,0.8324,"Q2: Silent Shrinkflation (Weight Down, Price Flat)",Q2_Silent_Shrink,1,1
PER-COL-1005,Colgate Total (Toothpaste),Colgate,Colgate-Palmolive India,Personal Care & Soaps,Toothpaste,0,Standard / Non-LUP,Flow Wrap,152.9,190.0,250.0,202.5,g,61.16,93.83,24.26,-19.0,53.42,0.428,0.2172,-0.2107,0.4923,0.5076,0.3557,Q3: Double Whammy (Price Up + Weight Down),Q3_Double_Whammy,1,1
PER-COL-1011,Colgate Strong Teeth (Dental Gel),Colgate,Colgate-Palmolive India,Personal Care & Soaps,Dental Gel,0,Standard / Non-LUP,LDPE Pouch,169.9,207.1,300.0,300.0,g,56.63,69.03,21.9,0.0,21.9,0.198,0.198,0.0,0.0,0.9999,0.0,"Q1: Overt Inflation (Price Up, Weight Flat)",Q1_Overt_Inflation,0,0
PER-COL-1016,Colgate MaxFresh (Toothpaste),Colgate,Colgate-Palmolive India,Personal Care & Soaps,Toothpaste,1,₹50 Pack,Flow Wrap,50.0,50.0,115.0,85.6,g,43.48,58.41,0.0,-25.57,34.34,0.2952,0.0,-0.2952,1.0,0.0,0.7445,"Q2: Silent Shrinkflation (Weight Down, Price Flat)",Q2_Silent_Shrink,1,1
PER-COL-1028,Colgate MaxFresh (Dental Gel),Colgate,Colgate-Palmolive India,Personal Care & Soaps,Dental Gel,1,₹50 Pack,Mono Carton Box,50.0,66.0,100.0,84.6,g,50.0,78.01,32.0,-15.4,56.02,0.4448,0.2776,-0.1672,0.376,0.6242,0.2749,Q3: Double Whammy (Price Up + Weight Down),Q3_Double_Whammy,1,1
PER-COL-1074,Colgate MaxFresh (Dental Gel),Colgate,Colgate-Palmolive India,Personal Care & Soaps,Dental Gel,0,Standard / Non-LUP,Poly Bag,144.4,149.0,200.0,155.5,g,72.2,95.82,3.19,-22.25,32.71,0.283,0.0314,-0.2517,0.8892,0.1108,0.6801,Q3: Double Whammy (Price Up + Weight Down),Q3_Double_Whammy,1,1
PER-COL-1103,Colgate MaxFresh (Toothpaste),Colgate,Colgate-Palmolive India,Personal Care & Soaps,Toothpaste,1,₹20 Pack,Flexible Pillow Pouch,20.0,28.0,50.0,50.0,g,40.0,56.0,40.0,0.0,40.0,0.3365,0.3365,0.0,0.0,1.0,0.0,"Q1: Overt Inflation (Price Up, Weight Flat)",Q1_Overt_Inflation,0,0
PER-COL-1131,Colgate MaxFresh (Toothpaste),Colgate,Colgate-Palmolive India,Personal Care & Soaps,Toothpaste,0,Standard / Non-LUP,HDPE Plastic Bottle,110.0,107.8,250.0,250.0,g,44.0,43.12,-2.0,0.0,-2.0,-0.0202,-0.0202,0.0,0.0,0.0,0.0,Q4: Stable / Fair Value,Q4_Stable_Fair,0,0
PER-COL-1256,Colgate Strong Teeth (Toothpaste),Colgate,Colgate-Palmolive India,Personal Care & Soaps,Toothpaste,0,Standard / Non-LUP,Mono Carton Box,62.4,62.4,500.0,380.5,g,12.48,16.4,0.0,-23.9,31.41,0.2732,0.0,-0.2731,0.9999,0.0,0.7609,"Q2: Silent Shrinkflation (Weight Down, Price Flat)",Q2_Silent_Shrink,1,1
PER-COL-1261,Colgate Strong Teeth (Toothpaste),Colgate,Colgate-Palmolive India,Personal Care & Soaps,Toothpaste,0,Standard / Non-LUP,HDPE Plastic Bottle,127.4,123.5,100.0,72.8,g,127.4,169.64,-3.06,-27.2,33.16,0.2863,-0.0311,-0.3175,1.0,0.0,0.8204,"Q2: Silent Shrinkflation (Weight Down, Price Flat)",Q2_Silent_Shrink,1,1
PER-COL-1324,Colgate Total (Dental Gel),Colgate,Colgate-Palmolive India,Personal Care & Soaps,Dental Gel,1,₹5 Pack,LDPE Pouch,5.0,5.0,25.0,19.1,g,20.0,26.18,0.0,-23.6,30.9,0.2693,0.0,-0.2692,0.9997,0.0,0.7638,"Q2: Silent Shrinkflation (Weight Down, Price Flat)",Q2_Silent_Shrink,1,1
PER-COL-1332,Colgate Strong Teeth (Toothpaste),Colgate,Colgate-Palmolive India,Personal Care & Soaps,Toothpaste,0,Standard / Non-LUP,Flexible Pillow Pouch,137.8,177.7,150.0,150.0,g,91.87,118.47,28.96,0.0,28.95,0.2543,0.2543,0.0,0.0,1.0,0.0,"Q1: Overt Inflation (Price Up, Weight Flat)",Q1_Overt_Inflation,0,0
PER-COL-1476,Colgate Total (Dental Gel),Colgate,Colgate-Palmolive India,Personal Care & Soaps,Dental Gel,1,₹5 Pack,Stand-up Spout Pouch,5.0,5.0,18.0,14.0,g,27.78,35.71,0.0,-22.22,28.55,0.2511,0.0,-0.2513,1.0,0.0,0.7785,"Q2: Silent Shrinkflation (Weight Down, Price Flat)",Q2_Silent_Shrink,1,1
PER-COL-1489,Colgate Strong Teeth (Toothpaste),Colgate,Colgate-Palmolive India,Personal Care & Soaps,Toothpaste,0,Standard / Non-LUP,LDPE Pouch,131.0,167.0,100.0,100.0,g,131.0,167.0,27.48,0.0,27.48,0.2428,0.2428,0.0,0.0,1.0,0.0,"Q1: Overt Inflation (Price Up, Weight Flat)",Q1_Overt_Inflation,0,0
PER-COL-1544,Colgate Active Salt (Toothpaste),Colgate,Colgate-Palmolive India,Personal Care & Soaps,Toothpaste,0,Standard / Non-LUP,Mono Carton Box,82.0,105.6,500.0,500.0,g,16.4,21.12,28.78,0.0,28.78,0.2529,0.2529,0.0,0.0,1.0,0.0,"Q1: Overt Inflation (Price Up, Weight Flat)",Q1_Overt_Inflation,0,0
PER-COL-1547,Colgate Strong Teeth (Toothpaste),Colgate,Colgate-Palmolive India,Personal Care & Soaps,Toothpaste,0,Standard / Non-LUP,Paper Wrapper,108.3,111.7,500.0,380.5,g,21.66,29.36,3.14,-23.9,35.55,0.3042,0.0309,-0.2731,0.8979,0.1016,0.6723,Q3: Double Whammy (Price Up + Weight Down),Q3_Double_Whammy,1,1
PER-COL-1558,Colgate Total (Toothpaste),Colgate,Colgate-Palmolive India,Personal Care & Soaps,Toothpaste,1,₹20 Pack,Nitrogen Flushed Foil Pouch,20.0,20.0,120.0,95.5,g,16.67,20.94,0.0,-20.42,25.61,0.2281,0.0,-0.2284,1.0,0.0,0.7971,"Q2: Silent Shrinkflation (Weight Down, Price Flat)",Q2_Silent_Shrink,1,1
PER-COL-1586,Colgate Active Salt (Toothpaste),Colgate,Colgate-Palmolive India,Personal Care & Soaps,Toothpaste,0,Standard / Non-LUP,Paper Wrapper,42.2,42.2,250.0,250.0,g,16.88,16.88,0.0,0.0,0.0,0.0,0.0,0.0,0.0,0.0,0.0,Q4: Stable / Fair Value,Q4_Stable_Fair,0,0
PER-COL-1635,Colgate Active Salt (Dental Gel),Colgate,Colgate-Palmolive India,Personal Care & Soaps,Dental Gel,1,₹20 Pack,Flow Wrap,20.0,20.0,75.0,57.1,g,26.67,35.03,0.0,-23.87,31.35,0.2727,0.0,-0.2727,1.0,0.0,0.7614,"Q2: Silent Shrinkflation (Weight Down, Price Flat)",Q2_Silent_Shrink,1,1
PER-COL-1700,Colgate Strong Teeth (Dental Gel),Colgate,Colgate-Palmolive India,Personal Care & Soaps,Dental Gel,0,Standard / Non-LUP,Flexible Pillow Pouch,91.1,120.5,500.0,423.0,g,18.22,28.49,32.27,-15.4,56.37,0.447,0.2797,-0.1672,0.3741,0.6257,0.2732,Q3: Double Whammy (Price Up + Weight Down),Q3_Double_Whammy,1,1
PER-COL-1748,Colgate Total (Toothpaste),Colgate,Colgate-Palmolive India,Personal Care & Soaps,Toothpaste,1,₹20 Pack,Paper Wrapper,20.0,20.0,50.0,36.4,g,40.0,54.95,0.0,-27.2,37.38,0.3175,0.0,-0.3175,0.9997,0.0,0.7278,"Q2: Silent Shrinkflation (Weight Down, Price Flat)",Q2_Silent_Shrink,1,1
PER-COL-1755,Colgate Strong Teeth (Toothpaste),Colgate,Colgate-Palmolive India,Personal Care & Soaps,Toothpaste,1,₹5 Pack,Poly Bag,5.0,5.0,15.0,13.3,g,33.33,37.59,0.0,-11.33,12.78,0.1203,0.0,-0.1203,1.0,0.0,0.8867,"Q2: Silent Shrinkflation (Weight Down, Price Flat)",Q2_Silent_Shrink,1,1
PER-COL-1779,Colgate MaxFresh (Dental Gel),Colgate,Colgate-Palmolive India,Personal Care & Soaps,Dental Gel,1,₹5 Pack,Nitrogen Flushed Foil Pouch,5.0,5.0,15.0,11.2,g,33.33,44.64,0.0,-25.33,33.93,0.2922,0.0,-0.2921,0.9999,0.0,0.7466,"Q2: Silent Shrinkflation (Weight Down, Price Flat)",Q2_Silent_Shrink,1,1
PER-COL-1790,Colgate Strong Teeth (Toothpaste),Colgate,Colgate-Palmolive India,Personal Care & Soaps,Toothpaste,1,₹20 Pack,Poly Bag,20.0,20.0,120.0,87.5,g,16.67,22.86,0.0,-27.08,37.13,0.3158,0.0,-0.3159,1.0,0.0,0.7294,"Q2: Silent Shrinkflation (Weight Down, Price Flat)",Q2_Silent_Shrink,1,1
PER-COL-1792,Colgate MaxFresh (Dental Gel),Colgate,Colgate-Palmolive India,Personal Care & Soaps,Dental Gel,0,Standard / Non-LUP,LDPE Pouch,122.5,126.4,100.0,76.1,g,122.5,166.1,3.18,-23.9,35.59,0.3045,0.0313,-0.2731,0.897,0.1029,0.6715,Q3: Double Whammy (Price Up + Weight Down),Q3_Double_Whammy,1,1
PER-COL-1831,Colgate Total (Dental Gel),Colgate,Colgate-Palmolive India,Personal Care & Soaps,Dental Gel,0,Standard / Non-LUP,Stand-up Spout Pouch,156.5,159.7,500.0,364.3,g,31.3,43.84,2.04,-27.14,40.06,0.3369,0.0202,-0.3166,0.9398,0.0601,0.6774,"Q2: Silent Shrinkflation (Weight Down, Price Flat)",Q2_Silent_Shrink,1,1
PER-COL-1845,Colgate MaxFresh (Dental Gel),Colgate,Colgate-Palmolive India,Personal Care & Soaps,Dental Gel,0,Standard / Non-LUP,Mono Carton Box,79.8,107.5,100.0,84.6,g,79.8,127.07,34.71,-15.4,59.24,0.4652,0.298,-0.1672,0.3595,0.6405,0.26,Q3: Double Whammy (Price Up + Weight Down),Q3_Double_Whammy,1,1
PER-COL-1912,Colgate Total (Dental Gel),Colgate,Colgate-Palmolive India,Personal Care & Soaps,Dental Gel,0,Standard / Non-LUP,Flow Wrap,166.0,183.3,150.0,121.5,g,110.67,150.86,10.42,-19.0,36.32,0.3098,0.0991,-0.2107,0.6802,0.32,0.5232,Q3: Double Whammy (Price Up + Weight Down),Q3_Double_Whammy,1,1
PER-COL-1949,Colgate Strong Teeth (Toothpaste),Colgate,Colgate-Palmolive India,Personal Care & Soaps,Toothpaste,1,₹50 Pack,Flexible Pillow Pouch,50.0,50.0,115.0,87.6,g,43.48,57.08,0.0,-23.83,31.28,0.2722,0.0,-0.2722,1.0,0.0,0.7617,"Q2: Silent Shrinkflation (Weight Down, Price Flat)",Q2_Silent_Shrink,1,1
PER-COL-1977,Colgate Active Salt (Toothpaste),Colgate,Colgate-Palmolive India,Personal Care & Soaps,Toothpaste,1,₹5 Pack,Stand-up Spout Pouch,5.0,5.0,18.0,13.1,g,27.78,38.17,0.0,-27.22,37.4,0.3177,0.0,-0.3178,1.0,0.0,0.7278,"Q2: Silent Shrinkflation (Weight Down, Price Flat)",Q2_Silent_Shrink,1,1
PER-COL-1997,Colgate Total (Toothpaste),Colgate,Colgate-Palmolive India,Personal Care & Soaps,Toothpaste,0,Standard / Non-LUP,Nitrogen Flushed Foil Pouch,101.0,125.0,150.0,150.0,g,67.33,83.33,23.76,0.0,23.76,0.2132,0.2132,0.0,0.0,1.0,0.0,"Q1: Overt Inflation (Price Up, Weight Flat)",Q1_Overt_Inflation,0,0
PER-COL-2018,Colgate Total (Toothpaste),Colgate,Colgate-Palmolive India,Personal Care & Soaps,Toothpaste,0,Standard / Non-LUP,Mono Carton Box,118.0,141.1,500.0,500.0,g,23.6,28.22,19.58,0.0,19.58,0.1788,0.1788,0.0,0.0,1.0,0.0,"Q1: Overt Inflation (Price Up, Weight Flat)",Q1_Overt_Inflation,0,0
PER-COL-2125,Colgate Strong Teeth (Dental Gel),Colgate,Colgate-Palmolive India,Personal Care & Soaps,Dental Gel,0,Standard / Non-LUP,Flexible Pillow Pouch,110.7,140.6,200.0,200.0,g,55.35,70.3,27.01,0.0,27.01,0.2391,0.2391,0.0,0.0,1.0,0.0,"Q1: Overt Inflation (Price Up, Weight Flat)",Q1_Overt_Inflation,0,0
PER-COL-2133,Colgate Strong Teeth (Dental Gel),Colgate,Colgate-Palmolive India,Personal Care & Soaps,Dental Gel,1,₹10 Pack,Paper Wrapper,10.0,10.0,45.0,33.5,g,22.22,29.85,0.0,-25.56,34.34,0.2952,0.0,-0.2951,0.9997,0.0,0.7442,"Q2: Silent Shrinkflation (Weight Down, Price Flat)",Q2_Silent_Shrink,1,1
PER-COL-2146,Colgate MaxFresh (Dental Gel),Colgate,Colgate-Palmolive India,Personal Care & Soaps,Dental Gel,0,Standard / Non-LUP,Nitrogen Flushed Foil Pouch,93.1,127.0,500.0,500.0,g,18.62,25.4,36.41,0.0,36.41,0.3105,0.3105,0.0,0.0,1.0,0.0,"Q1: Overt Inflation (Price Up, Weight Flat)",Q1_Overt_Inflation,0,0
PER-COL-2162,Colgate Total (Toothpaste),Colgate,Colgate-Palmolive India,Personal Care & Soaps,Toothpaste,1,₹5 Pack,LDPE Pouch,5.0,5.0,25.0,19.9,g,20.0,25.13,0.0,-20.4,25.65,0.2283,0.0,-0.2282,0.9992,0.0,0.7953,"Q2: Silent Shrinkflation (Weight Down, Price Flat)",Q2_Silent_Shrink,1,1
PER-COL-2167,Colgate Total (Toothpaste),Colgate,Colgate-Palmolive India,Personal Care & Soaps,Toothpaste,0,Standard / Non-LUP,Nitrogen Flushed Foil Pouch,61.4,80.0,250.0,220.9,g,24.56,36.22,30.29,-11.64,47.48,0.3885,0.2646,-0.1238,0.3185,0.6811,0.2452,Q3: Double Whammy (Price Up + Weight Down),Q3_Double_Whammy,1,1
PER-COL-2175,Colgate MaxFresh (Toothpaste),Colgate,Colgate-Palmolive India,Personal Care & Soaps,Toothpaste,1,₹5 Pack,Flow Wrap,5.0,5.0,25.0,25.0,g,20.0,20.0,0.0,0.0,0.0,0.0,0.0,0.0,0.0,0.0,0.0,Q4: Stable / Fair Value,Q4_Stable_Fair,0,0
PER-COL-2177,Colgate Active Salt (Dental Gel),Colgate,Colgate-Palmolive India,Personal Care & Soaps,Dental Gel,1,₹20 Pack,Mono Carton Box,20.0,24.0,110.0,89.1,g,18.18,26.94,20.0,-19.0,48.18,0.3933,0.1823,-0.2107,0.5358,0.4636,0.3943,Q3: Double Whammy (Price Up + Weight Down),Q3_Double_Whammy,1,1
PER-COL-2216,Colgate MaxFresh (Toothpaste),Colgate,Colgate-Palmolive India,Personal Care & Soaps,Toothpaste,0,Standard / Non-LUP,Flow Wrap,60.5,83.0,100.0,84.6,g,60.5,98.11,37.19,-15.4,62.17,0.4834,0.3162,-0.1672,0.3459,0.654,0.2477,Q3: Double Whammy (Price Up + Weight Down),Q3_Double_Whammy,1,1
PER-COL-2333,Colgate MaxFresh (Toothpaste),Colgate,Colgate-Palmolive India,Personal Care & Soaps,Toothpaste,0,Standard / Non-LUP,Nitrogen Flushed Foil Pouch,127.4,159.4,300.0,300.0,g,42.47,53.13,25.12,0.0,25.1,0.2239,0.2241,0.0,0.0,1.0,0.0,"Q1: Overt Inflation (Price Up, Weight Flat)",Q1_Overt_Inflation,0,0
PER-DAB-1058,Dabur Amla (Herbal Toothpaste),Dabur,Dabur India,Personal Care & Soaps,Herbal Toothpaste,0,Standard / Non-LUP,Poly Bag,109.4,133.9,250.0,211.5,g,43.76,63.31,22.39,-15.4,44.68,0.3693,0.2021,-0.1672,0.4528,0.5472,0.3447,Q3: Double Whammy (Price Up + Weight Down),Q3_Double_Whammy,1,1
PER-DAB-1082,Dabur Meswak (Herbal Toothpaste),Dabur,Dabur India,Personal Care & Soaps,Herbal Toothpaste,0,Standard / Non-LUP,Stand-up Spout Pouch,158.7,160.3,400.0,278.8,g,39.67,57.5,1.01,-30.3,44.95,0.3712,0.01,-0.361,0.9725,0.027,0.6741,"Q2: Silent Shrinkflation (Weight Down, Price Flat)",Q2_Silent_Shrink,1,1
PER-DAB-1101,Dabur Vatika Hair Oil (Herbal Toothpaste),Dabur,Dabur India,Personal Care & Soaps,Herbal Toothpaste,0,Standard / Non-LUP,Mono Carton Box,56.0,73.5,200.0,200.0,ml,28.0,36.75,31.25,0.0,31.25,0.2719,0.2719,0.0,0.0,1.0,0.0,"Q1: Overt Inflation (Price Up, Weight Flat)",Q1_Overt_Inflation,0,0
PER-DAB-1150,Dabur Amla (Hair Oil),Dabur,Dabur India,Personal Care & Soaps,Hair Oil,1,₹5 Pack,Nitrogen Flushed Foil Pouch,5.0,5.0,15.0,11.9,g,33.33,42.02,0.0,-20.67,26.07,0.2317,0.0,-0.2315,0.9992,0.0,0.7927,"Q2: Silent Shrinkflation (Weight Down, Price Flat)",Q2_Silent_Shrink,1,1
PER-DAB-1174,Dabur Meswak (Herbal Toothpaste),Dabur,Dabur India,Personal Care & Soaps,Herbal Toothpaste,1,₹50 Pack,Mono Carton Box,50.0,50.0,175.0,124.7,g,28.57,40.1,0.0,-28.74,40.36,0.339,0.0,-0.3389,0.9996,0.0,0.7122,"Q2: Silent Shrinkflation (Weight Down, Price Flat)",Q2_Silent_Shrink,1,1
PER-DAB-1192,Dabur Meswak (Hair Oil),Dabur,Dabur India,Personal Care & Soaps,Hair Oil,1,₹50 Pack,Paper Wrapper,50.0,58.0,175.0,148.0,g,28.57,39.19,16.0,-15.43,37.17,0.3161,0.1484,-0.1676,0.5302,0.4696,0.4151,Q3: Double Whammy (Price Up + Weight Down),Q3_Double_Whammy,1,1
PER-DAB-1208,Dabur Vatika Hair Oil (Herbal Toothpaste),Dabur,Dabur India,Personal Care & Soaps,Herbal Toothpaste,0,Standard / Non-LUP,Poly Bag,141.1,144.0,500.0,356.4,ml,28.22,40.4,2.06,-28.72,43.16,0.3588,0.0203,-0.3386,0.9436,0.0567,0.6654,"Q2: Silent Shrinkflation (Weight Down, Price Flat)",Q2_Silent_Shrink,1,1
PER-DAB-1217,Dabur Red Paste (Hair Oil),Dabur,Dabur India,Personal Care & Soaps,Hair Oil,0,Standard / Non-LUP,Flow Wrap,110.2,132.0,300.0,300.0,g,36.73,44.0,19.78,0.0,19.79,0.1806,0.1805,0.0,0.0,0.9995,0.0,"Q1: Overt Inflation (Price Up, Weight Flat)",Q1_Overt_Inflation,0,0
PER-DAB-1241,Dabur Red Paste (Hair Oil),Dabur,Dabur India,Personal Care & Soaps,Hair Oil,0,Standard / Non-LUP,Paper Wrapper,75.0,98.0,200.0,169.2,g,37.5,57.92,30.67,-15.4,54.45,0.4347,0.2675,-0.1672,0.3847,0.6153,0.2828,Q3: Double Whammy (Price Up + Weight Down),Q3_Double_Whammy,1,1
PER-DAB-1273,Dabur Red Paste (Hair Oil),Dabur,Dabur India,Personal Care & Soaps,Hair Oil,0,Standard / Non-LUP,Flexible Pillow Pouch,112.1,115.6,100.0,68.1,g,112.1,169.75,3.12,-31.9,51.43,0.4149,0.0307,-0.3842,0.9259,0.0741,0.6203,Q3: Double Whammy (Price Up + Weight Down),Q3_Double_Whammy,1,1
PER-DAB-1293,Dabur Red Paste (Hair Oil),Dabur,Dabur India,Personal Care & Soaps,Hair Oil,1,₹20 Pack,Flexible Pillow Pouch,20.0,20.0,60.0,44.7,g,33.33,44.74,0.0,-25.5,34.23,0.2944,0.0,-0.2944,0.9999,0.0,0.7449,"Q2: Silent Shrinkflation (Weight Down, Price Flat)",Q2_Silent_Shrink,1,1
PER-DAB-1307,Dabur Red Paste (Hair Oil),Dabur,Dabur India,Personal Care & Soaps,Hair Oil,1,₹50 Pack,LDPE Pouch,50.0,50.0,115.0,89.4,g,43.48,55.93,0.0,-22.26,28.63,0.2518,0.0,-0.2518,1.0,0.0,0.7774,"Q2: Silent Shrinkflation (Weight Down, Price Flat)",Q2_Silent_Shrink,1,1
PER-DAB-1313,Dabur Vatika Hair Oil (Herbal Toothpaste),Dabur,Dabur India,Personal Care & Soaps,Herbal Toothpaste,1,₹10 Pack,Paper Wrapper,10.0,10.0,50.0,38.9,g,20.0,25.71,0.0,-22.2,28.55,0.2511,0.0,-0.251,0.9995,0.0,0.7776,"Q2: Silent Shrinkflation (Weight Down, Price Flat)",Q2_Silent_Shrink,1,1
PER-DAB-1377,Dabur Meswak (Herbal Toothpaste),Dabur,Dabur India,Personal Care & Soaps,Herbal Toothpaste,1,₹5 Pack,Poly Bag,5.0,5.0,25.0,19.5,g,20.0,25.64,0.0,-22.0,28.2,0.2484,0.0,-0.2485,1.0,0.0,0.7801,"Q2: Silent Shrinkflation (Weight Down, Price Flat)",Q2_Silent_Shrink,1,1
PER-DAB-1379,Dabur Meswak (Herbal Toothpaste),Dabur,Dabur India,Personal Care & Soaps,Herbal Toothpaste,1,₹5 Pack,HDPE Plastic Bottle,5.0,5.0,20.0,15.9,g,25.0,31.45,0.0,-20.5,25.8,0.2295,0.0,-0.2294,0.9995,0.0,0.7946,"Q2: Silent Shrinkflation (Weight Down, Price Flat)",Q2_Silent_Shrink,1,1
PER-DAB-1457,Dabur Red Paste (Hair Oil),Dabur,Dabur India,Personal Care & Soaps,Hair Oil,0,Standard / Non-LUP,Flow Wrap,114.7,111.1,500.0,397.6,g,22.94,27.94,-3.14,-20.48,21.8,0.1972,-0.0319,-0.2292,1.0,0.0,0.9396,"Q2: Silent Shrinkflation (Weight Down, Price Flat)",Q2_Silent_Shrink,1,1
PER-DAB-1465,Dabur Meswak (Hair Oil),Dabur,Dabur India,Personal Care & Soaps,Hair Oil,1,₹10 Pack,Paper Wrapper,10.0,10.0,55.0,42.8,g,18.18,23.36,0.0,-22.18,28.49,0.2507,0.0,-0.2508,1.0,0.0,0.7785,"Q2: Silent Shrinkflation (Weight Down, Price Flat)",Q2_Silent_Shrink,1,1
PER-DAB-1578,Dabur Amla (Herbal Toothpaste),Dabur,Dabur India,Personal Care & Soaps,Herbal Toothpaste,1,₹10 Pack,Flow Wrap,10.0,14.0,60.0,53.0,g,16.67,26.42,40.0,-11.67,58.49,0.4605,0.3365,-0.1241,0.2694,0.7307,0.1995,Q3: Double Whammy (Price Up + Weight Down),Q3_Double_Whammy,1,1
PER-DAB-1587,Dabur Amla (Herbal Toothpaste),Dabur,Dabur India,Personal Care & Soaps,Herbal Toothpaste,1,₹50 Pack,Mono Carton Box,50.0,50.0,125.0,101.6,g,40.0,49.21,0.0,-18.72,23.03,0.2072,0.0,-0.2073,1.0,0.0,0.813,"Q2: Silent Shrinkflation (Weight Down, Price Flat)",Q2_Silent_Shrink,1,1
PER-DAB-1588,Dabur Vatika Hair Oil (Herbal Toothpaste),Dabur,Dabur India,Personal Care & Soaps,Herbal Toothpaste,1,₹5 Pack,Mono Carton Box,5.0,5.0,25.0,19.9,g,20.0,25.13,0.0,-20.4,25.65,0.2283,0.0,-0.2282,0.9992,0.0,0.7953,"Q2: Silent Shrinkflation (Weight Down, Price Flat)",Q2_Silent_Shrink,1,1
PER-DAB-1592,Dabur Amla (Herbal Toothpaste),Dabur,Dabur India,Personal Care & Soaps,Herbal Toothpaste,0,Standard / Non-LUP,Stand-up Spout Pouch,77.0,75.5,250.0,250.0,g,30.8,30.2,-1.95,0.0,-1.95,-0.0197,-0.0197,0.0,0.0,0.0,0.0,Q4: Stable / Fair Value,Q4_Stable_Fair,0,0
PER-DAB-1641,Dabur Meswak (Hair Oil),Dabur,Dabur India,Personal Care & Soaps,Hair Oil,0,Standard / Non-LUP,Flexible Pillow Pouch,36.1,45.1,300.0,253.8,g,12.03,17.77,24.93,-15.4,47.71,0.3901,0.2226,-0.1672,0.4287,0.5706,0.3228,Q3: Double Whammy (Price Up + Weight Down),Q3_Double_Whammy,1,1
PER-DAB-1650,Dabur Vatika Hair Oil (Hair Oil),Dabur,Dabur India,Personal Care & Soaps,Hair Oil,1,₹50 Pack,Mono Carton Box,50.0,50.0,150.0,114.3,g,33.33,43.74,0.0,-23.8,31.23,0.2718,0.0,-0.2718,1.0,0.0,0.762,"Q2: Silent Shrinkflation (Weight Down, Price Flat)",Q2_Silent_Shrink,1,1
PER-DAB-1682,Dabur Amla (Herbal Toothpaste),Dabur,Dabur India,Personal Care & Soaps,Herbal Toothpaste,0,Standard / Non-LUP,Flow Wrap,129.6,128.2,300.0,223.3,g,43.2,57.41,-1.08,-25.57,32.89,0.2844,-0.0109,-0.2953,1.0,0.0,0.7773,"Q2: Silent Shrinkflation (Weight Down, Price Flat)",Q2_Silent_Shrink,1,1
PER-DAB-1715,Dabur Amla (Herbal Toothpaste),Dabur,Dabur India,Personal Care & Soaps,Herbal Toothpaste,0,Standard / Non-LUP,HDPE Plastic Bottle,113.0,133.4,150.0,121.5,g,75.33,109.79,18.05,-19.0,45.75,0.3767,0.166,-0.2107,0.5594,0.4406,0.4153,Q3: Double Whammy (Price Up + Weight Down),Q3_Double_Whammy,1,1
PER-DAB-1749,Dabur Amla (Herbal Toothpaste),Dabur,Dabur India,Personal Care & Soaps,Herbal Toothpaste,1,₹5 Pack,Stand-up Spout Pouch,5.0,5.0,25.0,17.8,g,20.0,28.09,0.0,-28.8,40.45,0.3397,0.0,-0.3397,1.0,0.0,0.712,"Q2: Silent Shrinkflation (Weight Down, Price Flat)",Q2_Silent_Shrink,1,1
PER-DAB-1785,Dabur Meswak (Herbal Toothpaste),Dabur,Dabur India,Personal Care & Soaps,Herbal Toothpaste,0,Standard / Non-LUP,HDPE Plastic Bottle,72.2,72.2,400.0,304.6,g,18.05,23.7,0.0,-23.85,31.3,0.2723,0.0,-0.2725,1.0,0.0,0.7619,"Q2: Silent Shrinkflation (Weight Down, Price Flat)",Q2_Silent_Shrink,1,1
PER-DAB-1842,Dabur Vatika Hair Oil (Herbal Toothpaste),Dabur,Dabur India,Personal Care & Soaps,Herbal Toothpaste,0,Standard / Non-LUP,Paper Wrapper,113.0,151.7,200.0,169.2,ml,56.5,89.66,34.25,-15.4,58.69,0.4618,0.2945,-0.1672,0.3622,0.6378,0.2624,Q3: Double Whammy (Price Up + Weight Down),Q3_Double_Whammy,1,1
PER-DAB-1854,Dabur Amla (Herbal Toothpaste),Dabur,Dabur India,Personal Care & Soaps,Herbal Toothpaste,1,₹5 Pack,Mono Carton Box,5.0,5.0,25.0,18.2,g,20.0,27.47,0.0,-27.2,37.35,0.3174,0.0,-0.3175,1.0,0.0,0.7282,"Q2: Silent Shrinkflation (Weight Down, Price Flat)",Q2_Silent_Shrink,1,1
PER-DAB-1855,Dabur Vatika Hair Oil (Herbal Toothpaste),Dabur,Dabur India,Personal Care & Soaps,Herbal Toothpaste,0,Standard / Non-LUP,Flexible Pillow Pouch,151.0,190.0,250.0,202.5,ml,60.4,93.83,25.83,-19.0,55.35,0.4405,0.2297,-0.2107,0.4784,0.5216,0.3433,Q3: Double Whammy (Price Up + Weight Down),Q3_Double_Whammy,1,1
PER-DAB-1894,Dabur Vatika Hair Oil (Herbal Toothpaste),Dabur,Dabur India,Personal Care & Soaps,Herbal Toothpaste,0,Standard / Non-LUP,LDPE Pouch,163.0,163.0,100.0,76.1,ml,163.0,214.19,0.0,-23.9,31.4,0.2731,0.0,-0.2731,1.0,0.0,0.761,"Q2: Silent Shrinkflation (Weight Down, Price Flat)",Q2_Silent_Shrink,1,1
PER-DAB-1910,Dabur Amla (Herbal Toothpaste),Dabur,Dabur India,Personal Care & Soaps,Herbal Toothpaste,0,Standard / Non-LUP,Nitrogen Flushed Foil Pouch,54.9,56.0,250.0,194.6,g,21.96,28.78,2.0,-22.16,31.06,0.2705,0.0198,-0.2505,0.9263,0.0734,0.7135,"Q2: Silent Shrinkflation (Weight Down, Price Flat)",Q2_Silent_Shrink,1,1
PER-DAB-1942,Dabur Vatika Hair Oil (Hair Oil),Dabur,Dabur India,Personal Care & Soaps,Hair Oil,0,Standard / Non-LUP,Poly Bag,56.0,67.6,400.0,324.0,ml,14.0,20.86,20.71,-19.0,49.0,0.3988,0.1883,-0.2107,0.5284,0.4721,0.3878,Q3: Double Whammy (Price Up + Weight Down),Q3_Double_Whammy,1,1
PER-DAB-1962,Dabur Meswak (Herbal Toothpaste),Dabur,Dabur India,Personal Care & Soaps,Herbal Toothpaste,0,Standard / Non-LUP,LDPE Pouch,39.4,41.0,100.0,72.9,g,39.4,56.24,4.06,-27.1,42.74,0.3559,0.0398,-0.3161,0.8882,0.1119,0.634,Q3: Double Whammy (Price Up + Weight Down),Q3_Double_Whammy,1,1
PER-DAB-1965,Dabur Meswak (Herbal Toothpaste),Dabur,Dabur India,Personal Care & Soaps,Herbal Toothpaste,0,Standard / Non-LUP,HDPE Plastic Bottle,43.7,57.0,400.0,400.0,g,10.93,14.25,30.43,0.0,30.38,0.2652,0.2657,0.0,0.0,1.0,0.0,"Q1: Overt Inflation (Price Up, Weight Flat)",Q1_Overt_Inflation,0,0
PER-DAB-1979,Dabur Vatika Hair Oil (Herbal Toothpaste),Dabur,Dabur India,Personal Care & Soaps,Herbal Toothpaste,0,Standard / Non-LUP,Flow Wrap,72.5,72.5,250.0,207.6,ml,29.0,34.92,0.0,-16.96,20.41,0.1858,0.0,-0.1858,1.0,0.0,0.8308,"Q2: Silent Shrinkflation (Weight Down, Price Flat)",Q2_Silent_Shrink,1,1
PER-DAB-1980,Dabur Meswak (Herbal Toothpaste),Dabur,Dabur India,Personal Care & Soaps,Herbal Toothpaste,0,Standard / Non-LUP,Nitrogen Flushed Foil Pouch,35.3,42.2,100.0,84.6,g,35.3,49.88,19.55,-15.4,41.3,0.3457,0.1785,-0.1672,0.4837,0.5164,0.3729,Q3: Double Whammy (Price Up + Weight Down),Q3_Double_Whammy,1,1
PER-DAB-2064,Dabur Amla (Hair Oil),Dabur,Dabur India,Personal Care & Soaps,Hair Oil,0,Standard / Non-LUP,Poly Bag,62.7,80.4,100.0,100.0,g,62.7,80.4,28.23,0.0,28.23,0.2487,0.2487,0.0,0.0,1.0,0.0,"Q1: Overt Inflation (Price Up, Weight Flat)",Q1_Overt_Inflation,0,0
PER-DAB-2084,Dabur Amla (Herbal Toothpaste),Dabur,Dabur India,Personal Care & Soaps,Herbal Toothpaste,0,Standard / Non-LUP,Flexible Pillow Pouch,164.3,226.4,500.0,500.0,g,32.86,45.28,37.8,0.0,37.8,0.3206,0.3206,0.0,0.0,1.0,0.0,"Q1: Overt Inflation (Price Up, Weight Flat)",Q1_Overt_Inflation,0,0
PER-DAB-2140,Dabur Red Paste (Herbal Toothpaste),Dabur,Dabur India,Personal Care & Soaps,Herbal Toothpaste,0,Standard / Non-LUP,Nitrogen Flushed Foil Pouch,168.0,205.2,300.0,300.0,g,56.0,68.4,22.14,0.0,22.14,0.2,0.2,0.0,0.0,1.0,0.0,"Q1: Overt Inflation (Price Up, Weight Flat)",Q1_Overt_Inflation,0,0
PER-DAB-2165,Dabur Amla (Herbal Toothpaste),Dabur,Dabur India,Personal Care & Soaps,Herbal Toothpaste,1,₹50 Pack,Flexible Pillow Pouch,50.0,50.0,115.0,87.5,g,43.48,57.14,0.0,-23.91,31.42,0.2732,0.0,-0.2733,1.0,0.0,0.7612,"Q2: Silent Shrinkflation (Weight Down, Price Flat)",Q2_Silent_Shrink,1,1
PER-DAB-2176,Dabur Meswak (Herbal Toothpaste),Dabur,Dabur India,Personal Care & Soaps,Herbal Toothpaste,0,Standard / Non-LUP,Nitrogen Flushed Foil Pouch,81.3,81.3,150.0,150.0,g,54.2,54.2,0.0,0.0,0.0,0.0,0.0,0.0,0.0,0.0,0.0,Q4: Stable / Fair Value,Q4_Stable_Fair,0,0
PER-DAB-2232,Dabur Red Paste (Hair Oil),Dabur,Dabur India,Personal Care & Soaps,Hair Oil,1,₹5 Pack,HDPE Plastic Bottle,5.0,5.0,25.0,18.2,g,20.0,27.47,0.0,-27.2,37.35,0.3174,0.0,-0.3175,1.0,0.0,0.7282,"Q2: Silent Shrinkflation (Weight Down, Price Flat)",Q2_Silent_Shrink,1,1
PER-DAB-2233,Dabur Amla (Hair Oil),Dabur,Dabur India,Personal Care & Soaps,Hair Oil,1,₹50 Pack,HDPE Plastic Bottle,50.0,50.0,115.0,85.6,g,43.48,58.41,0.0,-25.57,34.34,0.2952,0.0,-0.2952,1.0,0.0,0.7445,"Q2: Silent Shrinkflation (Weight Down, Price Flat)",Q2_Silent_Shrink,1,1
PER-DAB-2258,Dabur Red Paste (Herbal Toothpaste),Dabur,Dabur India,Personal Care & Soaps,Herbal Toothpaste,0,Standard / Non-LUP,LDPE Pouch,108.5,113.0,500.0,500.0,g,21.7,22.6,4.15,0.0,4.15,0.0406,0.0406,0.0,0.0,1.0,0.0,"Q1: Overt Inflation (Price Up, Weight Flat)",Q1_Overt_Inflation,0,0
PER-DAB-2301,Dabur Vatika Hair Oil (Hair Oil),Dabur,Dabur India,Personal Care & Soaps,Hair Oil,1,₹10 Pack,Mono Carton Box,10.0,10.0,60.0,43.7,g,16.67,22.88,0.0,-27.17,37.25,0.3167,0.0,-0.317,1.0,0.0,0.7293,"Q2: Silent Shrinkflation (Weight Down, Price Flat)",Q2_Silent_Shrink,1,1
PER-DAB-2316,Dabur Meswak (Hair Oil),Dabur,Dabur India,Personal Care & Soaps,Hair Oil,1,₹10 Pack,Flexible Pillow Pouch,10.0,10.0,55.0,38.4,g,18.18,26.04,0.0,-30.18,43.23,0.3593,0.0,-0.3593,0.9999,0.0,0.6981,"Q2: Silent Shrinkflation (Weight Down, Price Flat)",Q2_Silent_Shrink,1,1
PER-DAB-2373,Dabur Vatika Hair Oil (Herbal Toothpaste),Dabur,Dabur India,Personal Care & Soaps,Herbal Toothpaste,0,Standard / Non-LUP,Mono Carton Box,100.7,137.2,250.0,202.5,ml,40.28,67.75,36.25,-19.0,68.2,0.52,0.3093,-0.2107,0.4053,0.5948,0.2786,Q3: Double Whammy (Price Up + Weight Down),Q3_Double_Whammy,1,1
PER-DAB-2382,Dabur Meswak (Herbal Toothpaste),Dabur,Dabur India,Personal Care & Soaps,Herbal Toothpaste,1,₹20 Pack,Nitrogen Flushed Foil Pouch,20.0,20.0,110.0,80.2,g,18.18,24.94,0.0,-27.09,37.18,0.3162,0.0,-0.316,0.9994,0.0,0.7286,"Q2: Silent Shrinkflation (Weight Down, Price Flat)",Q2_Silent_Shrink,1,1
PER-DET-1161,Dettol Skincare (Antiseptic Soap),Dettol,Reckitt Benckiser,Personal Care & Soaps,Antiseptic Soap,0,Standard / Non-LUP,Stand-up Spout Pouch,158.0,177.6,100.0,84.6,g,158.0,209.93,12.41,-15.4,32.87,0.2842,0.1169,-0.1672,0.5885,0.4115,0.4686,Q3: Double Whammy (Price Up + Weight Down),Q3_Double_Whammy,1,1
PER-DET-1164,Dettol Skincare (Handwash),Dettol,Reckitt Benckiser,Personal Care & Soaps,Handwash,0,Standard / Non-LUP,Paper Wrapper,112.3,112.3,150.0,109.3,g,74.87,102.74,0.0,-27.13,37.22,0.3164,0.0,-0.3165,1.0,0.0,0.7289,"Q2: Silent Shrinkflation (Weight Down, Price Flat)",Q2_Silent_Shrink,1,1
PER-DET-1277,Dettol Liquid Wash (Antiseptic Soap),Dettol,Reckitt Benckiser,Personal Care & Soaps,Antiseptic Soap,0,Standard / Non-LUP,Paper Wrapper,96.0,98.0,300.0,218.6,g,32.0,44.83,2.08,-27.13,40.09,0.3371,0.0206,-0.3165,0.9389,0.0612,0.6767,"Q2: Silent Shrinkflation (Weight Down, Price Flat)",Q2_Silent_Shrink,1,1
PER-DET-1430,Dettol Skincare (Handwash),Dettol,Reckitt Benckiser,Personal Care & Soaps,Handwash,1,₹10 Pack,Paper Wrapper,10.0,10.0,50.0,37.2,g,20.0,26.88,0.0,-25.6,34.4,0.2957,0.0,-0.2957,1.0,0.0,0.7442,"Q2: Silent Shrinkflation (Weight Down, Price Flat)",Q2_Silent_Shrink,1,1
PER-DET-1458,Dettol Skincare (Antiseptic Soap),Dettol,Reckitt Benckiser,Personal Care & Soaps,Antiseptic Soap,1,₹20 Pack,Stand-up Spout Pouch,20.0,20.0,90.0,71.5,g,22.22,27.97,0.0,-20.56,25.88,0.2301,0.0,-0.2301,0.9999,0.0,0.7943,"Q2: Silent Shrinkflation (Weight Down, Price Flat)",Q2_Silent_Shrink,1,1
PER-DET-1485,Dettol Original Bar (Handwash),Dettol,Reckitt Benckiser,Personal Care & Soaps,Handwash,0,Standard / Non-LUP,Nitrogen Flushed Foil Pouch,125.4,126.7,100.0,74.4,g,125.4,170.3,1.04,-25.6,35.81,0.3061,0.0103,-0.2957,0.9662,0.0337,0.715,"Q2: Silent Shrinkflation (Weight Down, Price Flat)",Q2_Silent_Shrink,1,1
PER-DET-1642,Dettol Original Bar (Antiseptic Soap),Dettol,Reckitt Benckiser,Personal Care & Soaps,Antiseptic Soap,0,Standard / Non-LUP,HDPE Plastic Bottle,47.0,55.1,200.0,200.0,g,23.5,27.55,17.23,0.0,17.23,0.159,0.159,0.0,0.0,1.0,0.0,"Q1: Overt Inflation (Price Up, Weight Flat)",Q1_Overt_Inflation,0,0
PER-DET-1647,Dettol Original Bar (Handwash),Dettol,Reckitt Benckiser,Personal Care & Soaps,Handwash,1,₹5 Pack,Paper Wrapper,5.0,5.0,25.0,19.1,g,20.0,26.18,0.0,-23.6,30.9,0.2693,0.0,-0.2692,0.9997,0.0,0.7638,"Q2: Silent Shrinkflation (Weight Down, Price Flat)",Q2_Silent_Shrink,1,1
PER-DET-1666,Dettol Skincare (Handwash),Dettol,Reckitt Benckiser,Personal Care & Soaps,Handwash,0,Standard / Non-LUP,Paper Wrapper,87.0,103.7,500.0,405.0,g,17.4,25.6,19.2,-19.0,47.13,0.3861,0.1756,-0.2107,0.5457,0.4548,0.4032,Q3: Double Whammy (Price Up + Weight Down),Q3_Double_Whammy,1,1
PER-DET-1736,Dettol Original Bar (Handwash),Dettol,Reckitt Benckiser,Personal Care & Soaps,Handwash,0,Standard / Non-LUP,Poly Bag,113.0,133.4,100.0,88.4,g,113.0,150.9,18.05,-11.6,33.54,0.2892,0.166,-0.1233,0.4263,0.5738,0.3459,Q3: Double Whammy (Price Up + Weight Down),Q3_Double_Whammy,1,1
PER-DET-1772,Dettol Original Bar (Handwash),Dettol,Reckitt Benckiser,Personal Care & Soaps,Handwash,0,Standard / Non-LUP,Flexible Pillow Pouch,44.0,57.8,150.0,150.0,g,29.33,38.53,31.36,0.0,31.37,0.2728,0.2728,0.0,0.0,0.9999,0.0,"Q1: Overt Inflation (Price Up, Weight Flat)",Q1_Overt_Inflation,0,0
PER-DET-1810,Dettol Liquid Wash (Handwash),Dettol,Reckitt Benckiser,Personal Care & Soaps,Handwash,0,Standard / Non-LUP,Stand-up Spout Pouch,109.4,135.4,200.0,176.7,g,54.7,76.63,23.77,-11.65,40.09,0.3371,0.2132,-0.1239,0.3674,0.6325,0.2906,Q3: Double Whammy (Price Up + Weight Down),Q3_Double_Whammy,1,1
PER-DET-1812,Dettol Skincare (Handwash),Dettol,Reckitt Benckiser,Personal Care & Soaps,Handwash,0,Standard / Non-LUP,Mono Carton Box,144.4,152.0,250.0,250.0,g,57.76,60.8,5.26,0.0,5.26,0.0513,0.0513,0.0,0.0,1.0,0.0,"Q1: Overt Inflation (Price Up, Weight Flat)",Q1_Overt_Inflation,0,0
PER-DET-1829,Dettol Original Bar (Handwash),Dettol,Reckitt Benckiser,Personal Care & Soaps,Handwash,1,₹20 Pack,Flexible Pillow Pouch,20.0,20.0,120.0,89.4,g,16.67,22.37,0.0,-25.5,34.19,0.2941,0.0,-0.2944,1.0,0.0,0.7458,"Q2: Silent Shrinkflation (Weight Down, Price Flat)",Q2_Silent_Shrink,1,1
PER-DET-1948,Dettol Original Bar (Antiseptic Soap),Dettol,Reckitt Benckiser,Personal Care & Soaps,Antiseptic Soap,0,Standard / Non-LUP,Stand-up Spout Pouch,42.2,49.9,200.0,176.7,g,21.1,28.24,18.25,-11.65,33.84,0.2915,0.1676,-0.1239,0.425,0.575,0.3443,Q3: Double Whammy (Price Up + Weight Down),Q3_Double_Whammy,1,1
PER-DET-1951,Dettol Liquid Wash (Handwash),Dettol,Reckitt Benckiser,Personal Care & Soaps,Handwash,0,Standard / Non-LUP,LDPE Pouch,166.6,206.4,300.0,300.0,g,55.53,68.8,23.89,0.0,23.9,0.2143,0.2142,0.0,0.0,0.9997,0.0,"Q1: Overt Inflation (Price Up, Weight Flat)",Q1_Overt_Inflation,0,0
PER-DET-1967,Dettol Skincare (Antiseptic Soap),Dettol,Reckitt Benckiser,Personal Care & Soaps,Antiseptic Soap,1,₹5 Pack,Mono Carton Box,5.0,5.0,25.0,18.2,g,20.0,27.47,0.0,-27.2,37.35,0.3174,0.0,-0.3175,1.0,0.0,0.7282,"Q2: Silent Shrinkflation (Weight Down, Price Flat)",Q2_Silent_Shrink,1,1
PER-DET-2067,Dettol Liquid Wash (Handwash),Dettol,Reckitt Benckiser,Personal Care & Soaps,Handwash,0,Standard / Non-LUP,Mono Carton Box,125.4,132.0,500.0,380.7,g,25.08,34.67,5.26,-23.86,38.24,0.3238,0.0513,-0.2726,0.8419,0.1584,0.624,Q3: Double Whammy (Price Up + Weight Down),Q3_Double_Whammy,1,1
PER-DET-2221,Dettol Original Bar (Antiseptic Soap),Dettol,Reckitt Benckiser,Personal Care & Soaps,Antiseptic Soap,1,₹5 Pack,Paper Wrapper,5.0,5.0,25.0,18.6,g,20.0,26.88,0.0,-25.6,34.4,0.2957,0.0,-0.2957,1.0,0.0,0.7442,"Q2: Silent Shrinkflation (Weight Down, Price Flat)",Q2_Silent_Shrink,1,1
PER-DET-2227,Dettol Original Bar (Antiseptic Soap),Dettol,Reckitt Benckiser,Personal Care & Soaps,Antiseptic Soap,0,Standard / Non-LUP,Stand-up Spout Pouch,167.0,218.0,250.0,250.0,g,66.8,87.2,30.54,0.0,30.54,0.2665,0.2665,0.0,0.0,1.0,0.0,"Q1: Overt Inflation (Price Up, Weight Flat)",Q1_Overt_Inflation,0,0
PER-DET-2297,Dettol Liquid Wash (Handwash),Dettol,Reckitt Benckiser,Personal Care & Soaps,Handwash,1,₹5 Pack,Flexible Pillow Pouch,5.0,5.0,25.0,19.9,g,20.0,25.13,0.0,-20.4,25.65,0.2283,0.0,-0.2282,0.9992,0.0,0.7953,"Q2: Silent Shrinkflation (Weight Down, Price Flat)",Q2_Silent_Shrink,1,1
PER-DOV-1095,Dove Cream Bar (Beauty Bar),Dove,Hindustan Unilever,Personal Care & Soaps,Beauty Bar,0,Standard / Non-LUP,Flow Wrap,86.0,105.0,400.0,400.0,g,21.5,26.25,22.09,0.0,22.09,0.1996,0.1996,0.0,0.0,1.0,0.0,"Q1: Overt Inflation (Price Up, Weight Flat)",Q1_Overt_Inflation,0,0
PER-DOV-1275,Dove Cream Bar (Beauty Bar),Dove,Hindustan Unilever,Personal Care & Soaps,Beauty Bar,1,₹20 Pack,Paper Wrapper,20.0,24.0,120.0,97.2,g,16.67,24.69,20.0,-19.0,48.11,0.3928,0.1823,-0.2107,0.5365,0.4642,0.3949,Q3: Double Whammy (Price Up + Weight Down),Q3_Double_Whammy,1,1
PER-DOV-1347,Dove Cream Bar (Bathing Soap),Dove,Hindustan Unilever,Personal Care & Soaps,Bathing Soap,0,Standard / Non-LUP,HDPE Plastic Bottle,148.2,202.9,400.0,400.0,g,37.05,50.72,36.91,0.0,36.9,0.3141,0.3142,0.0,0.0,1.0,0.0,"Q1: Overt Inflation (Price Up, Weight Flat)",Q1_Overt_Inflation,0,0
PER-DOV-1418,Dove Cream Bar (Toothpaste),Dove,Hindustan Unilever,Personal Care & Soaps,Toothpaste,0,Standard / Non-LUP,Nitrogen Flushed Foil Pouch,60.8,62.7,250.0,178.1,g,24.32,35.2,3.13,-28.76,44.74,0.3697,0.0308,-0.3391,0.9172,0.0832,0.6429,Q3: Double Whammy (Price Up + Weight Down),Q3_Double_Whammy,1,1
PER-DOV-1742,Dove Cream Bar (Beauty Bar),Dove,Hindustan Unilever,Personal Care & Soaps,Beauty Bar,0,Standard / Non-LUP,Poly Bag,155.8,197.0,300.0,300.0,g,51.93,65.67,26.44,0.0,26.46,0.2347,0.2346,0.0,0.0,0.9995,0.0,"Q1: Overt Inflation (Price Up, Weight Flat)",Q1_Overt_Inflation,0,0
PER-DOV-2075,Dove Cream Bar (Bathing Soap),Dove,Hindustan Unilever,Personal Care & Soaps,Bathing Soap,0,Standard / Non-LUP,Nitrogen Flushed Foil Pouch,49.9,67.6,100.0,84.6,g,49.9,79.91,35.47,-15.4,60.14,0.4709,0.3036,-0.1672,0.3552,0.6447,0.2561,Q3: Double Whammy (Price Up + Weight Down),Q3_Double_Whammy,1,1
PER-DOV-2152,Dove Cream Bar (Shampoo),Dove,Hindustan Unilever,Personal Care & Soaps,Shampoo,0,Standard / Non-LUP,Nitrogen Flushed Foil Pouch,136.0,174.0,300.0,300.0,g,45.33,58.0,27.94,0.0,27.95,0.2465,0.2464,0.0,0.0,0.9997,0.0,"Q1: Overt Inflation (Price Up, Weight Flat)",Q1_Overt_Inflation,0,0
PER-DOV-2351,Dove Cream Bar (Toothpaste),Dove,Hindustan Unilever,Personal Care & Soaps,Toothpaste,1,₹10 Pack,LDPE Pouch,10.0,10.0,45.0,45.0,g,22.22,22.22,0.0,0.0,0.0,0.0,0.0,0.0,0.0,0.0,0.0,Q4: Stable / Fair Value,Q4_Stable_Fair,0,0
PER-GOD-1015,Godrej No.1 Lime (Bathing Soap),Godrej,Godrej Consumer,Personal Care & Soaps,Bathing Soap,1,₹50 Pack,Nitrogen Flushed Foil Pouch,50.0,50.0,115.0,87.5,g,43.48,57.14,0.0,-23.91,31.42,0.2732,0.0,-0.2733,1.0,0.0,0.7612,"Q2: Silent Shrinkflation (Weight Down, Price Flat)",Q2_Silent_Shrink,1,1
PER-GOD-1249,Godrej No.1 Lime (Deodorant Soap),Godrej,Godrej Consumer,Personal Care & Soaps,Deodorant Soap,0,Standard / Non-LUP,Nitrogen Flushed Foil Pouch,121.0,145.3,200.0,200.0,g,60.5,72.65,20.08,0.0,20.08,0.183,0.183,0.0,0.0,1.0,0.0,"Q1: Overt Inflation (Price Up, Weight Flat)",Q1_Overt_Inflation,0,0
PER-GOD-1327,Godrej Expert (Deodorant Soap),Godrej,Godrej Consumer,Personal Care & Soaps,Deodorant Soap,0,Standard / Non-LUP,Nitrogen Flushed Foil Pouch,140.6,169.5,200.0,169.2,g,70.3,100.18,20.55,-15.4,42.5,0.3542,0.1869,-0.1672,0.4722,0.5278,0.3623,Q3: Double Whammy (Price Up + Weight Down),Q3_Double_Whammy,1,1
PER-GOD-1363,Godrej No.1 Lime (Deodorant Soap),Godrej,Godrej Consumer,Personal Care & Soaps,Deodorant Soap,0,Standard / Non-LUP,HDPE Plastic Bottle,124.4,152.0,100.0,84.6,g,124.4,179.67,22.19,-15.4,44.43,0.3676,0.2004,-0.1672,0.4549,0.5451,0.3466,Q3: Double Whammy (Price Up + Weight Down),Q3_Double_Whammy,1,1
PER-GOD-1394,Godrej No.1 Lime (Deodorant Soap),Godrej,Godrej Consumer,Personal Care & Soaps,Deodorant Soap,1,₹20 Pack,Poly Bag,20.0,20.0,120.0,85.5,g,16.67,23.39,0.0,-28.75,40.31,0.3387,0.0,-0.339,1.0,0.0,0.7132,"Q2: Silent Shrinkflation (Weight Down, Price Flat)",Q2_Silent_Shrink,1,1
PER-GOD-1420,Godrej No.1 Lime (Deodorant Soap),Godrej,Godrej Consumer,Personal Care & Soaps,Deodorant Soap,1,₹20 Pack,Nitrogen Flushed Foil Pouch,20.0,20.0,90.0,68.4,g,22.22,29.24,0.0,-24.0,31.59,0.2745,0.0,-0.2744,0.9996,0.0,0.7597,"Q2: Silent Shrinkflation (Weight Down, Price Flat)",Q2_Silent_Shrink,1,1
PER-GOD-1456,Godrej Expert (Deodorant Soap),Godrej,Godrej Consumer,Personal Care & Soaps,Deodorant Soap,1,₹5 Pack,Poly Bag,5.0,5.0,18.0,13.4,g,27.78,37.31,0.0,-25.56,34.31,0.2949,0.0,-0.2951,1.0,0.0,0.7449,"Q2: Silent Shrinkflation (Weight Down, Price Flat)",Q2_Silent_Shrink,1,1
PER-GOD-1705,Godrej No.1 Lime (Deodorant Soap),Godrej,Godrej Consumer,Personal Care & Soaps,Deodorant Soap,1,₹20 Pack,Paper Wrapper,20.0,26.0,60.0,50.8,g,33.33,51.18,30.0,-15.33,53.56,0.4289,0.2624,-0.1664,0.3881,0.6117,0.2863,Q3: Double Whammy (Price Up + Weight Down),Q3_Double_Whammy,1,1
PER-GOD-1917,Godrej Expert (Bathing Soap),Godrej,Godrej Consumer,Personal Care & Soaps,Bathing Soap,0,Standard / Non-LUP,Nitrogen Flushed Foil Pouch,130.0,172.0,300.0,253.8,g,43.33,67.77,32.31,-15.4,56.4,0.4473,0.28,-0.1672,0.3739,0.6259,0.273,Q3: Double Whammy (Price Up + Weight Down),Q3_Double_Whammy,1,1
PER-GOD-1964,Godrej No.1 Lime (Bathing Soap),Godrej,Godrej Consumer,Personal Care & Soaps,Bathing Soap,1,₹5 Pack,Nitrogen Flushed Foil Pouch,5.0,5.0,18.0,14.3,g,27.78,34.97,0.0,-20.56,25.88,0.2302,0.0,-0.2301,0.9997,0.0,0.7942,"Q2: Silent Shrinkflation (Weight Down, Price Flat)",Q2_Silent_Shrink,1,1
PER-GOD-1966,Godrej Expert (Deodorant Soap),Godrej,Godrej Consumer,Personal Care & Soaps,Deodorant Soap,0,Standard / Non-LUP,Mono Carton Box,67.6,65.5,250.0,190.4,g,27.04,34.4,-3.11,-23.84,27.22,0.2407,-0.0316,-0.2723,1.0,0.0,0.8759,"Q2: Silent Shrinkflation (Weight Down, Price Flat)",Q2_Silent_Shrink,1,1
PER-GOD-1983,Godrej No.1 Lime (Bathing Soap),Godrej,Godrej Consumer,Personal Care & Soaps,Bathing Soap,1,₹20 Pack,LDPE Pouch,20.0,20.0,60.0,42.8,g,33.33,46.73,0.0,-28.67,40.2,0.3379,0.0,-0.3378,0.9996,0.0,0.713,"Q2: Silent Shrinkflation (Weight Down, Price Flat)",Q2_Silent_Shrink,1,1
PER-GOD-2049,Godrej Expert (Bathing Soap),Godrej,Godrej Consumer,Personal Care & Soaps,Bathing Soap,1,₹10 Pack,HDPE Plastic Bottle,10.0,10.0,45.0,35.0,g,22.22,28.57,0.0,-22.22,28.58,0.2514,0.0,-0.2513,0.9998,0.0,0.7776,"Q2: Silent Shrinkflation (Weight Down, Price Flat)",Q2_Silent_Shrink,1,1
PER-GOD-2122,Godrej No.1 Lime (Bathing Soap),Godrej,Godrej Consumer,Personal Care & Soaps,Bathing Soap,0,Standard / Non-LUP,LDPE Pouch,45.1,47.0,300.0,300.0,g,15.03,15.67,4.21,0.0,4.26,0.0417,0.0413,0.0,0.0,0.9896,0.0,"Q1: Overt Inflation (Price Up, Weight Flat)",Q1_Overt_Inflation,0,0
PER-GOD-2134,Godrej Expert (Bathing Soap),Godrej,Godrej Consumer,Personal Care & Soaps,Bathing Soap,1,₹50 Pack,HDPE Plastic Bottle,50.0,50.0,115.0,83.7,g,43.48,59.74,0.0,-27.22,37.4,0.3177,0.0,-0.3177,1.0,0.0,0.7278,"Q2: Silent Shrinkflation (Weight Down, Price Flat)",Q2_Silent_Shrink,1,1
PER-GOD-2183,Godrej Expert (Bathing Soap),Godrej,Godrej Consumer,Personal Care & Soaps,Bathing Soap,0,Standard / Non-LUP,Flexible Pillow Pouch,51.8,69.0,300.0,300.0,g,17.27,23.0,33.2,0.0,33.18,0.2865,0.2867,0.0,0.0,1.0,0.0,"Q1: Overt Inflation (Price Up, Weight Flat)",Q1_Overt_Inflation,0,0
PER-GOD-2228,Godrej Expert (Deodorant Soap),Godrej,Godrej Consumer,Personal Care & Soaps,Deodorant Soap,0,Standard / Non-LUP,Mono Carton Box,84.5,109.4,300.0,300.0,g,28.17,36.47,29.47,0.0,29.46,0.2582,0.2583,0.0,0.0,1.0,0.0,"Q1: Overt Inflation (Price Up, Weight Flat)",Q1_Overt_Inflation,0,0
PER-GOD-2245,Godrej No.1 Lime (Bathing Soap),Godrej,Godrej Consumer,Personal Care & Soaps,Bathing Soap,1,₹5 Pack,Nitrogen Flushed Foil Pouch,5.0,5.0,25.0,19.0,g,20.0,26.32,0.0,-24.0,31.6,0.2746,0.0,-0.2744,0.9994,0.0,0.7595,"Q2: Silent Shrinkflation (Weight Down, Price Flat)",Q2_Silent_Shrink,1,1
PER-GOD-2249,Godrej No.1 Lime (Deodorant Soap),Godrej,Godrej Consumer,Personal Care & Soaps,Deodorant Soap,0,Standard / Non-LUP,Mono Carton Box,76.8,100.7,100.0,84.6,g,76.8,119.03,31.12,-15.4,54.99,0.4382,0.2709,-0.1672,0.3817,0.6183,0.2801,Q3: Double Whammy (Price Up + Weight Down),Q3_Double_Whammy,1,1
PER-GOD-2397,Godrej No.1 Lime (Deodorant Soap),Godrej,Godrej Consumer,Personal Care & Soaps,Deodorant Soap,1,₹50 Pack,Stand-up Spout Pouch,50.0,50.0,125.0,91.1,g,40.0,54.88,0.0,-27.12,37.2,0.3163,0.0,-0.3164,1.0,0.0,0.729,"Q2: Silent Shrinkflation (Weight Down, Price Flat)",Q2_Silent_Shrink,1,1
PER-LIF-1657,Lifebuoy Total (Beauty Bar),Lifebuoy,Hindustan Unilever,Personal Care & Soaps,Beauty Bar,0,Standard / Non-LUP,Flow Wrap,68.2,94.0,250.0,202.5,g,27.28,46.42,37.83,-19.0,70.16,0.5316,0.3209,-0.2107,0.3964,0.6036,0.2708,Q3: Double Whammy (Price Up + Weight Down),Q3_Double_Whammy,1,1
PER-LIF-1822,Lifebuoy Total (Toothpaste),Lifebuoy,Hindustan Unilever,Personal Care & Soaps,Toothpaste,1,₹20 Pack,Paper Wrapper,20.0,20.0,120.0,83.6,g,16.67,23.92,0.0,-30.33,43.49,0.3611,0.0,-0.3614,1.0,0.0,0.6975,"Q2: Silent Shrinkflation (Weight Down, Price Flat)",Q2_Silent_Shrink,1,1
PER-LIF-1970,Lifebuoy Total (Beauty Bar),Lifebuoy,Hindustan Unilever,Personal Care & Soaps,Beauty Bar,1,₹10 Pack,Paper Wrapper,10.0,10.0,60.0,43.7,g,16.67,22.88,0.0,-27.17,37.25,0.3167,0.0,-0.317,1.0,0.0,0.7293,"Q2: Silent Shrinkflation (Weight Down, Price Flat)",Q2_Silent_Shrink,1,1
PER-LIF-2025,Lifebuoy Total (Shampoo),Lifebuoy,Hindustan Unilever,Personal Care & Soaps,Shampoo,1,₹50 Pack,Mono Carton Box,50.0,50.0,115.0,87.5,g,43.48,57.14,0.0,-23.91,31.42,0.2732,0.0,-0.2733,1.0,0.0,0.7612,"Q2: Silent Shrinkflation (Weight Down, Price Flat)",Q2_Silent_Shrink,1,1
PER-LIF-2238,Lifebuoy Total (Shampoo),Lifebuoy,Hindustan Unilever,Personal Care & Soaps,Shampoo,0,Standard / Non-LUP,LDPE Pouch,117.1,135.8,250.0,202.5,g,46.84,67.06,15.97,-19.0,43.17,0.3589,0.1482,-0.2107,0.5872,0.4129,0.4401,Q3: Double Whammy (Price Up + Weight Down),Q3_Double_Whammy,1,1
PER-LIF-2315,Lifebuoy Total (Shampoo),Lifebuoy,Hindustan Unilever,Personal Care & Soaps,Shampoo,1,₹5 Pack,Stand-up Spout Pouch,5.0,5.0,18.0,12.8,g,27.78,39.06,0.0,-28.89,40.6,0.3408,0.0,-0.3409,1.0,0.0,0.7115,"Q2: Silent Shrinkflation (Weight Down, Price Flat)",Q2_Silent_Shrink,1,1
PER-LIF-2388,Lifebuoy Total (Beauty Bar),Lifebuoy,Hindustan Unilever,Personal Care & Soaps,Beauty Bar,1,₹50 Pack,Mono Carton Box,50.0,50.0,125.0,95.1,g,40.0,52.58,0.0,-23.92,31.45,0.2735,0.0,-0.2734,0.9997,0.0,0.7606,"Q2: Silent Shrinkflation (Weight Down, Price Flat)",Q2_Silent_Shrink,1,1
PER-LUX-1202,Lux Velvet (Beauty Bar),Lux,Hindustan Unilever,Personal Care & Soaps,Beauty Bar,1,₹5 Pack,Paper Wrapper,5.0,6.0,18.0,14.6,g,27.78,41.1,20.0,-18.89,47.95,0.3917,0.1823,-0.2094,0.5345,0.4655,0.3939,Q3: Double Whammy (Price Up + Weight Down),Q3_Double_Whammy,1,1
PER-LUX-1286,Lux Velvet (Bathing Soap),Lux,Hindustan Unilever,Personal Care & Soaps,Bathing Soap,0,Standard / Non-LUP,Poly Bag,58.0,66.6,300.0,243.0,g,19.33,27.41,14.83,-19.0,41.8,0.3492,0.1383,-0.2107,0.6034,0.3959,0.4545,Q3: Double Whammy (Price Up + Weight Down),Q3_Double_Whammy,1,1
PER-LUX-1726,Lux Velvet (Shampoo),Lux,Hindustan Unilever,Personal Care & Soaps,Shampoo,1,₹20 Pack,LDPE Pouch,20.0,20.0,120.0,89.3,g,16.67,22.4,0.0,-25.58,34.37,0.2955,0.0,-0.2955,1.0,0.0,0.7443,"Q2: Silent Shrinkflation (Weight Down, Price Flat)",Q2_Silent_Shrink,1,1
PER-LUX-1751,Lux Velvet (Toothpaste),Lux,Hindustan Unilever,Personal Care & Soaps,Toothpaste,0,Standard / Non-LUP,Nitrogen Flushed Foil Pouch,105.8,108.0,400.0,297.8,g,26.45,36.27,2.08,-25.55,37.13,0.3157,0.0206,-0.295,0.9345,0.0652,0.6882,"Q2: Silent Shrinkflation (Weight Down, Price Flat)",Q2_Silent_Shrink,1,1
PER-LUX-1867,Lux Velvet (Beauty Bar),Lux,Hindustan Unilever,Personal Care & Soaps,Beauty Bar,0,Standard / Non-LUP,Mono Carton Box,111.1,111.1,250.0,190.3,g,44.44,58.38,0.0,-23.88,31.37,0.2728,0.0,-0.2729,1.0,0.0,0.7613,"Q2: Silent Shrinkflation (Weight Down, Price Flat)",Q2_Silent_Shrink,1,1
PER-LUX-2129,Lux Velvet (Shampoo),Lux,Hindustan Unilever,Personal Care & Soaps,Shampoo,0,Standard / Non-LUP,Paper Wrapper,179.0,171.8,200.0,145.6,g,89.5,117.99,-4.02,-27.2,31.83,0.2764,-0.0411,-0.3175,1.0,0.0,0.8545,"Q2: Silent Shrinkflation (Weight Down, Price Flat)",Q2_Silent_Shrink,1,1
PER-LUX-2384,Lux Velvet (Beauty Bar),Lux,Hindustan Unilever,Personal Care & Soaps,Beauty Bar,1,₹5 Pack,Flow Wrap,5.0,5.0,15.0,11.2,g,33.33,44.64,0.0,-25.33,33.93,0.2922,0.0,-0.2921,0.9999,0.0,0.7466,"Q2: Silent Shrinkflation (Weight Down, Price Flat)",Q2_Silent_Shrink,1,1
PER-NIH-1110,Nihar Naturals (Hair Oil),Nihar,Marico,Personal Care & Soaps,Hair Oil,0,Standard / Non-LUP,Nitrogen Flushed Foil Pouch,115.6,147.0,400.0,338.4,g,28.9,43.44,27.16,-15.4,50.31,0.4075,0.2403,-0.1672,0.4104,0.5896,0.3061,Q3: Double Whammy (Price Up + Weight Down),Q3_Double_Whammy,1,1
PER-NIH-1111,Nihar Naturals (Hair Oil),Nihar,Marico,Personal Care & Soaps,Hair Oil,0,Standard / Non-LUP,Flexible Pillow Pouch,98.9,100.9,400.0,297.8,g,24.73,33.88,2.02,-25.55,37.0,0.3148,0.02,-0.295,0.9372,0.0636,0.6905,"Q2: Silent Shrinkflation (Weight Down, Price Flat)",Q2_Silent_Shrink,1,1
PER-NIH-1120,Nihar Naturals (Coconut Oil),Nihar,Marico,Personal Care & Soaps,Coconut Oil,0,Standard / Non-LUP,Stand-up Spout Pouch,158.0,197.6,400.0,400.0,g,39.5,49.4,25.06,0.0,25.06,0.2236,0.2236,0.0,0.0,1.0,0.0,"Q1: Overt Inflation (Price Up, Weight Flat)",Q1_Overt_Inflation,0,0
PER-NIH-1563,Nihar Naturals (Hair Oil),Nihar,Marico,Personal Care & Soaps,Hair Oil,0,Standard / Non-LUP,Stand-up Spout Pouch,91.2,96.0,100.0,72.9,g,91.2,131.69,5.26,-27.1,44.4,0.3674,0.0513,-0.3161,0.8603,0.1396,0.6104,Q3: Double Whammy (Price Up + Weight Down),Q3_Double_Whammy,1,1
PER-NIH-2081,Nihar Naturals (Coconut Oil),Nihar,Marico,Personal Care & Soaps,Coconut Oil,0,Standard / Non-LUP,Poly Bag,139.2,137.8,100.0,77.8,g,139.2,177.12,-1.01,-22.2,27.24,0.2409,-0.0101,-0.251,1.0,0.0,0.8149,"Q2: Silent Shrinkflation (Weight Down, Price Flat)",Q2_Silent_Shrink,1,1
PER-PAR-1088,Parachute Advansed (Coconut Oil),Parachute,Marico,Personal Care & Soaps,Coconut Oil,1,₹10 Pack,Stand-up Spout Pouch,10.0,10.0,60.0,46.7,g,16.67,21.41,0.0,-22.17,28.43,0.2502,0.0,-0.2506,1.0,0.0,0.7796,"Q2: Silent Shrinkflation (Weight Down, Price Flat)",Q2_Silent_Shrink,1,1
PER-PAR-1107,Parachute Advansed (Coconut Oil),Parachute,Marico,Personal Care & Soaps,Coconut Oil,0,Standard / Non-LUP,Nitrogen Flushed Foil Pouch,91.2,114.0,250.0,250.0,g,36.48,45.6,25.0,0.0,25.0,0.2231,0.2231,0.0,0.0,1.0,0.0,"Q1: Overt Inflation (Price Up, Weight Flat)",Q1_Overt_Inflation,0,0
PER-PAR-1162,Parachute Advansed (Hair Oil),Parachute,Marico,Personal Care & Soaps,Hair Oil,1,₹10 Pack,Stand-up Spout Pouch,10.0,10.0,45.0,31.3,g,22.22,31.95,0.0,-30.44,43.79,0.3632,0.0,-0.363,0.9996,0.0,0.6952,"Q2: Silent Shrinkflation (Weight Down, Price Flat)",Q2_Silent_Shrink,1,1
PER-PAR-1177,Parachute Advansed (Coconut Oil),Parachute,Marico,Personal Care & Soaps,Coconut Oil,0,Standard / Non-LUP,Paper Wrapper,147.8,184.3,400.0,400.0,g,36.95,46.08,24.7,0.0,24.71,0.2208,0.2207,0.0,0.0,0.9995,0.0,"Q1: Overt Inflation (Price Up, Weight Flat)",Q1_Overt_Inflation,0,0
PER-PAR-1330,Parachute Advansed (Coconut Oil),Parachute,Marico,Personal Care & Soaps,Coconut Oil,0,Standard / Non-LUP,Nitrogen Flushed Foil Pouch,53.9,52.2,400.0,291.4,g,13.48,17.91,-3.15,-27.15,32.86,0.2842,-0.032,-0.3168,1.0,0.0,0.8261,"Q2: Silent Shrinkflation (Weight Down, Price Flat)",Q2_Silent_Shrink,1,1
PER-PAR-1437,Parachute Pure Coconut Oil (Coconut Oil),Parachute,Marico,Personal Care & Soaps,Coconut Oil,0,Standard / Non-LUP,Stand-up Spout Pouch,103.7,108.0,250.0,182.0,ml,41.48,59.34,4.15,-27.2,43.06,0.3581,0.0406,-0.3175,0.8866,0.1135,0.6317,Q3: Double Whammy (Price Up + Weight Down),Q3_Double_Whammy,1,1
PER-PAR-1444,Parachute Advansed (Coconut Oil),Parachute,Marico,Personal Care & Soaps,Coconut Oil,0,Standard / Non-LUP,Paper Wrapper,142.0,170.0,100.0,100.0,g,142.0,170.0,19.72,0.0,19.72,0.18,0.18,0.0,0.0,1.0,0.0,"Q1: Overt Inflation (Price Up, Weight Flat)",Q1_Overt_Inflation,0,0
PER-PAR-1472,Parachute Pure Coconut Oil (Coconut Oil),Parachute,Marico,Personal Care & Soaps,Coconut Oil,0,Standard / Non-LUP,Poly Bag,60.8,80.8,400.0,324.0,ml,15.2,24.94,32.89,-19.0,64.08,0.4952,0.2844,-0.2107,0.4255,0.5743,0.2965,Q3: Double Whammy (Price Up + Weight Down),Q3_Double_Whammy,1,1
PER-PAR-1610,Parachute Pure Coconut Oil (Hair Oil),Parachute,Marico,Personal Care & Soaps,Hair Oil,0,Standard / Non-LUP,Paper Wrapper,97.0,121.0,250.0,250.0,ml,38.8,48.4,24.74,0.0,24.74,0.2211,0.2211,0.0,0.0,1.0,0.0,"Q1: Overt Inflation (Price Up, Weight Flat)",Q1_Overt_Inflation,0,0
PER-PAR-1618,Parachute Advansed (Hair Oil),Parachute,Marico,Personal Care & Soaps,Hair Oil,1,₹5 Pack,Mono Carton Box,5.0,5.0,20.0,15.2,g,25.0,32.89,0.0,-24.0,31.56,0.2743,0.0,-0.2744,1.0,0.0,0.7605,"Q2: Silent Shrinkflation (Weight Down, Price Flat)",Q2_Silent_Shrink,1,1
PER-PAR-1665,Parachute Pure Coconut Oil (Coconut Oil),Parachute,Marico,Personal Care & Soaps,Coconut Oil,1,₹50 Pack,Flow Wrap,50.0,50.0,125.0,97.2,g,40.0,51.44,0.0,-22.24,28.6,0.2515,0.0,-0.2515,1.0,0.0,0.7776,"Q2: Silent Shrinkflation (Weight Down, Price Flat)",Q2_Silent_Shrink,1,1
PER-PAR-1693,Parachute Advansed (Coconut Oil),Parachute,Marico,Personal Care & Soaps,Coconut Oil,1,₹20 Pack,Nitrogen Flushed Foil Pouch,20.0,20.0,60.0,48.8,g,33.33,40.98,0.0,-18.67,22.95,0.2066,0.0,-0.2066,0.9999,0.0,0.8133,"Q2: Silent Shrinkflation (Weight Down, Price Flat)",Q2_Silent_Shrink,1,1
PER-PAR-1759,Parachute Advansed (Hair Oil),Parachute,Marico,Personal Care & Soaps,Hair Oil,0,Standard / Non-LUP,LDPE Pouch,35.5,46.0,200.0,169.2,g,17.75,27.19,29.58,-15.4,53.18,0.4265,0.2591,-0.1672,0.3921,0.6076,0.2896,Q3: Double Whammy (Price Up + Weight Down),Q3_Double_Whammy,1,1
PER-PAR-1893,Parachute Advansed (Coconut Oil),Parachute,Marico,Personal Care & Soaps,Coconut Oil,0,Standard / Non-LUP,Poly Bag,121.0,152.0,100.0,84.6,g,121.0,179.67,25.62,-15.4,48.49,0.3953,0.2281,-0.1672,0.423,0.577,0.3176,Q3: Double Whammy (Price Up + Weight Down),Q3_Double_Whammy,1,1
PER-PAR-1904,Parachute Pure Coconut Oil (Hair Oil),Parachute,Marico,Personal Care & Soaps,Hair Oil,0,Standard / Non-LUP,Poly Bag,114.2,139.0,300.0,300.0,ml,38.07,46.33,21.72,0.0,21.7,0.1964,0.1965,0.0,0.0,1.0,0.0,"Q1: Overt Inflation (Price Up, Weight Flat)",Q1_Overt_Inflation,0,0
PER-PAR-1906,Parachute Advansed (Hair Oil),Parachute,Marico,Personal Care & Soaps,Hair Oil,0,Standard / Non-LUP,Poly Bag,37.0,43.7,250.0,211.5,g,14.8,20.66,18.11,-15.4,39.59,0.3336,0.1664,-0.1672,0.5013,0.4989,0.3889,Q3: Double Whammy (Price Up + Weight Down),Q3_Double_Whammy,1,1
PER-PAR-1913,Parachute Pure Coconut Oil (Hair Oil),Parachute,Marico,Personal Care & Soaps,Hair Oil,0,Standard / Non-LUP,LDPE Pouch,143.0,137.3,400.0,291.4,ml,35.75,47.12,-3.99,-27.15,31.8,0.2761,-0.0407,-0.3168,1.0,0.0,0.8537,"Q2: Silent Shrinkflation (Weight Down, Price Flat)",Q2_Silent_Shrink,1,1
PER-PAR-2030,Parachute Advansed (Coconut Oil),Parachute,Marico,Personal Care & Soaps,Coconut Oil,0,Standard / Non-LUP,Stand-up Spout Pouch,104.0,101.9,500.0,389.2,g,20.8,26.18,-2.02,-22.16,25.87,0.23,-0.0204,-0.2505,1.0,0.0,0.8567,"Q2: Silent Shrinkflation (Weight Down, Price Flat)",Q2_Silent_Shrink,1,1
PER-PAR-2058,Parachute Pure Coconut Oil (Coconut Oil),Parachute,Marico,Personal Care & Soaps,Coconut Oil,1,₹5 Pack,Stand-up Spout Pouch,5.0,5.0,18.0,13.7,g,27.78,36.5,0.0,-23.89,31.39,0.273,0.0,-0.273,0.9999,0.0,0.761,"Q2: Silent Shrinkflation (Weight Down, Price Flat)",Q2_Silent_Shrink,1,1
PER-PAR-2093,Parachute Advansed (Hair Oil),Parachute,Marico,Personal Care & Soaps,Hair Oil,0,Standard / Non-LUP,HDPE Plastic Bottle,146.9,153.0,150.0,150.0,g,97.93,102.0,4.15,0.0,4.16,0.0407,0.0407,0.0,0.0,0.9992,0.0,"Q1: Overt Inflation (Price Up, Weight Flat)",Q1_Overt_Inflation,0,0
PER-PAR-2186,Parachute Advansed (Coconut Oil),Parachute,Marico,Personal Care & Soaps,Coconut Oil,1,₹10 Pack,LDPE Pouch,10.0,12.0,50.0,42.3,g,20.0,28.37,20.0,-15.4,41.85,0.3496,0.1823,-0.1672,0.4784,0.5215,0.368,Q3: Double Whammy (Price Up + Weight Down),Q3_Double_Whammy,1,1
PER-PAR-2200,Parachute Advansed (Coconut Oil),Parachute,Marico,Personal Care & Soaps,Coconut Oil,0,Standard / Non-LUP,Stand-up Spout Pouch,120.0,125.0,400.0,272.6,g,30.0,45.85,4.17,-31.85,52.83,0.4242,0.0408,-0.3835,0.904,0.0962,0.6028,Q3: Double Whammy (Price Up + Weight Down),Q3_Double_Whammy,1,1
PER-PAR-2271,Parachute Advansed (Coconut Oil),Parachute,Marico,Personal Care & Soaps,Coconut Oil,0,Standard / Non-LUP,Paper Wrapper,138.2,166.2,500.0,423.0,g,27.64,39.29,20.26,-15.4,42.15,0.3517,0.1845,-0.1672,0.4755,0.5246,0.3654,Q3: Double Whammy (Price Up + Weight Down),Q3_Double_Whammy,1,1
PER-PAR-2336,Parachute Advansed (Coconut Oil),Parachute,Marico,Personal Care & Soaps,Coconut Oil,0,Standard / Non-LUP,HDPE Plastic Bottle,144.0,136.8,100.0,74.4,g,144.0,183.87,-5.0,-25.6,27.69,0.2444,-0.0513,-0.2957,1.0,0.0,0.9246,"Q2: Silent Shrinkflation (Weight Down, Price Flat)",Q2_Silent_Shrink,1,1
PER-PAR-2359,Parachute Pure Coconut Oil (Coconut Oil),Parachute,Marico,Personal Care & Soaps,Coconut Oil,1,₹10 Pack,Poly Bag,10.0,10.0,60.0,60.0,g,16.67,16.67,0.0,0.0,0.0,0.0,0.0,0.0,0.0,0.0,0.0,Q4: Stable / Fair Value,Q4_Stable_Fair,0,0
PER-PAT-1079,Patanjali Kesh Kanti (Ayurvedic Toothpaste),Patanjali,Patanjali Ayurved,Personal Care & Soaps,Ayurvedic Toothpaste,0,Standard / Non-LUP,Paper Wrapper,166.1,198.0,500.0,423.0,g,33.22,46.81,19.21,-15.4,40.91,0.3429,0.1757,-0.1672,0.4876,0.5123,0.3764,Q3: Double Whammy (Price Up + Weight Down),Q3_Double_Whammy,1,1
PER-PAT-1086,Patanjali Dant Kanti (Bathing Soap),Patanjali,Patanjali Ayurved,Personal Care & Soaps,Bathing Soap,0,Standard / Non-LUP,Paper Wrapper,151.7,191.0,200.0,200.0,g,75.85,95.5,25.91,0.0,25.91,0.2304,0.2304,0.0,0.0,1.0,0.0,"Q1: Overt Inflation (Price Up, Weight Flat)",Q1_Overt_Inflation,0,0
PER-PAT-1210,Patanjali Kesh Kanti (Herbal Shampoo),Patanjali,Patanjali Ayurved,Personal Care & Soaps,Herbal Shampoo,0,Standard / Non-LUP,Nitrogen Flushed Foil Pouch,61.0,73.0,500.0,423.0,g,12.2,17.26,19.67,-15.4,41.48,0.347,0.1796,-0.1672,0.482,0.5176,0.3713,Q3: Double Whammy (Price Up + Weight Down),Q3_Double_Whammy,1,1
PER-PAT-1299,Patanjali Kesh Kanti (Bathing Soap),Patanjali,Patanjali Ayurved,Personal Care & Soaps,Bathing Soap,1,₹10 Pack,HDPE Plastic Bottle,10.0,10.0,50.0,38.9,g,20.0,25.71,0.0,-22.2,28.55,0.2511,0.0,-0.251,0.9995,0.0,0.7776,"Q2: Silent Shrinkflation (Weight Down, Price Flat)",Q2_Silent_Shrink,1,1
PER-PAT-1367,Patanjali Kesh Kanti (Herbal Shampoo),Patanjali,Patanjali Ayurved,Personal Care & Soaps,Herbal Shampoo,0,Standard / Non-LUP,Flow Wrap,81.3,79.7,300.0,233.6,g,27.1,34.12,-1.97,-22.13,25.9,0.2303,-0.0199,-0.2502,1.0,0.0,0.8544,"Q2: Silent Shrinkflation (Weight Down, Price Flat)",Q2_Silent_Shrink,1,1
PER-PAT-1448,Patanjali Haldi Chandan Soap (Ayurvedic Toothpaste),Patanjali,Patanjali Ayurved,Personal Care & Soaps,Ayurvedic Toothpaste,0,Standard / Non-LUP,LDPE Pouch,168.2,219.5,150.0,150.0,g,112.13,146.33,30.5,0.0,30.5,0.2662,0.2662,0.0,0.0,1.0,0.0,"Q1: Overt Inflation (Price Up, Weight Flat)",Q1_Overt_Inflation,0,0
PER-PAT-1486,Patanjali Kesh Kanti (Herbal Shampoo),Patanjali,Patanjali Ayurved,Personal Care & Soaps,Herbal Shampoo,0,Standard / Non-LUP,Paper Wrapper,139.2,136.3,500.0,500.0,g,27.84,27.26,-2.08,0.0,-2.08,-0.0211,-0.0211,0.0,0.0,0.0,0.0,Q4: Stable / Fair Value,Q4_Stable_Fair,0,0
PER-PAT-1572,Patanjali Haldi Chandan Soap (Ayurvedic Toothpaste),Patanjali,Patanjali Ayurved,Personal Care & Soaps,Ayurvedic Toothpaste,0,Standard / Non-LUP,Flexible Pillow Pouch,103.0,97.8,150.0,114.3,g,68.67,85.56,-5.05,-23.8,24.6,0.2199,-0.0518,-0.2718,1.0,0.0,0.9676,"Q2: Silent Shrinkflation (Weight Down, Price Flat)",Q2_Silent_Shrink,1,1
PER-PAT-1703,Patanjali Kesh Kanti (Ayurvedic Toothpaste),Patanjali,Patanjali Ayurved,Personal Care & Soaps,Ayurvedic Toothpaste,0,Standard / Non-LUP,Flexible Pillow Pouch,164.3,173.0,150.0,106.8,g,109.53,161.99,5.3,-28.8,47.9,0.3913,0.0516,-0.3397,0.868,0.1318,0.6013,Q3: Double Whammy (Price Up + Weight Down),Q3_Double_Whammy,1,1
PER-PAT-1722,Patanjali Dant Kanti (Bathing Soap),Patanjali,Patanjali Ayurved,Personal Care & Soaps,Bathing Soap,0,Standard / Non-LUP,Paper Wrapper,51.9,50.3,200.0,139.4,g,25.95,36.08,-3.08,-30.3,39.04,0.3296,-0.0313,-0.361,1.0,0.0,0.7762,"Q2: Silent Shrinkflation (Weight Down, Price Flat)",Q2_Silent_Shrink,1,1
PER-PAT-1784,Patanjali Haldi Chandan Soap (Herbal Shampoo),Patanjali,Patanjali Ayurved,Personal Care & Soaps,Herbal Shampoo,0,Standard / Non-LUP,Poly Bag,136.2,175.0,500.0,500.0,g,27.24,35.0,28.49,0.0,28.49,0.2507,0.2507,0.0,0.0,1.0,0.0,"Q1: Overt Inflation (Price Up, Weight Flat)",Q1_Overt_Inflation,0,0
PER-PAT-1817,Patanjali Dant Kanti (Bathing Soap),Patanjali,Patanjali Ayurved,Personal Care & Soaps,Bathing Soap,0,Standard / Non-LUP,Paper Wrapper,118.1,158.8,150.0,126.9,g,78.73,125.14,34.46,-15.4,58.95,0.4634,0.2961,-0.1672,0.3609,0.639,0.2612,Q3: Double Whammy (Price Up + Weight Down),Q3_Double_Whammy,1,1
PER-PAT-1968,Patanjali Kesh Kanti (Herbal Shampoo),Patanjali,Patanjali Ayurved,Personal Care & Soaps,Herbal Shampoo,0,Standard / Non-LUP,Paper Wrapper,94.0,120.5,250.0,202.5,g,37.6,59.51,28.19,-19.0,58.27,0.4591,0.2484,-0.2107,0.4589,0.5409,0.3261,Q3: Double Whammy (Price Up + Weight Down),Q3_Double_Whammy,1,1
PER-PAT-2085,Patanjali Kesh Kanti (Bathing Soap),Patanjali,Patanjali Ayurved,Personal Care & Soaps,Bathing Soap,1,₹20 Pack,Poly Bag,20.0,20.0,50.0,37.2,g,40.0,53.76,0.0,-25.6,34.4,0.2957,0.0,-0.2957,1.0,0.0,0.7442,"Q2: Silent Shrinkflation (Weight Down, Price Flat)",Q2_Silent_Shrink,1,1
PER-PAT-2097,Patanjali Haldi Chandan Soap (Ayurvedic Toothpaste),Patanjali,Patanjali Ayurved,Personal Care & Soaps,Ayurvedic Toothpaste,1,₹50 Pack,Flow Wrap,50.0,50.0,100.0,76.1,g,50.0,65.7,0.0,-23.9,31.4,0.2731,0.0,-0.2731,1.0,0.0,0.7611,"Q2: Silent Shrinkflation (Weight Down, Price Flat)",Q2_Silent_Shrink,1,1
PER-PAT-2118,Patanjali Haldi Chandan Soap (Herbal Shampoo),Patanjali,Patanjali Ayurved,Personal Care & Soaps,Herbal Shampoo,1,₹10 Pack,LDPE Pouch,10.0,10.0,50.0,37.3,g,20.0,26.81,0.0,-25.4,34.05,0.293,0.0,-0.293,1.0,0.0,0.746,"Q2: Silent Shrinkflation (Weight Down, Price Flat)",Q2_Silent_Shrink,1,1
PER-PAT-2127,Patanjali Dant Kanti (Ayurvedic Toothpaste),Patanjali,Patanjali Ayurved,Personal Care & Soaps,Ayurvedic Toothpaste,1,₹20 Pack,Flexible Pillow Pouch,20.0,24.0,110.0,93.1,g,18.18,25.78,20.0,-15.36,41.8,0.3493,0.1823,-0.1668,0.4776,0.522,0.3675,Q3: Double Whammy (Price Up + Weight Down),Q3_Double_Whammy,1,1
PER-PAT-2174,Patanjali Kesh Kanti (Ayurvedic Toothpaste),Patanjali,Patanjali Ayurved,Personal Care & Soaps,Ayurvedic Toothpaste,1,₹50 Pack,Mono Carton Box,50.0,50.0,100.0,72.8,g,50.0,68.68,0.0,-27.2,37.36,0.3174,0.0,-0.3175,1.0,0.0,0.7281,"Q2: Silent Shrinkflation (Weight Down, Price Flat)",Q2_Silent_Shrink,1,1
PER-PAT-2188,Patanjali Haldi Chandan Soap (Bathing Soap),Patanjali,Patanjali Ayurved,Personal Care & Soaps,Bathing Soap,1,₹20 Pack,Flexible Pillow Pouch,20.0,20.0,50.0,34.8,g,40.0,57.47,0.0,-30.4,43.67,0.3624,0.0,-0.3624,1.0,0.0,0.6961,"Q2: Silent Shrinkflation (Weight Down, Price Flat)",Q2_Silent_Shrink,1,1
PER-PAT-2203,Patanjali Dant Kanti (Bathing Soap),Patanjali,Patanjali Ayurved,Personal Care & Soaps,Bathing Soap,1,₹50 Pack,Poly Bag,50.0,50.0,150.0,114.2,g,33.33,43.78,0.0,-23.87,31.35,0.2727,0.0,-0.2727,0.9999,0.0,0.7612,"Q2: Silent Shrinkflation (Weight Down, Price Flat)",Q2_Silent_Shrink,1,1
PER-PAT-2266,Patanjali Dant Kanti (Ayurvedic Toothpaste),Patanjali,Patanjali Ayurved,Personal Care & Soaps,Ayurvedic Toothpaste,1,₹50 Pack,Flow Wrap,50.0,66.0,115.0,101.6,g,43.48,64.96,32.0,-11.65,49.4,0.4015,0.2776,-0.1239,0.3086,0.6915,0.2359,Q3: Double Whammy (Price Up + Weight Down),Q3_Double_Whammy,1,1
PER-PAT-2349,Patanjali Kesh Kanti (Bathing Soap),Patanjali,Patanjali Ayurved,Personal Care & Soaps,Bathing Soap,0,Standard / Non-LUP,LDPE Pouch,159.6,208.0,150.0,150.0,g,106.4,138.67,30.33,0.0,30.33,0.2649,0.2649,0.0,0.0,0.9999,0.0,"Q1: Overt Inflation (Price Up, Weight Flat)",Q1_Overt_Inflation,0,0
PER-PEA-1025,Pears Pure (Shampoo),Pears,Hindustan Unilever,Personal Care & Soaps,Shampoo,1,₹5 Pack,Stand-up Spout Pouch,5.0,5.0,25.0,19.0,g,20.0,26.32,0.0,-24.0,31.6,0.2746,0.0,-0.2744,0.9994,0.0,0.7595,"Q2: Silent Shrinkflation (Weight Down, Price Flat)",Q2_Silent_Shrink,1,1
PER-PEA-1276,Pears Pure (Bathing Soap),Pears,Hindustan Unilever,Personal Care & Soaps,Bathing Soap,0,Standard / Non-LUP,LDPE Pouch,90.2,104.9,250.0,220.9,g,36.08,47.49,16.3,-11.64,31.62,0.2748,0.151,-0.1238,0.4504,0.5494,0.3681,Q3: Double Whammy (Price Up + Weight Down),Q3_Double_Whammy,1,1
PER-PEA-1479,Pears Pure (Bathing Soap),Pears,Hindustan Unilever,Personal Care & Soaps,Bathing Soap,0,Standard / Non-LUP,LDPE Pouch,114.2,147.0,300.0,300.0,g,38.07,49.0,28.72,0.0,28.71,0.2524,0.2525,0.0,0.0,1.0,0.0,"Q1: Overt Inflation (Price Up, Weight Flat)",Q1_Overt_Inflation,0,0
PER-PEA-2043,Pears Pure (Beauty Bar),Pears,Hindustan Unilever,Personal Care & Soaps,Beauty Bar,0,Standard / Non-LUP,Poly Bag,148.8,148.8,150.0,116.7,g,99.2,127.51,0.0,-22.2,28.54,0.2511,0.0,-0.251,0.9999,0.0,0.7779,"Q2: Silent Shrinkflation (Weight Down, Price Flat)",Q2_Silent_Shrink,1,1
PER-PEA-2100,Pears Pure (Shampoo),Pears,Hindustan Unilever,Personal Care & Soaps,Shampoo,0,Standard / Non-LUP,Nitrogen Flushed Foil Pouch,113.0,113.0,500.0,380.5,g,22.6,29.7,0.0,-23.9,31.42,0.2732,0.0,-0.2731,0.9997,0.0,0.7608,"Q2: Silent Shrinkflation (Weight Down, Price Flat)",Q2_Silent_Shrink,1,1
PER-PEA-2220,Pears Pure (Bathing Soap),Pears,Hindustan Unilever,Personal Care & Soaps,Bathing Soap,0,Standard / Non-LUP,HDPE Plastic Bottle,97.0,119.7,400.0,400.0,g,24.25,29.93,23.4,0.0,23.42,0.2104,0.2103,0.0,0.0,0.9992,0.0,"Q1: Overt Inflation (Price Up, Weight Flat)",Q1_Overt_Inflation,0,0
PER-PEA-2279,Pears Pure (Bathing Soap),Pears,Hindustan Unilever,Personal Care & Soaps,Bathing Soap,1,₹50 Pack,Stand-up Spout Pouch,50.0,50.0,175.0,127.5,g,28.57,39.22,0.0,-27.14,37.28,0.3168,0.0,-0.3167,0.9995,0.0,0.7281,"Q2: Silent Shrinkflation (Weight Down, Price Flat)",Q2_Silent_Shrink,1,1
PER-PEP-1154,Pepsodent (Toothpaste),Pepsodent,Hindustan Unilever,Personal Care & Soaps,Toothpaste,0,Standard / Non-LUP,LDPE Pouch,141.0,172.0,150.0,150.0,g,94.0,114.67,21.99,0.0,21.99,0.1988,0.1987,0.0,0.0,0.9999,0.0,"Q1: Overt Inflation (Price Up, Weight Flat)",Q1_Overt_Inflation,0,0
PER-PEP-1305,Pepsodent (Shampoo),Pepsodent,Hindustan Unilever,Personal Care & Soaps,Shampoo,1,₹20 Pack,Flow Wrap,20.0,20.0,90.0,68.5,g,22.22,29.2,0.0,-23.89,31.41,0.2732,0.0,-0.273,0.9993,0.0,0.7605,"Q2: Silent Shrinkflation (Weight Down, Price Flat)",Q2_Silent_Shrink,1,1
PER-PEP-2180,Pepsodent (Toothpaste),Pepsodent,Hindustan Unilever,Personal Care & Soaps,Toothpaste,0,Standard / Non-LUP,Flow Wrap,122.0,152.6,400.0,400.0,g,30.5,38.15,25.08,0.0,25.08,0.2238,0.2238,0.0,0.0,1.0,0.0,"Q1: Overt Inflation (Price Up, Weight Flat)",Q1_Overt_Inflation,0,0
PER-PEP-2292,Pepsodent (Beauty Bar),Pepsodent,Hindustan Unilever,Personal Care & Soaps,Beauty Bar,1,₹20 Pack,Poly Bag,20.0,20.0,50.0,39.8,g,40.0,50.25,0.0,-20.4,25.62,0.2281,0.0,-0.2282,1.0,0.0,0.7961,"Q2: Silent Shrinkflation (Weight Down, Price Flat)",Q2_Silent_Shrink,1,1
PER-REX-1069,Rexona (Beauty Bar),Rexona,Hindustan Unilever,Personal Care & Soaps,Beauty Bar,0,Standard / Non-LUP,Poly Bag,159.0,188.1,100.0,84.6,g,159.0,222.34,18.3,-15.4,39.84,0.3353,0.1681,-0.1672,0.4988,0.5012,0.3866,Q3: Double Whammy (Price Up + Weight Down),Q3_Double_Whammy,1,1
PER-REX-1072,Rexona (Toothpaste),Rexona,Hindustan Unilever,Personal Care & Soaps,Toothpaste,1,₹20 Pack,Flow Wrap,20.0,20.0,120.0,87.5,g,16.67,22.86,0.0,-27.08,37.13,0.3158,0.0,-0.3159,1.0,0.0,0.7294,"Q2: Silent Shrinkflation (Weight Down, Price Flat)",Q2_Silent_Shrink,1,1
PER-REX-1106,Rexona (Bathing Soap),Rexona,Hindustan Unilever,Personal Care & Soaps,Bathing Soap,0,Standard / Non-LUP,Paper Wrapper,158.8,189.0,300.0,265.1,g,52.93,71.29,19.02,-11.63,34.69,0.2978,0.1741,-0.1237,0.4153,0.5847,0.3354,Q3: Double Whammy (Price Up + Weight Down),Q3_Double_Whammy,1,1
PER-REX-1317,Rexona (Beauty Bar),Rexona,Hindustan Unilever,Personal Care & Soaps,Beauty Bar,1,₹50 Pack,Paper Wrapper,50.0,50.0,125.0,95.2,g,40.0,52.52,0.0,-23.84,31.3,0.2723,0.0,-0.2723,1.0,0.0,0.7617,"Q2: Silent Shrinkflation (Weight Down, Price Flat)",Q2_Silent_Shrink,1,1
PER-REX-1521,Rexona (Bathing Soap),Rexona,Hindustan Unilever,Personal Care & Soaps,Bathing Soap,0,Standard / Non-LUP,Poly Bag,105.0,115.9,300.0,253.8,g,35.0,45.67,10.38,-15.4,30.49,0.2661,0.0988,-0.1672,0.6285,0.3712,0.5052,Q3: Double Whammy (Price Up + Weight Down),Q3_Double_Whammy,1,1
PER-REX-2208,Rexona (Beauty Bar),Rexona,Hindustan Unilever,Personal Care & Soaps,Beauty Bar,0,Standard / Non-LUP,Stand-up Spout Pouch,56.0,56.0,150.0,150.0,g,37.33,37.33,0.0,0.0,0.0,0.0,0.0,0.0,0.0,0.0,0.0,Q4: Stable / Fair Value,Q4_Stable_Fair,0,0
PER-REX-2345,Rexona (Shampoo),Rexona,Hindustan Unilever,Personal Care & Soaps,Shampoo,1,₹5 Pack,Mono Carton Box,5.0,5.0,20.0,14.9,g,25.0,33.56,0.0,-25.5,34.24,0.2945,0.0,-0.2944,0.9997,0.0,0.7447,"Q2: Silent Shrinkflation (Weight Down, Price Flat)",Q2_Silent_Shrink,1,1
PER-REX-2346,Rexona (Toothpaste),Rexona,Hindustan Unilever,Personal Care & Soaps,Toothpaste,1,₹10 Pack,Flexible Pillow Pouch,10.0,10.0,45.0,32.8,g,22.22,30.49,0.0,-27.11,37.22,0.3164,0.0,-0.3162,0.9995,0.0,0.7284,"Q2: Silent Shrinkflation (Weight Down, Price Flat)",Q2_Silent_Shrink,1,1
PER-SUN-1087,Sunsilk Black (Bathing Soap),Sunsilk,Hindustan Unilever,Personal Care & Soaps,Bathing Soap,0,Standard / Non-LUP,HDPE Plastic Bottle,124.8,152.6,400.0,400.0,g,31.2,38.15,22.28,0.0,22.28,0.2011,0.2011,0.0,0.0,1.0,0.0,"Q1: Overt Inflation (Price Up, Weight Flat)",Q1_Overt_Inflation,0,0
PER-SUN-1176,Sunsilk Black (Shampoo),Sunsilk,Hindustan Unilever,Personal Care & Soaps,Shampoo,0,Standard / Non-LUP,Stand-up Spout Pouch,46.0,54.1,200.0,176.7,g,23.0,30.62,17.61,-11.65,33.13,0.2862,0.1622,-0.1239,0.4328,0.5668,0.3516,Q3: Double Whammy (Price Up + Weight Down),Q3_Double_Whammy,1,1
PER-SUN-1238,Sunsilk Black (Bathing Soap),Sunsilk,Hindustan Unilever,Personal Care & Soaps,Bathing Soap,1,₹10 Pack,Nitrogen Flushed Foil Pouch,10.0,10.0,45.0,45.0,g,22.22,22.22,0.0,0.0,0.0,0.0,0.0,0.0,0.0,0.0,0.0,Q4: Stable / Fair Value,Q4_Stable_Fair,0,0
PER-SUN-1413,Sunsilk Black (Toothpaste),Sunsilk,Hindustan Unilever,Personal Care & Soaps,Toothpaste,0,Standard / Non-LUP,Paper Wrapper,144.0,144.0,400.0,400.0,g,36.0,36.0,0.0,0.0,0.0,0.0,0.0,0.0,0.0,0.0,0.0,Q4: Stable / Fair Value,Q4_Stable_Fair,0,0
PER-SUN-1490,Sunsilk Black (Shampoo),Sunsilk,Hindustan Unilever,Personal Care & Soaps,Shampoo,0,Standard / Non-LUP,Paper Wrapper,131.5,137.0,500.0,372.2,g,26.3,36.81,4.18,-25.56,39.96,0.3362,0.041,-0.2952,0.878,0.1219,0.6396,Q3: Double Whammy (Price Up + Weight Down),Q3_Double_Whammy,1,1
PER-SUN-1659,Sunsilk Black (Toothpaste),Sunsilk,Hindustan Unilever,Personal Care & Soaps,Toothpaste,0,Standard / Non-LUP,LDPE Pouch,143.4,188.0,400.0,338.4,g,35.85,55.56,31.1,-15.4,54.98,0.4381,0.2708,-0.1672,0.3817,0.6181,0.2801,Q3: Double Whammy (Price Up + Weight Down),Q3_Double_Whammy,1,1
PER-SUN-1876,Sunsilk Black (Shampoo),Sunsilk,Hindustan Unilever,Personal Care & Soaps,Shampoo,1,₹10 Pack,Stand-up Spout Pouch,10.0,10.0,60.0,46.7,g,16.67,21.41,0.0,-22.17,28.43,0.2502,0.0,-0.2506,1.0,0.0,0.7796,"Q2: Silent Shrinkflation (Weight Down, Price Flat)",Q2_Silent_Shrink,1,1
PER-SUN-1897,Sunsilk Black (Bathing Soap),Sunsilk,Hindustan Unilever,Personal Care & Soaps,Bathing Soap,0,Standard / Non-LUP,Poly Bag,162.0,189.0,200.0,162.0,g,81.0,116.67,16.67,-19.0,44.04,0.3649,0.1542,-0.2107,0.5775,0.4224,0.4315,Q3: Double Whammy (Price Up + Weight Down),Q3_Double_Whammy,1,1
PER-SUN-2022,Sunsilk Black (Shampoo),Sunsilk,Hindustan Unilever,Personal Care & Soaps,Shampoo,0,Standard / Non-LUP,Paper Wrapper,36.3,46.0,300.0,300.0,g,12.1,15.33,26.72,0.0,26.69,0.2366,0.2368,0.0,0.0,1.0,0.0,"Q1: Overt Inflation (Price Up, Weight Flat)",Q1_Overt_Inflation,0,0
PER-SUN-2156,Sunsilk Black (Bathing Soap),Sunsilk,Hindustan Unilever,Personal Care & Soaps,Bathing Soap,0,Standard / Non-LUP,Paper Wrapper,104.0,124.8,250.0,211.5,g,41.6,59.01,20.0,-15.4,41.85,0.3496,0.1823,-0.1672,0.4784,0.5215,0.368,Q3: Double Whammy (Price Up + Weight Down),Q3_Double_Whammy,1,1
SNA-BAL-1010,Balaji Simply Salted (Corn Puffs),Balaji,Balaji Wafers,Snacks & Instant Foods,Corn Puffs,0,Standard / Non-LUP,Nitrogen Flushed Foil Pouch,148.2,181.4,200.0,200.0,g,74.1,90.7,22.4,0.0,22.4,0.2021,0.2021,0.0,0.0,1.0,0.0,"Q1: Overt Inflation (Price Up, Weight Flat)",Q1_Overt_Inflation,0,0
SNA-BAL-1124,Balaji Simply Salted (Corn Puffs),Balaji,Balaji Wafers,Snacks & Instant Foods,Corn Puffs,1,₹5 Pack,LDPE Pouch,5.0,6.0,15.0,13.3,g,33.33,45.11,20.0,-11.33,35.34,0.3026,0.1823,-0.1203,0.3974,0.6024,0.3207,Q3: Double Whammy (Price Up + Weight Down),Q3_Double_Whammy,1,1
SNA-BAL-1156,Balaji Simply Salted (Corn Puffs),Balaji,Balaji Wafers,Snacks & Instant Foods,Corn Puffs,1,₹5 Pack,Paper Wrapper,5.0,5.0,18.0,14.4,g,27.78,34.72,0.0,-20.0,24.98,0.223,0.0,-0.2231,1.0,0.0,0.8006,"Q2: Silent Shrinkflation (Weight Down, Price Flat)",Q2_Silent_Shrink,1,1
SNA-BAL-1165,Balaji Masala Wafers (Corn Puffs),Balaji,Balaji Wafers,Snacks & Instant Foods,Corn Puffs,1,₹50 Pack,Flexible Pillow Pouch,50.0,50.0,150.0,114.1,g,33.33,43.82,0.0,-23.93,31.47,0.2736,0.0,-0.2736,0.9997,0.0,0.7604,"Q2: Silent Shrinkflation (Weight Down, Price Flat)",Q2_Silent_Shrink,1,1
SNA-BAL-1214,Balaji Chataka Pataka (Potato Chips),Balaji,Balaji Wafers,Snacks & Instant Foods,Potato Chips,1,₹50 Pack,Paper Wrapper,50.0,66.0,100.0,88.4,g,50.0,74.66,32.0,-11.6,49.32,0.4009,0.2776,-0.1233,0.3075,0.6925,0.2352,Q3: Double Whammy (Price Up + Weight Down),Q3_Double_Whammy,1,1
SNA-BAL-1227,Balaji Simply Salted (Corn Puffs),Balaji,Balaji Wafers,Snacks & Instant Foods,Corn Puffs,1,₹10 Pack,Paper Wrapper,10.0,12.0,48.0,40.6,g,20.83,29.56,20.0,-15.42,41.91,0.35,0.1823,-0.1674,0.4783,0.5209,0.3678,Q3: Double Whammy (Price Up + Weight Down),Q3_Double_Whammy,1,1
SNA-BAL-1328,Balaji Simply Salted (Potato Chips),Balaji,Balaji Wafers,Snacks & Instant Foods,Potato Chips,0,Standard / Non-LUP,Nitrogen Flushed Foil Pouch,104.0,122.9,100.0,100.0,g,104.0,122.9,18.17,0.0,18.17,0.167,0.167,0.0,0.0,1.0,0.0,"Q1: Overt Inflation (Price Up, Weight Flat)",Q1_Overt_Inflation,0,0
SNA-BAL-1370,Balaji Masala Wafers (Corn Puffs),Balaji,Balaji Wafers,Snacks & Instant Foods,Corn Puffs,1,₹10 Pack,Poly Bag,10.0,10.0,35.0,27.3,g,28.57,36.63,0.0,-22.0,28.21,0.2485,0.0,-0.2485,0.9998,0.0,0.7798,"Q2: Silent Shrinkflation (Weight Down, Price Flat)",Q2_Silent_Shrink,1,1
SNA-BAL-1403,Balaji Simply Salted (Potato Chips),Balaji,Balaji Wafers,Snacks & Instant Foods,Potato Chips,1,₹50 Pack,Flexible Pillow Pouch,50.0,50.0,150.0,104.6,g,33.33,47.8,0.0,-30.27,43.41,0.3606,0.0,-0.3605,0.9998,0.0,0.6972,"Q2: Silent Shrinkflation (Weight Down, Price Flat)",Q2_Silent_Shrink,1,1
SNA-BAL-1453,Balaji Masala Wafers (Corn Puffs),Balaji,Balaji Wafers,Snacks & Instant Foods,Corn Puffs,1,₹50 Pack,Nitrogen Flushed Foil Pouch,50.0,62.0,175.0,148.1,g,28.57,41.86,24.0,-15.37,46.52,0.382,0.2151,-0.1669,0.4369,0.5632,0.3304,Q3: Double Whammy (Price Up + Weight Down),Q3_Double_Whammy,1,1
SNA-BAL-1463,Balaji Simply Salted (Corn Puffs),Balaji,Balaji Wafers,Snacks & Instant Foods,Corn Puffs,1,₹5 Pack,Paper Wrapper,5.0,5.0,15.0,15.0,g,33.33,33.33,0.0,0.0,0.0,0.0,0.0,0.0,0.0,0.0,0.0,Q4: Stable / Fair Value,Q4_Stable_Fair,0,0
SNA-BAL-1478,Balaji Simply Salted (Potato Chips),Balaji,Balaji Wafers,Snacks & Instant Foods,Potato Chips,1,₹20 Pack,Mono Carton Box,20.0,20.0,60.0,42.8,g,33.33,46.73,0.0,-28.67,40.2,0.3379,0.0,-0.3378,0.9996,0.0,0.713,"Q2: Silent Shrinkflation (Weight Down, Price Flat)",Q2_Silent_Shrink,1,1
SNA-BAL-1533,Balaji Chataka Pataka (Corn Puffs),Balaji,Balaji Wafers,Snacks & Instant Foods,Corn Puffs,1,₹50 Pack,LDPE Pouch,50.0,50.0,115.0,83.9,g,43.48,59.59,0.0,-27.04,37.05,0.3152,0.0,-0.3153,1.0,0.0,0.7299,"Q2: Silent Shrinkflation (Weight Down, Price Flat)",Q2_Silent_Shrink,1,1
SNA-BAL-1542,Balaji Simply Salted (Corn Puffs),Balaji,Balaji Wafers,Snacks & Instant Foods,Corn Puffs,0,Standard / Non-LUP,Stand-up Spout Pouch,66.0,85.3,500.0,423.0,g,13.2,20.17,29.24,-15.4,52.8,0.424,0.2565,-0.1672,0.3944,0.605,0.2916,Q3: Double Whammy (Price Up + Weight Down),Q3_Double_Whammy,1,1
SNA-BAL-1606,Balaji Chataka Pataka (Potato Chips),Balaji,Balaji Wafers,Snacks & Instant Foods,Potato Chips,1,₹20 Pack,Nitrogen Flushed Foil Pouch,20.0,20.0,120.0,87.3,g,16.67,22.91,0.0,-27.25,37.43,0.318,0.0,-0.3181,1.0,0.0,0.728,"Q2: Silent Shrinkflation (Weight Down, Price Flat)",Q2_Silent_Shrink,1,1
SNA-BAL-1612,Balaji Masala Wafers (Potato Chips),Balaji,Balaji Wafers,Snacks & Instant Foods,Potato Chips,0,Standard / Non-LUP,Flow Wrap,87.0,85.3,250.0,250.0,g,34.8,34.12,-1.95,0.0,-1.95,-0.0197,-0.0197,0.0,0.0,0.0,0.0,Q4: Stable / Fair Value,Q4_Stable_Fair,0,0
SNA-BAL-1613,Balaji Masala Wafers (Corn Puffs),Balaji,Balaji Wafers,Snacks & Instant Foods,Corn Puffs,1,₹50 Pack,Mono Carton Box,50.0,50.0,115.0,87.5,g,43.48,57.14,0.0,-23.91,31.42,0.2732,0.0,-0.2733,1.0,0.0,0.7612,"Q2: Silent Shrinkflation (Weight Down, Price Flat)",Q2_Silent_Shrink,1,1
SNA-BAL-1677,Balaji Simply Salted (Corn Puffs),Balaji,Balaji Wafers,Snacks & Instant Foods,Corn Puffs,0,Standard / Non-LUP,HDPE Plastic Bottle,172.5,218.0,100.0,88.4,g,172.5,246.61,26.38,-11.6,42.96,0.3574,0.2341,-0.1233,0.345,0.655,0.27,Q3: Double Whammy (Price Up + Weight Down),Q3_Double_Whammy,1,1
SNA-BAL-1699,Balaji Simply Salted (Corn Puffs),Balaji,Balaji Wafers,Snacks & Instant Foods,Corn Puffs,1,₹20 Pack,Poly Bag,20.0,20.0,110.0,82.0,g,18.18,24.39,0.0,-25.45,34.16,0.2939,0.0,-0.2938,0.9997,0.0,0.7452,"Q2: Silent Shrinkflation (Weight Down, Price Flat)",Q2_Silent_Shrink,1,1
SNA-BAL-1795,Balaji Simply Salted (Corn Puffs),Balaji,Balaji Wafers,Snacks & Instant Foods,Corn Puffs,1,₹5 Pack,HDPE Plastic Bottle,5.0,5.0,20.0,14.3,g,25.0,34.97,0.0,-28.5,39.88,0.3356,0.0,-0.3355,0.9996,0.0,0.7146,"Q2: Silent Shrinkflation (Weight Down, Price Flat)",Q2_Silent_Shrink,1,1
SNA-BAL-1853,Balaji Masala Wafers (Potato Chips),Balaji,Balaji Wafers,Snacks & Instant Foods,Potato Chips,1,₹10 Pack,Nitrogen Flushed Foil Pouch,10.0,10.0,48.0,35.8,g,20.83,27.93,0.0,-25.42,34.09,0.2933,0.0,-0.2933,0.9998,0.0,0.7457,"Q2: Silent Shrinkflation (Weight Down, Price Flat)",Q2_Silent_Shrink,1,1
SNA-BAL-1922,Balaji Chataka Pataka (Corn Puffs),Balaji,Balaji Wafers,Snacks & Instant Foods,Corn Puffs,1,₹5 Pack,Paper Wrapper,5.0,5.0,15.0,10.6,g,33.33,47.17,0.0,-29.33,41.52,0.3473,0.0,-0.3472,0.9997,0.0,0.7064,"Q2: Silent Shrinkflation (Weight Down, Price Flat)",Q2_Silent_Shrink,1,1
SNA-BAL-1974,Balaji Masala Wafers (Corn Puffs),Balaji,Balaji Wafers,Snacks & Instant Foods,Corn Puffs,1,₹5 Pack,Nitrogen Flushed Foil Pouch,5.0,5.0,20.0,14.0,g,25.0,35.71,0.0,-30.0,42.84,0.3566,0.0,-0.3567,1.0,0.0,0.7003,"Q2: Silent Shrinkflation (Weight Down, Price Flat)",Q2_Silent_Shrink,1,1
SNA-BAL-1995,Balaji Chataka Pataka (Potato Chips),Balaji,Balaji Wafers,Snacks & Instant Foods,Potato Chips,0,Standard / Non-LUP,Flow Wrap,117.1,157.8,100.0,84.6,g,117.1,186.52,34.76,-15.4,59.28,0.4655,0.2983,-0.1672,0.3593,0.6408,0.2598,Q3: Double Whammy (Price Up + Weight Down),Q3_Double_Whammy,1,1
SNA-BAL-2013,Balaji Chataka Pataka (Potato Chips),Balaji,Balaji Wafers,Snacks & Instant Foods,Potato Chips,1,₹20 Pack,Mono Carton Box,20.0,20.0,120.0,89.3,g,16.67,22.4,0.0,-25.58,34.37,0.2955,0.0,-0.2955,1.0,0.0,0.7443,"Q2: Silent Shrinkflation (Weight Down, Price Flat)",Q2_Silent_Shrink,1,1
SNA-BAL-2059,Balaji Chataka Pataka (Corn Puffs),Balaji,Balaji Wafers,Snacks & Instant Foods,Corn Puffs,1,₹50 Pack,Paper Wrapper,50.0,50.0,100.0,74.5,g,50.0,67.11,0.0,-25.5,34.22,0.2943,0.0,-0.2944,1.0,0.0,0.7452,"Q2: Silent Shrinkflation (Weight Down, Price Flat)",Q2_Silent_Shrink,1,1
SNA-BAL-2102,Balaji Simply Salted (Potato Chips),Balaji,Balaji Wafers,Snacks & Instant Foods,Potato Chips,0,Standard / Non-LUP,LDPE Pouch,146.0,188.0,500.0,500.0,g,29.2,37.6,28.77,0.0,28.77,0.2528,0.2528,0.0,0.0,1.0,0.0,"Q1: Overt Inflation (Price Up, Weight Flat)",Q1_Overt_Inflation,0,0
SNA-BAL-2160,Balaji Simply Salted (Corn Puffs),Balaji,Balaji Wafers,Snacks & Instant Foods,Corn Puffs,1,₹10 Pack,Mono Carton Box,10.0,10.0,35.0,27.8,g,28.57,35.97,0.0,-20.57,25.9,0.2303,0.0,-0.2303,0.9999,0.0,0.7942,"Q2: Silent Shrinkflation (Weight Down, Price Flat)",Q2_Silent_Shrink,1,1
SNA-BAL-2197,Balaji Simply Salted (Potato Chips),Balaji,Balaji Wafers,Snacks & Instant Foods,Potato Chips,0,Standard / Non-LUP,Paper Wrapper,87.2,107.5,150.0,150.0,g,58.13,71.67,23.28,0.0,23.29,0.2094,0.2093,0.0,0.0,0.9995,0.0,"Q1: Overt Inflation (Price Up, Weight Flat)",Q1_Overt_Inflation,0,0
SNA-BAL-2223,Balaji Masala Wafers (Corn Puffs),Balaji,Balaji Wafers,Snacks & Instant Foods,Corn Puffs,1,₹20 Pack,Nitrogen Flushed Foil Pouch,20.0,20.0,90.0,67.1,g,22.22,29.81,0.0,-25.44,34.16,0.2939,0.0,-0.2936,0.9992,0.0,0.7449,"Q2: Silent Shrinkflation (Weight Down, Price Flat)",Q2_Silent_Shrink,1,1
SNA-BAL-2312,Balaji Simply Salted (Potato Chips),Balaji,Balaji Wafers,Snacks & Instant Foods,Potato Chips,0,Standard / Non-LUP,Flexible Pillow Pouch,142.1,145.0,400.0,400.0,g,35.52,36.25,2.04,0.0,2.06,0.0203,0.0202,0.0,0.0,0.9931,0.0,Q4: Stable / Fair Value,Q4_Stable_Fair,0,0
SNA-BAL-2325,Balaji Chataka Pataka (Potato Chips),Balaji,Balaji Wafers,Snacks & Instant Foods,Potato Chips,1,₹50 Pack,Nitrogen Flushed Foil Pouch,50.0,50.0,100.0,81.3,g,50.0,61.5,0.0,-18.7,23.0,0.207,0.0,-0.207,1.0,0.0,0.813,"Q2: Silent Shrinkflation (Weight Down, Price Flat)",Q2_Silent_Shrink,1,1
SNA-BAL-2398,Balaji Chataka Pataka (Potato Chips),Balaji,Balaji Wafers,Snacks & Instant Foods,Potato Chips,1,₹50 Pack,Mono Carton Box,50.0,50.0,115.0,89.4,g,43.48,55.93,0.0,-22.26,28.63,0.2518,0.0,-0.2518,1.0,0.0,0.7774,"Q2: Silent Shrinkflation (Weight Down, Price Flat)",Q2_Silent_Shrink,1,1
SNA-BIK-1013,Bikaji Navratna (Traditional Namkeen),Bikaji,Bikaji Foods,Snacks & Instant Foods,Traditional Namkeen,0,Standard / Non-LUP,Flow Wrap,34.6,46.1,400.0,353.4,g,8.65,13.04,33.24,-11.65,50.75,0.4105,0.287,-0.1239,0.3018,0.6991,0.2296,Q3: Double Whammy (Price Up + Weight Down),Q3_Double_Whammy,1,1
SNA-BIK-1144,Bikaji Bhujia (Traditional Namkeen),Bikaji,Bikaji Foods,Snacks & Instant Foods,Traditional Namkeen,1,₹5 Pack,Nitrogen Flushed Foil Pouch,5.0,5.0,18.0,13.1,g,27.78,38.17,0.0,-27.22,37.4,0.3177,0.0,-0.3178,1.0,0.0,0.7278,"Q2: Silent Shrinkflation (Weight Down, Price Flat)",Q2_Silent_Shrink,1,1
SNA-BIK-1182,Bikaji Navratna (Traditional Namkeen),Bikaji,Bikaji Foods,Snacks & Instant Foods,Traditional Namkeen,1,₹50 Pack,Stand-up Spout Pouch,50.0,50.0,150.0,121.9,g,33.33,41.02,0.0,-18.73,23.07,0.2076,0.0,-0.2074,0.9992,0.0,0.8119,"Q2: Silent Shrinkflation (Weight Down, Price Flat)",Q2_Silent_Shrink,1,1
SNA-BIK-1242,Bikaji Tana Tan (Traditional Namkeen),Bikaji,Bikaji Foods,Snacks & Instant Foods,Traditional Namkeen,0,Standard / Non-LUP,Flexible Pillow Pouch,161.0,154.6,500.0,397.6,g,32.2,38.88,-3.98,-20.48,20.75,0.1885,-0.0406,-0.2292,1.0,0.0,0.9872,"Q2: Silent Shrinkflation (Weight Down, Price Flat)",Q2_Silent_Shrink,1,1
SNA-BIK-1246,Bikaji Tana Tan (Traditional Namkeen),Bikaji,Bikaji Foods,Snacks & Instant Foods,Traditional Namkeen,1,₹20 Pack,Mono Carton Box,20.0,20.0,120.0,97.5,g,16.67,20.51,0.0,-18.75,23.04,0.2073,0.0,-0.2076,1.0,0.0,0.814,"Q2: Silent Shrinkflation (Weight Down, Price Flat)",Q2_Silent_Shrink,1,1
SNA-BIK-1248,Bikaji Navratna (Traditional Namkeen),Bikaji,Bikaji Foods,Snacks & Instant Foods,Traditional Namkeen,1,₹20 Pack,Nitrogen Flushed Foil Pouch,20.0,20.0,120.0,85.5,g,16.67,23.39,0.0,-28.75,40.31,0.3387,0.0,-0.339,1.0,0.0,0.7132,"Q2: Silent Shrinkflation (Weight Down, Price Flat)",Q2_Silent_Shrink,1,1
SNA-BIK-1270,Bikaji Navratna (Traditional Namkeen),Bikaji,Bikaji Foods,Snacks & Instant Foods,Traditional Namkeen,1,₹50 Pack,Nitrogen Flushed Foil Pouch,50.0,50.0,100.0,72.9,g,50.0,68.59,0.0,-27.1,37.18,0.3161,0.0,-0.3161,0.9999,0.0,0.7289,"Q2: Silent Shrinkflation (Weight Down, Price Flat)",Q2_Silent_Shrink,1,1
SNA-BIK-1291,Bikaji Navratna (Traditional Namkeen),Bikaji,Bikaji Foods,Snacks & Instant Foods,Traditional Namkeen,1,₹50 Pack,Mono Carton Box,50.0,50.0,150.0,150.0,g,33.33,33.33,0.0,0.0,0.0,0.0,0.0,0.0,0.0,0.0,0.0,Q4: Stable / Fair Value,Q4_Stable_Fair,0,0
SNA-BIK-1314,Bikaji Navratna (Traditional Namkeen),Bikaji,Bikaji Foods,Snacks & Instant Foods,Traditional Namkeen,0,Standard / Non-LUP,HDPE Plastic Bottle,44.1,57.6,100.0,81.0,g,44.1,71.11,30.61,-19.0,61.25,0.4778,0.2671,-0.2107,0.4411,0.559,0.3102,Q3: Double Whammy (Price Up + Weight Down),Q3_Double_Whammy,1,1
SNA-BIK-1371,Bikaji Navratna (Traditional Namkeen),Bikaji,Bikaji Foods,Snacks & Instant Foods,Traditional Namkeen,0,Standard / Non-LUP,Mono Carton Box,164.0,206.8,250.0,250.0,g,65.6,82.72,26.1,0.0,26.1,0.2319,0.2319,0.0,0.0,1.0,0.0,"Q1: Overt Inflation (Price Up, Weight Flat)",Q1_Overt_Inflation,0,0
SNA-BIK-1395,Bikaji Tana Tan (Traditional Namkeen),Bikaji,Bikaji Foods,Snacks & Instant Foods,Traditional Namkeen,1,₹5 Pack,Stand-up Spout Pouch,5.0,6.0,20.0,16.9,g,25.0,35.5,20.0,-15.5,42.0,0.3507,0.1823,-0.1684,0.4803,0.5199,0.369,Q3: Double Whammy (Price Up + Weight Down),Q3_Double_Whammy,1,1
SNA-BIK-1405,Bikaji Navratna (Traditional Namkeen),Bikaji,Bikaji Foods,Snacks & Instant Foods,Traditional Namkeen,1,₹5 Pack,Nitrogen Flushed Foil Pouch,5.0,5.0,25.0,18.6,g,20.0,26.88,0.0,-25.6,34.4,0.2957,0.0,-0.2957,1.0,0.0,0.7442,"Q2: Silent Shrinkflation (Weight Down, Price Flat)",Q2_Silent_Shrink,1,1
SNA-BIK-1658,Bikaji Tana Tan (Traditional Namkeen),Bikaji,Bikaji Foods,Snacks & Instant Foods,Traditional Namkeen,1,₹10 Pack,Nitrogen Flushed Foil Pouch,10.0,10.0,30.0,22.4,g,33.33,44.64,0.0,-25.33,33.93,0.2922,0.0,-0.2921,0.9999,0.0,0.7466,"Q2: Silent Shrinkflation (Weight Down, Price Flat)",Q2_Silent_Shrink,1,1
SNA-BIK-1689,Bikaji Bhujia (Traditional Namkeen),Bikaji,Bikaji Foods,Snacks & Instant Foods,Traditional Namkeen,1,₹50 Pack,Flow Wrap,50.0,50.0,115.0,83.8,g,43.48,59.67,0.0,-27.13,37.24,0.3165,0.0,-0.3165,0.9999,0.0,0.7286,"Q2: Silent Shrinkflation (Weight Down, Price Flat)",Q2_Silent_Shrink,1,1
SNA-BIK-1710,Bikaji Tana Tan (Traditional Namkeen),Bikaji,Bikaji Foods,Snacks & Instant Foods,Traditional Namkeen,1,₹10 Pack,Mono Carton Box,10.0,13.0,55.0,44.6,g,18.18,29.15,30.0,-18.91,60.34,0.4721,0.2624,-0.2096,0.4439,0.5557,0.3134,Q3: Double Whammy (Price Up + Weight Down),Q3_Double_Whammy,1,1
SNA-BIK-1716,Bikaji Navratna (Traditional Namkeen),Bikaji,Bikaji Foods,Snacks & Instant Foods,Traditional Namkeen,0,Standard / Non-LUP,Flow Wrap,65.0,63.7,100.0,81.3,g,65.0,78.35,-2.0,-18.7,20.54,0.1868,-0.0202,-0.207,1.0,0.0,0.9105,"Q2: Silent Shrinkflation (Weight Down, Price Flat)",Q2_Silent_Shrink,1,1
SNA-BIK-1811,Bikaji Navratna (Traditional Namkeen),Bikaji,Bikaji Foods,Snacks & Instant Foods,Traditional Namkeen,1,₹50 Pack,Stand-up Spout Pouch,50.0,50.0,115.0,85.7,g,43.48,58.34,0.0,-25.48,34.18,0.294,0.0,-0.2941,1.0,0.0,0.7455,"Q2: Silent Shrinkflation (Weight Down, Price Flat)",Q2_Silent_Shrink,1,1
SNA-BIK-1869,Bikaji Navratna (Traditional Namkeen),Bikaji,Bikaji Foods,Snacks & Instant Foods,Traditional Namkeen,1,₹50 Pack,Mono Carton Box,50.0,50.0,150.0,109.3,g,33.33,45.75,0.0,-27.13,37.26,0.3167,0.0,-0.3165,0.9994,0.0,0.7281,"Q2: Silent Shrinkflation (Weight Down, Price Flat)",Q2_Silent_Shrink,1,1
SNA-BIK-1881,Bikaji Navratna (Traditional Namkeen),Bikaji,Bikaji Foods,Snacks & Instant Foods,Traditional Namkeen,0,Standard / Non-LUP,LDPE Pouch,82.6,103.7,250.0,220.9,g,33.04,46.94,25.54,-11.64,42.07,0.3512,0.2275,-0.1238,0.3524,0.6478,0.2767,Q3: Double Whammy (Price Up + Weight Down),Q3_Double_Whammy,1,1
SNA-BIK-1886,Bikaji Tana Tan (Traditional Namkeen),Bikaji,Bikaji Foods,Snacks & Instant Foods,Traditional Namkeen,1,₹10 Pack,LDPE Pouch,10.0,12.0,48.0,40.6,g,20.83,29.56,20.0,-15.42,41.91,0.35,0.1823,-0.1674,0.4783,0.5209,0.3678,Q3: Double Whammy (Price Up + Weight Down),Q3_Double_Whammy,1,1
SNA-BIK-1892,Bikaji Tana Tan (Traditional Namkeen),Bikaji,Bikaji Foods,Snacks & Instant Foods,Traditional Namkeen,1,₹50 Pack,Flow Wrap,50.0,50.0,150.0,111.8,g,33.33,44.72,0.0,-25.47,34.17,0.294,0.0,-0.2939,0.9999,0.0,0.7452,"Q2: Silent Shrinkflation (Weight Down, Price Flat)",Q2_Silent_Shrink,1,1
SNA-BIK-1958,Bikaji Bhujia (Traditional Namkeen),Bikaji,Bikaji Foods,Snacks & Instant Foods,Traditional Namkeen,1,₹5 Pack,Paper Wrapper,5.0,5.0,25.0,17.1,g,20.0,29.24,0.0,-31.6,46.2,0.3798,0.0,-0.3798,1.0,0.0,0.684,"Q2: Silent Shrinkflation (Weight Down, Price Flat)",Q2_Silent_Shrink,1,1
SNA-BIK-1992,Bikaji Bhujia (Traditional Namkeen),Bikaji,Bikaji Foods,Snacks & Instant Foods,Traditional Namkeen,0,Standard / Non-LUP,Stand-up Spout Pouch,118.0,112.1,150.0,114.1,g,78.67,98.25,-5.0,-23.93,24.89,0.2223,-0.0513,-0.2736,1.0,0.0,0.9616,"Q2: Silent Shrinkflation (Weight Down, Price Flat)",Q2_Silent_Shrink,1,1
SNA-BIK-2004,Bikaji Navratna (Traditional Namkeen),Bikaji,Bikaji Foods,Snacks & Instant Foods,Traditional Namkeen,1,₹10 Pack,HDPE Plastic Bottle,10.0,14.0,48.0,42.4,g,20.83,33.02,40.0,-11.67,58.52,0.4607,0.3365,-0.1241,0.2693,0.7303,0.1994,Q3: Double Whammy (Price Up + Weight Down),Q3_Double_Whammy,1,1
SNA-BIK-2017,Bikaji Navratna (Traditional Namkeen),Bikaji,Bikaji Foods,Snacks & Instant Foods,Traditional Namkeen,0,Standard / Non-LUP,Flow Wrap,85.0,81.6,500.0,500.0,g,17.0,16.32,-4.0,0.0,-4.0,-0.0408,-0.0408,0.0,0.0,0.0,0.0,Q4: Stable / Fair Value,Q4_Stable_Fair,0,0
SNA-BIK-2026,Bikaji Navratna (Traditional Namkeen),Bikaji,Bikaji Foods,Snacks & Instant Foods,Traditional Namkeen,1,₹5 Pack,Paper Wrapper,5.0,5.0,25.0,19.0,g,20.0,26.32,0.0,-24.0,31.6,0.2746,0.0,-0.2744,0.9994,0.0,0.7595,"Q2: Silent Shrinkflation (Weight Down, Price Flat)",Q2_Silent_Shrink,1,1
SNA-BIK-2029,Bikaji Tana Tan (Traditional Namkeen),Bikaji,Bikaji Foods,Snacks & Instant Foods,Traditional Namkeen,1,₹5 Pack,Paper Wrapper,5.0,5.0,20.0,15.3,g,25.0,32.68,0.0,-23.5,30.72,0.2679,0.0,-0.2679,1.0,0.0,0.765,"Q2: Silent Shrinkflation (Weight Down, Price Flat)",Q2_Silent_Shrink,1,1
SNA-BIK-2042,Bikaji Navratna (Traditional Namkeen),Bikaji,Bikaji Foods,Snacks & Instant Foods,Traditional Namkeen,0,Standard / Non-LUP,Stand-up Spout Pouch,54.1,54.1,300.0,300.0,g,18.03,18.03,0.0,0.0,0.0,0.0,0.0,0.0,0.0,0.0,0.0,Q4: Stable / Fair Value,Q4_Stable_Fair,0,0
SNA-BIK-2074,Bikaji Tana Tan (Traditional Namkeen),Bikaji,Bikaji Foods,Snacks & Instant Foods,Traditional Namkeen,0,Standard / Non-LUP,Flexible Pillow Pouch,152.0,149.0,200.0,152.4,g,76.0,97.77,-1.97,-23.8,28.64,0.2519,-0.0199,-0.2718,1.0,0.0,0.8309,"Q2: Silent Shrinkflation (Weight Down, Price Flat)",Q2_Silent_Shrink,1,1
SNA-BIK-2080,Bikaji Bhujia (Traditional Namkeen),Bikaji,Bikaji Foods,Snacks & Instant Foods,Traditional Namkeen,0,Standard / Non-LUP,Poly Bag,176.0,213.6,150.0,126.9,g,117.33,168.32,21.36,-15.4,43.46,0.3609,0.1936,-0.1672,0.4634,0.5365,0.3544,Q3: Double Whammy (Price Up + Weight Down),Q3_Double_Whammy,1,1
SNA-BIK-2099,Bikaji Bhujia (Traditional Namkeen),Bikaji,Bikaji Foods,Snacks & Instant Foods,Traditional Namkeen,1,₹50 Pack,Mono Carton Box,50.0,62.0,175.0,141.8,g,28.57,43.72,24.0,-18.97,53.03,0.4254,0.2151,-0.2104,0.4945,0.5056,0.3578,Q3: Double Whammy (Price Up + Weight Down),Q3_Double_Whammy,1,1
SNA-BIK-2169,Bikaji Tana Tan (Traditional Namkeen),Bikaji,Bikaji Foods,Snacks & Instant Foods,Traditional Namkeen,1,₹20 Pack,Stand-up Spout Pouch,20.0,20.0,90.0,71.5,g,22.22,27.97,0.0,-20.56,25.88,0.2301,0.0,-0.2301,0.9999,0.0,0.7943,"Q2: Silent Shrinkflation (Weight Down, Price Flat)",Q2_Silent_Shrink,1,1
SNA-BIK-2190,Bikaji Tana Tan (Traditional Namkeen),Bikaji,Bikaji Foods,Snacks & Instant Foods,Traditional Namkeen,1,₹5 Pack,Mono Carton Box,5.0,7.0,20.0,16.9,g,25.0,41.42,40.0,-15.5,65.68,0.5049,0.3365,-0.1684,0.3336,0.6664,0.236,Q3: Double Whammy (Price Up + Weight Down),Q3_Double_Whammy,1,1
SNA-BIK-2229,Bikaji Bhujia (Traditional Namkeen),Bikaji,Bikaji Foods,Snacks & Instant Foods,Traditional Namkeen,1,₹5 Pack,Paper Wrapper,5.0,5.0,18.0,14.3,g,27.78,34.97,0.0,-20.56,25.88,0.2302,0.0,-0.2301,0.9997,0.0,0.7942,"Q2: Silent Shrinkflation (Weight Down, Price Flat)",Q2_Silent_Shrink,1,1
SNA-BIK-2243,Bikaji Navratna (Traditional Namkeen),Bikaji,Bikaji Foods,Snacks & Instant Foods,Traditional Namkeen,0,Standard / Non-LUP,Nitrogen Flushed Foil Pouch,104.6,106.8,500.0,500.0,g,20.92,21.36,2.1,0.0,2.1,0.0208,0.0208,0.0,0.0,1.0,0.0,Q4: Stable / Fair Value,Q4_Stable_Fair,0,0
SNA-BIK-2257,Bikaji Navratna (Traditional Namkeen),Bikaji,Bikaji Foods,Snacks & Instant Foods,Traditional Namkeen,1,₹10 Pack,Mono Carton Box,10.0,10.0,55.0,43.8,g,18.18,22.83,0.0,-20.36,25.58,0.2278,0.0,-0.2277,0.9998,0.0,0.7962,"Q2: Silent Shrinkflation (Weight Down, Price Flat)",Q2_Silent_Shrink,1,1
SNA-BIK-2390,Bikaji Bhujia (Traditional Namkeen),Bikaji,Bikaji Foods,Snacks & Instant Foods,Traditional Namkeen,1,₹20 Pack,Flow Wrap,20.0,20.0,50.0,38.9,g,40.0,51.41,0.0,-22.2,28.52,0.251,0.0,-0.251,1.0,0.0,0.7783,"Q2: Silent Shrinkflation (Weight Down, Price Flat)",Q2_Silent_Shrink,1,1
SNA-BIN-1031,Bingo! Tedhe Medhe (Corn Chips),Bingo!,ITC Limited,Snacks & Instant Foods,Corn Chips,1,₹5 Pack,Flow Wrap,5.0,5.0,25.0,18.2,g,20.0,27.47,0.0,-27.2,37.35,0.3174,0.0,-0.3175,1.0,0.0,0.7282,"Q2: Silent Shrinkflation (Weight Down, Price Flat)",Q2_Silent_Shrink,1,1
SNA-BIN-1054,Bingo! Mad Angles (Instant Noodles),Bingo!,ITC Limited,Snacks & Instant Foods,Instant Noodles,1,₹20 Pack,HDPE Plastic Bottle,20.0,24.0,120.0,106.0,g,16.67,22.64,20.0,-11.67,35.81,0.3061,0.1823,-0.1241,0.4053,0.5956,0.3258,Q3: Double Whammy (Price Up + Weight Down),Q3_Double_Whammy,1,1
SNA-BIN-1066,Bingo! Mad Angles (Corn Chips),Bingo!,ITC Limited,Snacks & Instant Foods,Corn Chips,1,₹20 Pack,Flow Wrap,20.0,20.0,50.0,38.9,g,40.0,51.41,0.0,-22.2,28.52,0.251,0.0,-0.251,1.0,0.0,0.7783,"Q2: Silent Shrinkflation (Weight Down, Price Flat)",Q2_Silent_Shrink,1,1
SNA-BIN-1159,Bingo! Mad Angles (Corn Chips),Bingo!,ITC Limited,Snacks & Instant Foods,Corn Chips,0,Standard / Non-LUP,Mono Carton Box,126.7,174.0,500.0,500.0,g,25.34,34.8,37.33,0.0,37.33,0.3172,0.3172,0.0,0.0,1.0,0.0,"Q1: Overt Inflation (Price Up, Weight Flat)",Q1_Overt_Inflation,0,0
SNA-BIN-1173,Bingo! Hashtags (Extruded Snacks),Bingo!,ITC Limited,Snacks & Instant Foods,Extruded Snacks,0,Standard / Non-LUP,Nitrogen Flushed Foil Pouch,45.1,45.1,150.0,106.9,g,30.07,42.19,0.0,-28.73,40.31,0.3387,0.0,-0.3387,1.0,0.0,0.7129,"Q2: Silent Shrinkflation (Weight Down, Price Flat)",Q2_Silent_Shrink,1,1
SNA-BIN-1181,Bingo! Mad Angles (Extruded Snacks),Bingo!,ITC Limited,Snacks & Instant Foods,Extruded Snacks,0,Standard / Non-LUP,LDPE Pouch,130.0,124.8,200.0,152.2,g,65.0,82.0,-4.0,-23.9,26.15,0.2323,-0.0408,-0.2731,1.0,0.0,0.9138,"Q2: Silent Shrinkflation (Weight Down, Price Flat)",Q2_Silent_Shrink,1,1
SNA-BIN-1204,Bingo! Mad Angles (Corn Chips),Bingo!,ITC Limited,Snacks & Instant Foods,Corn Chips,1,₹5 Pack,LDPE Pouch,5.0,5.0,25.0,25.0,g,20.0,20.0,0.0,0.0,0.0,0.0,0.0,0.0,0.0,0.0,0.0,Q4: Stable / Fair Value,Q4_Stable_Fair,0,0
SNA-BIN-1264,Bingo! Mad Angles (Instant Noodles),Bingo!,ITC Limited,Snacks & Instant Foods,Instant Noodles,0,Standard / Non-LUP,Poly Bag,157.7,201.9,400.0,400.0,g,39.42,50.48,28.03,0.0,28.06,0.2473,0.2471,0.0,0.0,0.9991,0.0,"Q1: Overt Inflation (Price Up, Weight Flat)",Q1_Overt_Inflation,0,0
SNA-BIN-1284,Bingo! Mad Angles (Corn Chips),Bingo!,ITC Limited,Snacks & Instant Foods,Corn Chips,1,₹20 Pack,Flexible Pillow Pouch,20.0,20.0,110.0,82.0,g,18.18,24.39,0.0,-25.45,34.16,0.2939,0.0,-0.2938,0.9997,0.0,0.7452,"Q2: Silent Shrinkflation (Weight Down, Price Flat)",Q2_Silent_Shrink,1,1
SNA-BIN-1287,Bingo! Mad Angles (Extruded Snacks),Bingo!,ITC Limited,Snacks & Instant Foods,Extruded Snacks,0,Standard / Non-LUP,LDPE Pouch,95.0,98.0,400.0,311.3,g,23.75,31.48,3.16,-22.17,32.55,0.2818,0.0311,-0.2507,0.8898,0.1103,0.6813,Q3: Double Whammy (Price Up + Weight Down),Q3_Double_Whammy,1,1
SNA-BIN-1369,Bingo! Tedhe Medhe (Extruded Snacks),Bingo!,ITC Limited,Snacks & Instant Foods,Extruded Snacks,0,Standard / Non-LUP,Mono Carton Box,117.8,146.3,200.0,176.7,g,58.9,82.8,24.19,-11.65,40.58,0.3406,0.2167,-0.1239,0.3637,0.6362,0.2871,Q3: Double Whammy (Price Up + Weight Down),Q3_Double_Whammy,1,1
SNA-BIN-1554,Bingo! Hashtags (Instant Noodles),Bingo!,ITC Limited,Snacks & Instant Foods,Instant Noodles,0,Standard / Non-LUP,Nitrogen Flushed Foil Pouch,35.0,41.3,250.0,202.5,g,14.0,20.4,18.0,-19.0,45.71,0.3765,0.1655,-0.2107,0.5597,0.4396,0.4156,Q3: Double Whammy (Price Up + Weight Down),Q3_Double_Whammy,1,1
SNA-BIN-1634,Bingo! Hashtags (Extruded Snacks),Bingo!,ITC Limited,Snacks & Instant Foods,Extruded Snacks,0,Standard / Non-LUP,Stand-up Spout Pouch,64.7,63.4,400.0,284.9,g,16.18,22.25,-2.01,-28.78,37.52,0.3186,-0.0203,-0.3393,1.0,0.0,0.767,"Q2: Silent Shrinkflation (Weight Down, Price Flat)",Q2_Silent_Shrink,1,1
SNA-BIN-1646,Bingo! Tedhe Medhe (Corn Chips),Bingo!,ITC Limited,Snacks & Instant Foods,Corn Chips,0,Standard / Non-LUP,Paper Wrapper,79.4,103.0,500.0,500.0,g,15.88,20.6,29.72,0.0,29.72,0.2602,0.2602,0.0,0.0,1.0,0.0,"Q1: Overt Inflation (Price Up, Weight Flat)",Q1_Overt_Inflation,0,0
SNA-BIN-1731,Bingo! Mad Angles (Extruded Snacks),Bingo!,ITC Limited,Snacks & Instant Foods,Extruded Snacks,0,Standard / Non-LUP,HDPE Plastic Bottle,146.9,182.4,500.0,423.0,g,29.38,43.12,24.17,-15.4,46.77,0.3837,0.2164,-0.1672,0.4359,0.5642,0.3293,Q3: Double Whammy (Price Up + Weight Down),Q3_Double_Whammy,1,1
SNA-BIN-1744,Bingo! Hashtags (Instant Noodles),Bingo!,ITC Limited,Snacks & Instant Foods,Instant Noodles,1,₹20 Pack,Flow Wrap,20.0,20.0,90.0,69.9,g,22.22,28.61,0.0,-22.33,28.76,0.2528,0.0,-0.2527,0.9999,0.0,0.7766,"Q2: Silent Shrinkflation (Weight Down, Price Flat)",Q2_Silent_Shrink,1,1
SNA-BIN-1745,Bingo! Hashtags (Corn Chips),Bingo!,ITC Limited,Snacks & Instant Foods,Corn Chips,1,₹50 Pack,Mono Carton Box,50.0,50.0,125.0,99.5,g,40.0,50.25,0.0,-20.4,25.62,0.2281,0.0,-0.2282,1.0,0.0,0.7961,"Q2: Silent Shrinkflation (Weight Down, Price Flat)",Q2_Silent_Shrink,1,1
SNA-BIN-1830,Bingo! Hashtags (Extruded Snacks),Bingo!,ITC Limited,Snacks & Instant Foods,Extruded Snacks,0,Standard / Non-LUP,Stand-up Spout Pouch,42.1,41.3,300.0,209.1,g,14.03,19.75,-1.9,-30.3,40.77,0.342,-0.0192,-0.361,1.0,0.0,0.7432,"Q2: Silent Shrinkflation (Weight Down, Price Flat)",Q2_Silent_Shrink,1,1
SNA-BIN-1847,Bingo! Mad Angles (Extruded Snacks),Bingo!,ITC Limited,Snacks & Instant Foods,Extruded Snacks,1,₹20 Pack,Flow Wrap,20.0,20.0,110.0,83.8,g,18.18,23.87,0.0,-23.82,31.3,0.2723,0.0,-0.272,0.9991,0.0,0.761,"Q2: Silent Shrinkflation (Weight Down, Price Flat)",Q2_Silent_Shrink,1,1
SNA-BIN-1873,Bingo! Tedhe Medhe (Corn Chips),Bingo!,ITC Limited,Snacks & Instant Foods,Corn Chips,1,₹5 Pack,Stand-up Spout Pouch,5.0,5.0,15.0,11.7,g,33.33,42.74,0.0,-22.0,28.23,0.2487,0.0,-0.2485,0.9991,0.0,0.7792,"Q2: Silent Shrinkflation (Weight Down, Price Flat)",Q2_Silent_Shrink,1,1
SNA-BIN-1960,Bingo! Mad Angles (Corn Chips),Bingo!,ITC Limited,Snacks & Instant Foods,Corn Chips,0,Standard / Non-LUP,Flow Wrap,163.0,156.5,100.0,77.7,g,163.0,201.42,-3.99,-22.3,23.57,0.2116,-0.0407,-0.2523,1.0,0.0,0.9461,"Q2: Silent Shrinkflation (Weight Down, Price Flat)",Q2_Silent_Shrink,1,1
SNA-BIN-2202,Bingo! Mad Angles (Instant Noodles),Bingo!,ITC Limited,Snacks & Instant Foods,Instant Noodles,1,₹5 Pack,Stand-up Spout Pouch,5.0,5.0,15.0,11.1,g,33.33,45.05,0.0,-26.0,35.16,0.3013,0.0,-0.3011,0.9993,0.0,0.7394,"Q2: Silent Shrinkflation (Weight Down, Price Flat)",Q2_Silent_Shrink,1,1
SNA-BIN-2209,Bingo! Hashtags (Instant Noodles),Bingo!,ITC Limited,Snacks & Instant Foods,Instant Noodles,0,Standard / Non-LUP,HDPE Plastic Bottle,149.0,191.0,500.0,500.0,g,29.8,38.2,28.19,0.0,28.19,0.2483,0.2483,0.0,0.0,1.0,0.0,"Q1: Overt Inflation (Price Up, Weight Flat)",Q1_Overt_Inflation,0,0
SNA-BIN-2219,Bingo! Tedhe Medhe (Instant Noodles),Bingo!,ITC Limited,Snacks & Instant Foods,Instant Noodles,0,Standard / Non-LUP,Stand-up Spout Pouch,66.0,81.3,200.0,200.0,g,33.0,40.65,23.18,0.0,23.18,0.2085,0.2085,0.0,0.0,1.0,0.0,"Q1: Overt Inflation (Price Up, Weight Flat)",Q1_Overt_Inflation,0,0
SNA-BIN-2275,Bingo! Mad Angles (Corn Chips),Bingo!,ITC Limited,Snacks & Instant Foods,Corn Chips,1,₹10 Pack,Mono Carton Box,10.0,10.0,40.0,31.1,g,25.0,32.15,0.0,-22.25,28.6,0.2515,0.0,-0.2517,1.0,0.0,0.778,"Q2: Silent Shrinkflation (Weight Down, Price Flat)",Q2_Silent_Shrink,1,1
SNA-BIN-2286,Bingo! Hashtags (Corn Chips),Bingo!,ITC Limited,Snacks & Instant Foods,Corn Chips,1,₹20 Pack,Mono Carton Box,20.0,25.0,120.0,106.0,g,16.67,23.58,25.0,-11.67,41.45,0.3468,0.2231,-0.1241,0.3577,0.6435,0.2815,Q3: Double Whammy (Price Up + Weight Down),Q3_Double_Whammy,1,1
SNA-BIN-2363,Bingo! Mad Angles (Corn Chips),Bingo!,ITC Limited,Snacks & Instant Foods,Corn Chips,1,₹20 Pack,HDPE Plastic Bottle,20.0,20.0,60.0,44.6,g,33.33,44.84,0.0,-25.67,34.53,0.2966,0.0,-0.2966,0.9999,0.0,0.7432,"Q2: Silent Shrinkflation (Weight Down, Price Flat)",Q2_Silent_Shrink,1,1
SNA-BIN-2376,Bingo! Hashtags (Extruded Snacks),Bingo!,ITC Limited,Snacks & Instant Foods,Extruded Snacks,1,₹10 Pack,Poly Bag,10.0,10.0,40.0,29.7,g,25.0,33.67,0.0,-25.75,34.68,0.2977,0.0,-0.2977,1.0,0.0,0.7425,"Q2: Silent Shrinkflation (Weight Down, Price Flat)",Q2_Silent_Shrink,1,1
SNA-DOR-1126,Doritos Nacho (Potato Chips),Doritos,PepsiCo India,Snacks & Instant Foods,Potato Chips,1,₹10 Pack,Flexible Pillow Pouch,10.0,10.0,35.0,27.2,g,28.57,36.76,0.0,-22.29,28.67,0.2521,0.0,-0.2521,1.0,0.0,0.7774,"Q2: Silent Shrinkflation (Weight Down, Price Flat)",Q2_Silent_Shrink,1,1
SNA-DOR-1385,Doritos Nacho (Extruded Snacks),Doritos,PepsiCo India,Snacks & Instant Foods,Extruded Snacks,0,Standard / Non-LUP,LDPE Pouch,145.0,190.0,400.0,353.4,g,36.25,53.76,31.03,-11.65,48.3,0.3941,0.2703,-0.1239,0.3143,0.6859,0.2412,Q3: Double Whammy (Price Up + Weight Down),Q3_Double_Whammy,1,1
SNA-DOR-1698,Doritos Nacho (Corn Chips),Doritos,PepsiCo India,Snacks & Instant Foods,Corn Chips,1,₹10 Pack,Stand-up Spout Pouch,10.0,13.0,55.0,46.5,g,18.18,27.96,30.0,-15.45,53.8,0.4305,0.2624,-0.1679,0.39,0.6095,0.2873,Q3: Double Whammy (Price Up + Weight Down),Q3_Double_Whammy,1,1
SNA-DOR-1738,Doritos Nacho (Extruded Snacks),Doritos,PepsiCo India,Snacks & Instant Foods,Extruded Snacks,1,₹50 Pack,Nitrogen Flushed Foil Pouch,50.0,50.0,115.0,82.0,g,43.48,60.98,0.0,-28.7,40.25,0.3382,0.0,-0.3382,0.9999,0.0,0.713,"Q2: Silent Shrinkflation (Weight Down, Price Flat)",Q2_Silent_Shrink,1,1
SNA-DOR-1866,Doritos Nacho (Extruded Snacks),Doritos,PepsiCo India,Snacks & Instant Foods,Extruded Snacks,1,₹5 Pack,Flexible Pillow Pouch,5.0,5.0,15.0,10.9,g,33.33,45.87,0.0,-27.33,37.62,0.3194,0.0,-0.3193,0.9998,0.0,0.7265,"Q2: Silent Shrinkflation (Weight Down, Price Flat)",Q2_Silent_Shrink,1,1
SNA-DOR-1909,Doritos Nacho (Corn Chips),Doritos,PepsiCo India,Snacks & Instant Foods,Corn Chips,1,₹5 Pack,Flexible Pillow Pouch,5.0,6.0,18.0,15.9,g,27.78,37.74,20.0,-11.67,35.85,0.3064,0.1823,-0.1241,0.4049,0.595,0.3254,Q3: Double Whammy (Price Up + Weight Down),Q3_Double_Whammy,1,1
SNA-DOR-1985,Doritos Nacho (Corn Chips),Doritos,PepsiCo India,Snacks & Instant Foods,Corn Chips,1,₹5 Pack,Poly Bag,5.0,5.0,20.0,20.0,g,25.0,25.0,0.0,0.0,0.0,0.0,0.0,0.0,0.0,0.0,0.0,Q4: Stable / Fair Value,Q4_Stable_Fair,0,0
SNA-DOR-2076,Doritos Nacho (Corn Chips),Doritos,PepsiCo India,Snacks & Instant Foods,Corn Chips,0,Standard / Non-LUP,Flexible Pillow Pouch,110.4,145.0,300.0,300.0,g,36.8,48.33,31.34,0.0,31.33,0.2726,0.2726,0.0,0.0,1.0,0.0,"Q1: Overt Inflation (Price Up, Weight Flat)",Q1_Overt_Inflation,0,0
SNA-HAL-1001,Haldiram's Aloo Bhujia (Traditional Namkeen),Haldiram's,Haldiram Snacks,Snacks & Instant Foods,Traditional Namkeen,0,Standard / Non-LUP,Nitrogen Flushed Foil Pouch,71.0,68.2,150.0,150.0,g,47.33,45.47,-3.94,0.0,-3.93,-0.0401,-0.0402,0.0,0.0,0.0,0.0,Q4: Stable / Fair Value,Q4_Stable_Fair,0,0
SNA-HAL-1040,Haldiram's Bhujia Sev (Sev & Mixtures),Haldiram's,Haldiram Snacks,Snacks & Instant Foods,Sev & Mixtures,1,₹20 Pack,Paper Wrapper,20.0,20.0,60.0,46.6,g,33.33,42.92,0.0,-22.33,28.77,0.2529,0.0,-0.2527,0.9995,0.0,0.7762,"Q2: Silent Shrinkflation (Weight Down, Price Flat)",Q2_Silent_Shrink,1,1
SNA-HAL-1070,Haldiram's Khatta Meetha (Traditional Namkeen),Haldiram's,Haldiram Snacks,Snacks & Instant Foods,Traditional Namkeen,0,Standard / Non-LUP,Paper Wrapper,81.7,82.6,400.0,400.0,g,20.43,20.65,1.1,0.0,1.08,0.0107,0.011,0.0,0.0,1.0,0.0,Q4: Stable / Fair Value,Q4_Stable_Fair,0,0
SNA-HAL-1081,Haldiram's Khatta Meetha (Traditional Namkeen),Haldiram's,Haldiram Snacks,Snacks & Instant Foods,Traditional Namkeen,1,₹5 Pack,Poly Bag,5.0,5.0,18.0,13.7,g,27.78,36.5,0.0,-23.89,31.39,0.273,0.0,-0.273,0.9999,0.0,0.761,"Q2: Silent Shrinkflation (Weight Down, Price Flat)",Q2_Silent_Shrink,1,1
SNA-HAL-1135,Haldiram's Khatta Meetha (Fried Pulses),Haldiram's,Haldiram Snacks,Snacks & Instant Foods,Fried Pulses,1,₹20 Pack,Flow Wrap,20.0,20.0,60.0,46.7,g,33.33,42.83,0.0,-22.17,28.5,0.2508,0.0,-0.2506,0.9993,0.0,0.7777,"Q2: Silent Shrinkflation (Weight Down, Price Flat)",Q2_Silent_Shrink,1,1
SNA-HAL-1142,Haldiram's Bhujia Sev (Sev & Mixtures),Haldiram's,Haldiram Snacks,Snacks & Instant Foods,Sev & Mixtures,1,₹50 Pack,Paper Wrapper,50.0,50.0,115.0,87.6,g,43.48,57.08,0.0,-23.83,31.28,0.2722,0.0,-0.2722,1.0,0.0,0.7617,"Q2: Silent Shrinkflation (Weight Down, Price Flat)",Q2_Silent_Shrink,1,1
SNA-HAL-1166,Haldiram's Aloo Bhujia (Fried Pulses),Haldiram's,Haldiram Snacks,Snacks & Instant Foods,Fried Pulses,1,₹10 Pack,Flexible Pillow Pouch,10.0,14.0,30.0,26.5,g,33.33,52.83,40.0,-11.67,58.51,0.4606,0.3365,-0.1241,0.2693,0.7305,0.1994,Q3: Double Whammy (Price Up + Weight Down),Q3_Double_Whammy,1,1
SNA-HAL-1175,Haldiram's Bhujia Sev (Traditional Namkeen),Haldiram's,Haldiram Snacks,Snacks & Instant Foods,Traditional Namkeen,0,Standard / Non-LUP,HDPE Plastic Bottle,111.4,113.7,150.0,114.3,g,74.27,99.48,2.06,-23.8,33.94,0.2922,0.0204,-0.2718,0.9301,0.0699,0.7012,"Q2: Silent Shrinkflation (Weight Down, Price Flat)",Q2_Silent_Shrink,1,1
SNA-HAL-1197,Haldiram's Moong Dal (Fried Pulses),Haldiram's,Haldiram Snacks,Snacks & Instant Foods,Fried Pulses,0,Standard / Non-LUP,Flow Wrap,101.6,141.0,200.0,169.2,g,50.8,83.33,38.78,-15.4,64.04,0.4949,0.3277,-0.1672,0.3379,0.6622,0.2405,Q3: Double Whammy (Price Up + Weight Down),Q3_Double_Whammy,1,1
SNA-HAL-1215,Haldiram's Aloo Bhujia (Traditional Namkeen),Haldiram's,Haldiram Snacks,Snacks & Instant Foods,Traditional Namkeen,1,₹5 Pack,Poly Bag,5.0,5.0,18.0,13.7,g,27.78,36.5,0.0,-23.89,31.39,0.273,0.0,-0.273,0.9999,0.0,0.761,"Q2: Silent Shrinkflation (Weight Down, Price Flat)",Q2_Silent_Shrink,1,1
SNA-HAL-1222,Haldiram's Moong Dal (Sev & Mixtures),Haldiram's,Haldiram Snacks,Snacks & Instant Foods,Sev & Mixtures,0,Standard / Non-LUP,Flexible Pillow Pouch,105.4,111.0,400.0,297.8,g,26.35,37.27,5.31,-25.55,41.44,0.3467,0.0518,-0.295,0.851,0.1493,0.6165,Q3: Double Whammy (Price Up + Weight Down),Q3_Double_Whammy,1,1
SNA-HAL-1225,Haldiram's Khatta Meetha (Traditional Namkeen),Haldiram's,Haldiram Snacks,Snacks & Instant Foods,Traditional Namkeen,1,₹5 Pack,Stand-up Spout Pouch,5.0,5.0,15.0,11.1,g,33.33,45.05,0.0,-26.0,35.16,0.3013,0.0,-0.3011,0.9993,0.0,0.7394,"Q2: Silent Shrinkflation (Weight Down, Price Flat)",Q2_Silent_Shrink,1,1
SNA-HAL-1259,Haldiram's Khatta Meetha (Traditional Namkeen),Haldiram's,Haldiram Snacks,Snacks & Instant Foods,Traditional Namkeen,1,₹20 Pack,Poly Bag,20.0,26.0,60.0,50.8,g,33.33,51.18,30.0,-15.33,53.56,0.4289,0.2624,-0.1664,0.3881,0.6117,0.2863,Q3: Double Whammy (Price Up + Weight Down),Q3_Double_Whammy,1,1
SNA-HAL-1283,Haldiram's Khatta Meetha (Sev & Mixtures),Haldiram's,Haldiram Snacks,Snacks & Instant Foods,Sev & Mixtures,1,₹20 Pack,LDPE Pouch,20.0,20.0,60.0,44.7,g,33.33,44.74,0.0,-25.5,34.23,0.2944,0.0,-0.2944,0.9999,0.0,0.7449,"Q2: Silent Shrinkflation (Weight Down, Price Flat)",Q2_Silent_Shrink,1,1
SNA-HAL-1312,Haldiram's Aloo Bhujia (Fried Pulses),Haldiram's,Haldiram Snacks,Snacks & Instant Foods,Fried Pulses,1,₹5 Pack,LDPE Pouch,5.0,5.0,15.0,10.5,g,33.33,47.62,0.0,-30.0,42.87,0.3568,0.0,-0.3567,0.9997,0.0,0.6997,"Q2: Silent Shrinkflation (Weight Down, Price Flat)",Q2_Silent_Shrink,1,1
SNA-HAL-1331,Haldiram's Bhujia Sev (Fried Pulses),Haldiram's,Haldiram Snacks,Snacks & Instant Foods,Fried Pulses,1,₹20 Pack,HDPE Plastic Bottle,20.0,20.0,60.0,60.0,g,33.33,33.33,0.0,0.0,0.0,0.0,0.0,0.0,0.0,0.0,0.0,Q4: Stable / Fair Value,Q4_Stable_Fair,0,0
SNA-HAL-1358,Haldiram's Bhujia Sev (Fried Pulses),Haldiram's,Haldiram Snacks,Snacks & Instant Foods,Fried Pulses,1,₹50 Pack,HDPE Plastic Bottle,50.0,62.0,115.0,101.6,g,43.48,61.02,24.0,-11.65,40.34,0.3389,0.2151,-0.1239,0.3656,0.6347,0.2888,Q3: Double Whammy (Price Up + Weight Down),Q3_Double_Whammy,1,1
SNA-HAL-1368,Haldiram's Khatta Meetha (Traditional Namkeen),Haldiram's,Haldiram Snacks,Snacks & Instant Foods,Traditional Namkeen,1,₹5 Pack,Flow Wrap,5.0,6.0,18.0,15.2,g,27.78,39.47,20.0,-15.56,42.08,0.3512,0.1823,-0.1691,0.4814,0.5191,0.3697,Q3: Double Whammy (Price Up + Weight Down),Q3_Double_Whammy,1,1
SNA-HAL-1374,Haldiram's Bhujia Sev (Fried Pulses),Haldiram's,Haldiram Snacks,Snacks & Instant Foods,Fried Pulses,0,Standard / Non-LUP,Poly Bag,43.0,41.3,300.0,238.6,g,14.33,17.31,-3.95,-20.47,20.8,0.1889,-0.0403,-0.229,1.0,0.0,0.9842,"Q2: Silent Shrinkflation (Weight Down, Price Flat)",Q2_Silent_Shrink,1,1
SNA-HAL-1414,Haldiram's Chana Jor (Fried Pulses),Haldiram's,Haldiram Snacks,Snacks & Instant Foods,Fried Pulses,0,Standard / Non-LUP,Nitrogen Flushed Foil Pouch,170.0,214.7,200.0,200.0,g,85.0,107.35,26.29,0.0,26.29,0.2334,0.2334,0.0,0.0,1.0,0.0,"Q1: Overt Inflation (Price Up, Weight Flat)",Q1_Overt_Inflation,0,0
SNA-HAL-1436,Haldiram's Bhujia Sev (Traditional Namkeen),Haldiram's,Haldiram Snacks,Snacks & Instant Foods,Traditional Namkeen,1,₹50 Pack,Flexible Pillow Pouch,50.0,50.0,125.0,97.3,g,40.0,51.39,0.0,-22.16,28.48,0.2506,0.0,-0.2505,0.9998,0.0,0.7782,"Q2: Silent Shrinkflation (Weight Down, Price Flat)",Q2_Silent_Shrink,1,1
SNA-HAL-1498,Haldiram's Bhujia Sev (Sev & Mixtures),Haldiram's,Haldiram Snacks,Snacks & Instant Foods,Sev & Mixtures,1,₹5 Pack,Mono Carton Box,5.0,5.0,15.0,11.7,g,33.33,42.74,0.0,-22.0,28.23,0.2487,0.0,-0.2485,0.9991,0.0,0.7792,"Q2: Silent Shrinkflation (Weight Down, Price Flat)",Q2_Silent_Shrink,1,1
SNA-HAL-1535,Haldiram's Bhujia Sev (Sev & Mixtures),Haldiram's,Haldiram Snacks,Snacks & Instant Foods,Sev & Mixtures,1,₹5 Pack,LDPE Pouch,5.0,5.0,20.0,15.9,g,25.0,31.45,0.0,-20.5,25.8,0.2295,0.0,-0.2294,0.9995,0.0,0.7946,"Q2: Silent Shrinkflation (Weight Down, Price Flat)",Q2_Silent_Shrink,1,1
SNA-HAL-1565,Haldiram's Aloo Bhujia (Traditional Namkeen),Haldiram's,Haldiram Snacks,Snacks & Instant Foods,Traditional Namkeen,1,₹5 Pack,Nitrogen Flushed Foil Pouch,5.0,5.0,18.0,14.0,g,27.78,35.71,0.0,-22.22,28.55,0.2511,0.0,-0.2513,1.0,0.0,0.7785,"Q2: Silent Shrinkflation (Weight Down, Price Flat)",Q2_Silent_Shrink,1,1
SNA-HAL-1597,Haldiram's Aloo Bhujia (Sev & Mixtures),Haldiram's,Haldiram Snacks,Snacks & Instant Foods,Sev & Mixtures,0,Standard / Non-LUP,Flow Wrap,77.9,77.9,400.0,304.4,g,19.48,25.59,0.0,-23.9,31.37,0.2728,0.0,-0.2731,1.0,0.0,0.762,"Q2: Silent Shrinkflation (Weight Down, Price Flat)",Q2_Silent_Shrink,1,1
SNA-HAL-1674,Haldiram's Moong Dal (Sev & Mixtures),Haldiram's,Haldiram Snacks,Snacks & Instant Foods,Sev & Mixtures,0,Standard / Non-LUP,Flow Wrap,59.8,57.9,100.0,77.9,g,59.8,74.33,-3.18,-22.1,24.3,0.2175,-0.0323,-0.2497,1.0,0.0,0.9096,"Q2: Silent Shrinkflation (Weight Down, Price Flat)",Q2_Silent_Shrink,1,1
SNA-HAL-1690,Haldiram's Aloo Bhujia (Sev & Mixtures),Haldiram's,Haldiram Snacks,Snacks & Instant Foods,Sev & Mixtures,1,₹10 Pack,HDPE Plastic Bottle,10.0,10.0,55.0,40.1,g,18.18,24.94,0.0,-27.09,37.18,0.3162,0.0,-0.316,0.9994,0.0,0.7286,"Q2: Silent Shrinkflation (Weight Down, Price Flat)",Q2_Silent_Shrink,1,1
SNA-HAL-1750,Haldiram's Chana Jor (Traditional Namkeen),Haldiram's,Haldiram Snacks,Snacks & Instant Foods,Traditional Namkeen,0,Standard / Non-LUP,Nitrogen Flushed Foil Pouch,61.4,80.0,150.0,126.9,g,40.93,63.04,30.29,-15.4,54.02,0.4319,0.2646,-0.1672,0.3872,0.6127,0.2851,Q3: Double Whammy (Price Up + Weight Down),Q3_Double_Whammy,1,1
SNA-HAL-1753,Haldiram's Chana Jor (Fried Pulses),Haldiram's,Haldiram Snacks,Snacks & Instant Foods,Fried Pulses,1,₹50 Pack,Nitrogen Flushed Foil Pouch,50.0,50.0,115.0,80.2,g,43.48,62.34,0.0,-30.26,43.38,0.3603,0.0,-0.3604,1.0,0.0,0.6976,"Q2: Silent Shrinkflation (Weight Down, Price Flat)",Q2_Silent_Shrink,1,1
SNA-HAL-1762,Haldiram's Khatta Meetha (Traditional Namkeen),Haldiram's,Haldiram Snacks,Snacks & Instant Foods,Traditional Namkeen,0,Standard / Non-LUP,Nitrogen Flushed Foil Pouch,115.2,150.7,300.0,300.0,g,38.4,50.23,30.82,0.0,30.81,0.2686,0.2686,0.0,0.0,1.0,0.0,"Q1: Overt Inflation (Price Up, Weight Flat)",Q1_Overt_Inflation,0,0
SNA-HAL-1781,Haldiram's Bhujia Sev (Sev & Mixtures),Haldiram's,Haldiram Snacks,Snacks & Instant Foods,Sev & Mixtures,0,Standard / Non-LUP,Mono Carton Box,173.0,204.5,100.0,100.0,g,173.0,204.5,18.21,0.0,18.21,0.1673,0.1673,0.0,0.0,1.0,0.0,"Q1: Overt Inflation (Price Up, Weight Flat)",Q1_Overt_Inflation,0,0
SNA-HAL-1836,Haldiram's Bhujia Sev (Traditional Namkeen),Haldiram's,Haldiram Snacks,Snacks & Instant Foods,Traditional Namkeen,1,₹5 Pack,Nitrogen Flushed Foil Pouch,5.0,6.0,15.0,12.7,g,33.33,47.24,20.0,-15.33,41.73,0.3488,0.1823,-0.1664,0.4772,0.5227,0.3674,Q3: Double Whammy (Price Up + Weight Down),Q3_Double_Whammy,1,1
SNA-HAL-1841,Haldiram's Khatta Meetha (Traditional Namkeen),Haldiram's,Haldiram Snacks,Snacks & Instant Foods,Traditional Namkeen,1,₹20 Pack,Poly Bag,20.0,20.0,75.0,75.0,g,26.67,26.67,0.0,0.0,0.0,0.0,0.0,0.0,0.0,0.0,0.0,Q4: Stable / Fair Value,Q4_Stable_Fair,0,0
SNA-HAL-1848,Haldiram's Bhujia Sev (Traditional Namkeen),Haldiram's,Haldiram Snacks,Snacks & Instant Foods,Traditional Namkeen,0,Standard / Non-LUP,Paper Wrapper,60.8,78.0,150.0,150.0,g,40.53,52.0,28.29,0.0,28.3,0.2492,0.2491,0.0,0.0,0.9997,0.0,"Q1: Overt Inflation (Price Up, Weight Flat)",Q1_Overt_Inflation,0,0
SNA-HAL-1870,Haldiram's Chana Jor (Sev & Mixtures),Haldiram's,Haldiram Snacks,Snacks & Instant Foods,Sev & Mixtures,1,₹50 Pack,Flexible Pillow Pouch,50.0,50.0,150.0,119.4,g,33.33,41.88,0.0,-20.4,25.65,0.2284,0.0,-0.2282,0.9991,0.0,0.7952,"Q2: Silent Shrinkflation (Weight Down, Price Flat)",Q2_Silent_Shrink,1,1
SNA-HAL-1885,Haldiram's Aloo Bhujia (Fried Pulses),Haldiram's,Haldiram Snacks,Snacks & Instant Foods,Fried Pulses,0,Standard / Non-LUP,LDPE Pouch,119.6,115.9,250.0,190.4,g,47.84,60.87,-3.09,-23.84,27.24,0.2409,-0.0314,-0.2723,1.0,0.0,0.8753,"Q2: Silent Shrinkflation (Weight Down, Price Flat)",Q2_Silent_Shrink,1,1
SNA-HAL-1902,Haldiram's Aloo Bhujia (Traditional Namkeen),Haldiram's,Haldiram Snacks,Snacks & Instant Foods,Traditional Namkeen,1,₹5 Pack,Paper Wrapper,5.0,5.0,18.0,13.7,g,27.78,36.5,0.0,-23.89,31.39,0.273,0.0,-0.273,0.9999,0.0,0.761,"Q2: Silent Shrinkflation (Weight Down, Price Flat)",Q2_Silent_Shrink,1,1
SNA-HAL-1903,Haldiram's Khatta Meetha (Traditional Namkeen),Haldiram's,Haldiram Snacks,Snacks & Instant Foods,Traditional Namkeen,1,₹50 Pack,Nitrogen Flushed Foil Pouch,50.0,62.0,100.0,81.0,g,50.0,76.54,24.0,-19.0,53.08,0.4258,0.2151,-0.2107,0.4949,0.5052,0.358,Q3: Double Whammy (Price Up + Weight Down),Q3_Double_Whammy,1,1
SNA-HAL-1921,Haldiram's Chana Jor (Sev & Mixtures),Haldiram's,Haldiram Snacks,Snacks & Instant Foods,Sev & Mixtures,1,₹10 Pack,HDPE Plastic Bottle,10.0,10.0,40.0,30.5,g,25.0,32.79,0.0,-23.75,31.16,0.2712,0.0,-0.2712,0.9996,0.0,0.7622,"Q2: Silent Shrinkflation (Weight Down, Price Flat)",Q2_Silent_Shrink,1,1
SNA-HAL-1950,Haldiram's Chana Jor (Traditional Namkeen),Haldiram's,Haldiram Snacks,Snacks & Instant Foods,Traditional Namkeen,0,Standard / Non-LUP,Flow Wrap,157.4,193.8,500.0,423.0,g,31.48,45.82,23.13,-15.4,45.55,0.3754,0.208,-0.1672,0.4455,0.5542,0.3381,Q3: Double Whammy (Price Up + Weight Down),Q3_Double_Whammy,1,1
SNA-HAL-2009,Haldiram's Khatta Meetha (Traditional Namkeen),Haldiram's,Haldiram Snacks,Snacks & Instant Foods,Traditional Namkeen,1,₹50 Pack,HDPE Plastic Bottle,50.0,62.0,175.0,154.6,g,28.57,40.1,24.0,-11.66,40.36,0.339,0.2151,-0.1239,0.3656,0.6345,0.2889,Q3: Double Whammy (Price Up + Weight Down),Q3_Double_Whammy,1,1
SNA-HAL-2082,Haldiram's Khatta Meetha (Fried Pulses),Haldiram's,Haldiram Snacks,Snacks & Instant Foods,Fried Pulses,0,Standard / Non-LUP,Mono Carton Box,155.8,194.0,500.0,423.0,g,31.16,45.86,24.52,-15.4,47.18,0.3865,0.2193,-0.1672,0.4327,0.5674,0.3264,Q3: Double Whammy (Price Up + Weight Down),Q3_Double_Whammy,1,1
SNA-HAL-2185,Haldiram's Aloo Bhujia (Sev & Mixtures),Haldiram's,Haldiram Snacks,Snacks & Instant Foods,Sev & Mixtures,1,₹20 Pack,Flow Wrap,20.0,20.0,110.0,80.2,g,18.18,24.94,0.0,-27.09,37.18,0.3162,0.0,-0.316,0.9994,0.0,0.7286,"Q2: Silent Shrinkflation (Weight Down, Price Flat)",Q2_Silent_Shrink,1,1
SNA-HAL-2194,Haldiram's Chana Jor (Sev & Mixtures),Haldiram's,Haldiram Snacks,Snacks & Instant Foods,Sev & Mixtures,1,₹20 Pack,HDPE Plastic Bottle,20.0,20.0,90.0,64.2,g,22.22,31.15,0.0,-28.67,40.19,0.3378,0.0,-0.3378,1.0,0.0,0.7133,"Q2: Silent Shrinkflation (Weight Down, Price Flat)",Q2_Silent_Shrink,1,1
SNA-HAL-2196,Haldiram's Chana Jor (Traditional Namkeen),Haldiram's,Haldiram Snacks,Snacks & Instant Foods,Traditional Namkeen,0,Standard / Non-LUP,Flexible Pillow Pouch,149.9,178.4,250.0,250.0,g,59.96,71.36,19.01,0.0,19.01,0.1741,0.1741,0.0,0.0,1.0,0.0,"Q1: Overt Inflation (Price Up, Weight Flat)",Q1_Overt_Inflation,0,0
SNA-HAL-2204,Haldiram's Moong Dal (Fried Pulses),Haldiram's,Haldiram Snacks,Snacks & Instant Foods,Fried Pulses,1,₹5 Pack,Flow Wrap,5.0,5.0,20.0,15.2,g,25.0,32.89,0.0,-24.0,31.56,0.2743,0.0,-0.2744,1.0,0.0,0.7605,"Q2: Silent Shrinkflation (Weight Down, Price Flat)",Q2_Silent_Shrink,1,1
SNA-HAL-2276,Haldiram's Bhujia Sev (Fried Pulses),Haldiram's,Haldiram Snacks,Snacks & Instant Foods,Fried Pulses,1,₹5 Pack,LDPE Pouch,5.0,5.0,25.0,17.8,g,20.0,28.09,0.0,-28.8,40.45,0.3397,0.0,-0.3397,1.0,0.0,0.712,"Q2: Silent Shrinkflation (Weight Down, Price Flat)",Q2_Silent_Shrink,1,1
SNA-HAL-2290,Haldiram's Moong Dal (Fried Pulses),Haldiram's,Haldiram Snacks,Snacks & Instant Foods,Fried Pulses,0,Standard / Non-LUP,Mono Carton Box,146.0,141.5,300.0,243.8,g,48.67,58.04,-3.08,-18.73,19.25,0.1761,-0.0313,-0.2074,1.0,0.0,0.9731,"Q2: Silent Shrinkflation (Weight Down, Price Flat)",Q2_Silent_Shrink,1,1
SNA-HAL-2309,Haldiram's Bhujia Sev (Traditional Namkeen),Haldiram's,Haldiram Snacks,Snacks & Instant Foods,Traditional Namkeen,0,Standard / Non-LUP,Stand-up Spout Pouch,58.6,78.0,400.0,400.0,g,14.65,19.5,33.11,0.0,33.11,0.286,0.286,0.0,0.0,1.0,0.0,"Q1: Overt Inflation (Price Up, Weight Flat)",Q1_Overt_Inflation,0,0
SNA-HAL-2313,Haldiram's Aloo Bhujia (Fried Pulses),Haldiram's,Haldiram Snacks,Snacks & Instant Foods,Fried Pulses,1,₹10 Pack,Paper Wrapper,10.0,14.0,35.0,28.4,g,28.57,49.3,40.0,-18.86,72.56,0.5456,0.3365,-0.209,0.383,0.6167,0.2599,Q3: Double Whammy (Price Up + Weight Down),Q3_Double_Whammy,1,1
SNA-HAL-2327,Haldiram's Chana Jor (Sev & Mixtures),Haldiram's,Haldiram Snacks,Snacks & Instant Foods,Sev & Mixtures,1,₹20 Pack,LDPE Pouch,20.0,20.0,110.0,80.1,g,18.18,24.97,0.0,-27.18,37.35,0.3174,0.0,-0.3172,0.9995,0.0,0.7278,"Q2: Silent Shrinkflation (Weight Down, Price Flat)",Q2_Silent_Shrink,1,1
SNA-HAL-2339,Haldiram's Bhujia Sev (Traditional Namkeen),Haldiram's,Haldiram Snacks,Snacks & Instant Foods,Traditional Namkeen,1,₹10 Pack,Stand-up Spout Pouch,10.0,10.0,48.0,35.0,g,20.83,28.57,0.0,-27.08,37.16,0.316,0.0,-0.3159,0.9997,0.0,0.7289,"Q2: Silent Shrinkflation (Weight Down, Price Flat)",Q2_Silent_Shrink,1,1
SNA-HAL-2357,Haldiram's Moong Dal (Fried Pulses),Haldiram's,Haldiram Snacks,Snacks & Instant Foods,Fried Pulses,1,₹20 Pack,Flow Wrap,20.0,20.0,110.0,83.8,g,18.18,23.87,0.0,-23.82,31.3,0.2723,0.0,-0.272,0.9991,0.0,0.761,"Q2: Silent Shrinkflation (Weight Down, Price Flat)",Q2_Silent_Shrink,1,1
SNA-HAL-2371,Haldiram's Bhujia Sev (Sev & Mixtures),Haldiram's,Haldiram Snacks,Snacks & Instant Foods,Sev & Mixtures,1,₹5 Pack,Paper Wrapper,5.0,5.0,25.0,18.2,g,20.0,27.47,0.0,-27.2,37.35,0.3174,0.0,-0.3175,1.0,0.0,0.7282,"Q2: Silent Shrinkflation (Weight Down, Price Flat)",Q2_Silent_Shrink,1,1
SNA-KUR-1009,Kurkure Masala Munch (Potato Chips),Kurkure,PepsiCo India,Snacks & Instant Foods,Potato Chips,0,Standard / Non-LUP,Flexible Pillow Pouch,155.5,155.5,200.0,159.1,g,77.75,97.74,0.0,-20.45,25.71,0.2288,0.0,-0.2288,0.9999,0.0,0.7954,"Q2: Silent Shrinkflation (Weight Down, Price Flat)",Q2_Silent_Shrink,1,1
SNA-KUR-1019,Kurkure Masala Munch (Extruded Snacks),Kurkure,PepsiCo India,Snacks & Instant Foods,Extruded Snacks,0,Standard / Non-LUP,Nitrogen Flushed Foil Pouch,162.4,210.2,100.0,100.0,g,162.4,210.2,29.43,0.0,29.43,0.258,0.258,0.0,0.0,1.0,0.0,"Q1: Overt Inflation (Price Up, Weight Flat)",Q1_Overt_Inflation,0,0
SNA-KUR-1043,Kurkure Chilli Chatka (Corn Chips),Kurkure,PepsiCo India,Snacks & Instant Foods,Corn Chips,0,Standard / Non-LUP,Paper Wrapper,102.0,127.3,500.0,500.0,g,20.4,25.46,24.8,0.0,24.8,0.2216,0.2216,0.0,0.0,1.0,0.0,"Q1: Overt Inflation (Price Up, Weight Flat)",Q1_Overt_Inflation,0,0
SNA-KUR-1052,Kurkure Masala Munch (Corn Chips),Kurkure,PepsiCo India,Snacks & Instant Foods,Corn Chips,1,₹10 Pack,Paper Wrapper,10.0,10.0,55.0,40.0,g,18.18,25.0,0.0,-27.27,37.51,0.3186,0.0,-0.3185,0.9997,0.0,0.727,"Q2: Silent Shrinkflation (Weight Down, Price Flat)",Q2_Silent_Shrink,1,1
SNA-KUR-1062,Kurkure Chilli Chatka (Extruded Snacks),Kurkure,PepsiCo India,Snacks & Instant Foods,Extruded Snacks,0,Standard / Non-LUP,Flow Wrap,74.5,100.0,200.0,200.0,g,37.25,50.0,34.23,0.0,34.23,0.2944,0.2944,0.0,0.0,1.0,0.0,"Q1: Overt Inflation (Price Up, Weight Flat)",Q1_Overt_Inflation,0,0
SNA-KUR-1084,Kurkure Masala Munch (Extruded Snacks),Kurkure,PepsiCo India,Snacks & Instant Foods,Extruded Snacks,1,₹20 Pack,Flow Wrap,20.0,20.0,90.0,67.0,g,22.22,29.85,0.0,-25.56,34.34,0.2952,0.0,-0.2951,0.9997,0.0,0.7442,"Q2: Silent Shrinkflation (Weight Down, Price Flat)",Q2_Silent_Shrink,1,1
SNA-KUR-1091,Kurkure Masala Munch (Corn Chips),Kurkure,PepsiCo India,Snacks & Instant Foods,Corn Chips,1,₹10 Pack,LDPE Pouch,10.0,10.0,40.0,29.1,g,25.0,34.36,0.0,-27.25,37.44,0.318,0.0,-0.3181,1.0,0.0,0.7278,"Q2: Silent Shrinkflation (Weight Down, Price Flat)",Q2_Silent_Shrink,1,1
SNA-KUR-1098,Kurkure Masala Munch (Extruded Snacks),Kurkure,PepsiCo India,Snacks & Instant Foods,Extruded Snacks,1,₹5 Pack,Flexible Pillow Pouch,5.0,5.0,25.0,19.1,g,20.0,26.18,0.0,-23.6,30.9,0.2693,0.0,-0.2692,0.9997,0.0,0.7638,"Q2: Silent Shrinkflation (Weight Down, Price Flat)",Q2_Silent_Shrink,1,1
SNA-KUR-1198,Kurkure Masala Munch (Extruded Snacks),Kurkure,PepsiCo India,Snacks & Instant Foods,Extruded Snacks,1,₹50 Pack,HDPE Plastic Bottle,50.0,58.0,115.0,101.6,g,43.48,57.09,16.0,-11.65,31.3,0.2723,0.1484,-0.1239,0.4549,0.545,0.3723,Q3: Double Whammy (Price Up + Weight Down),Q3_Double_Whammy,1,1
SNA-KUR-1203,Kurkure Masala Munch (Corn Chips),Kurkure,PepsiCo India,Snacks & Instant Foods,Corn Chips,1,₹5 Pack,Nitrogen Flushed Foil Pouch,5.0,6.0,20.0,16.2,g,25.0,37.04,20.0,-19.0,48.16,0.3931,0.1823,-0.2107,0.536,0.4638,0.3945,Q3: Double Whammy (Price Up + Weight Down),Q3_Double_Whammy,1,1
SNA-KUR-1209,Kurkure Chilli Chatka (Extruded Snacks),Kurkure,PepsiCo India,Snacks & Instant Foods,Extruded Snacks,1,₹10 Pack,Poly Bag,10.0,10.0,40.0,32.5,g,25.0,30.77,0.0,-18.75,23.08,0.2077,0.0,-0.2076,0.9999,0.0,0.8124,"Q2: Silent Shrinkflation (Weight Down, Price Flat)",Q2_Silent_Shrink,1,1
SNA-KUR-1346,Kurkure Chilli Chatka (Potato Chips),Kurkure,PepsiCo India,Snacks & Instant Foods,Potato Chips,1,₹20 Pack,Paper Wrapper,20.0,20.0,90.0,71.5,g,22.22,27.97,0.0,-20.56,25.88,0.2301,0.0,-0.2301,0.9999,0.0,0.7943,"Q2: Silent Shrinkflation (Weight Down, Price Flat)",Q2_Silent_Shrink,1,1
SNA-KUR-1352,Kurkure Chilli Chatka (Potato Chips),Kurkure,PepsiCo India,Snacks & Instant Foods,Potato Chips,1,₹10 Pack,Flexible Pillow Pouch,10.0,10.0,48.0,35.7,g,20.83,28.01,0.0,-25.62,34.47,0.2962,0.0,-0.2961,0.9996,0.0,0.7434,"Q2: Silent Shrinkflation (Weight Down, Price Flat)",Q2_Silent_Shrink,1,1
SNA-KUR-1354,Kurkure Chilli Chatka (Corn Chips),Kurkure,PepsiCo India,Snacks & Instant Foods,Corn Chips,1,₹10 Pack,Nitrogen Flushed Foil Pouch,10.0,12.0,30.0,25.4,g,33.33,47.24,20.0,-15.33,41.73,0.3488,0.1823,-0.1664,0.4772,0.5227,0.3674,Q3: Double Whammy (Price Up + Weight Down),Q3_Double_Whammy,1,1
SNA-KUR-1515,Kurkure Chilli Chatka (Potato Chips),Kurkure,PepsiCo India,Snacks & Instant Foods,Potato Chips,1,₹50 Pack,Stand-up Spout Pouch,50.0,66.0,115.0,101.6,g,43.48,64.96,32.0,-11.65,49.4,0.4015,0.2776,-0.1239,0.3086,0.6915,0.2359,Q3: Double Whammy (Price Up + Weight Down),Q3_Double_Whammy,1,1
SNA-KUR-1519,Kurkure Masala Munch (Extruded Snacks),Kurkure,PepsiCo India,Snacks & Instant Foods,Extruded Snacks,1,₹10 Pack,Stand-up Spout Pouch,10.0,10.0,35.0,24.4,g,28.57,40.98,0.0,-30.29,43.44,0.3607,0.0,-0.3608,1.0,0.0,0.6972,"Q2: Silent Shrinkflation (Weight Down, Price Flat)",Q2_Silent_Shrink,1,1
SNA-KUR-1536,Kurkure Chilli Chatka (Potato Chips),Kurkure,PepsiCo India,Snacks & Instant Foods,Potato Chips,1,₹20 Pack,Flow Wrap,20.0,20.0,120.0,95.5,g,16.67,20.94,0.0,-20.42,25.61,0.2281,0.0,-0.2284,1.0,0.0,0.7971,"Q2: Silent Shrinkflation (Weight Down, Price Flat)",Q2_Silent_Shrink,1,1
SNA-KUR-1595,Kurkure Masala Munch (Corn Chips),Kurkure,PepsiCo India,Snacks & Instant Foods,Corn Chips,0,Standard / Non-LUP,LDPE Pouch,70.0,87.0,500.0,423.0,g,14.0,20.57,24.29,-15.4,46.93,0.3848,0.2174,-0.1672,0.4346,0.565,0.3282,Q3: Double Whammy (Price Up + Weight Down),Q3_Double_Whammy,1,1
SNA-KUR-1632,Kurkure Masala Munch (Extruded Snacks),Kurkure,PepsiCo India,Snacks & Instant Foods,Extruded Snacks,1,₹20 Pack,Paper Wrapper,20.0,20.0,120.0,89.4,g,16.67,22.37,0.0,-25.5,34.19,0.2941,0.0,-0.2944,1.0,0.0,0.7458,"Q2: Silent Shrinkflation (Weight Down, Price Flat)",Q2_Silent_Shrink,1,1
SNA-KUR-1956,Kurkure Chilli Chatka (Extruded Snacks),Kurkure,PepsiCo India,Snacks & Instant Foods,Extruded Snacks,1,₹5 Pack,Paper Wrapper,5.0,6.0,18.0,15.9,g,27.78,37.74,20.0,-11.67,35.85,0.3064,0.1823,-0.1241,0.4049,0.595,0.3254,Q3: Double Whammy (Price Up + Weight Down),Q3_Double_Whammy,1,1
SNA-KUR-2114,Kurkure Chilli Chatka (Corn Chips),Kurkure,PepsiCo India,Snacks & Instant Foods,Corn Chips,1,₹10 Pack,Paper Wrapper,10.0,10.0,30.0,22.3,g,33.33,44.84,0.0,-25.67,34.53,0.2966,0.0,-0.2966,0.9999,0.0,0.7432,"Q2: Silent Shrinkflation (Weight Down, Price Flat)",Q2_Silent_Shrink,1,1
SNA-KUR-2115,Kurkure Chilli Chatka (Extruded Snacks),Kurkure,PepsiCo India,Snacks & Instant Foods,Extruded Snacks,1,₹20 Pack,Flexible Pillow Pouch,20.0,20.0,75.0,57.0,g,26.67,35.09,0.0,-24.0,31.57,0.2744,0.0,-0.2744,1.0,0.0,0.7602,"Q2: Silent Shrinkflation (Weight Down, Price Flat)",Q2_Silent_Shrink,1,1
SNA-KUR-2130,Kurkure Masala Munch (Corn Chips),Kurkure,PepsiCo India,Snacks & Instant Foods,Corn Chips,0,Standard / Non-LUP,HDPE Plastic Bottle,111.4,116.0,300.0,223.6,g,37.13,51.88,4.13,-25.47,39.73,0.3345,0.0405,-0.2939,0.8787,0.121,0.6411,Q3: Double Whammy (Price Up + Weight Down),Q3_Double_Whammy,1,1
SNA-KUR-2182,Kurkure Masala Munch (Extruded Snacks),Kurkure,PepsiCo India,Snacks & Instant Foods,Extruded Snacks,1,₹10 Pack,Mono Carton Box,10.0,10.0,30.0,21.8,g,33.33,45.87,0.0,-27.33,37.62,0.3194,0.0,-0.3193,0.9998,0.0,0.7265,"Q2: Silent Shrinkflation (Weight Down, Price Flat)",Q2_Silent_Shrink,1,1
SNA-KUR-2201,Kurkure Chilli Chatka (Corn Chips),Kurkure,PepsiCo India,Snacks & Instant Foods,Corn Chips,1,₹20 Pack,Flow Wrap,20.0,20.0,75.0,58.4,g,26.67,34.25,0.0,-22.13,28.42,0.2501,0.0,-0.2502,1.0,0.0,0.7788,"Q2: Silent Shrinkflation (Weight Down, Price Flat)",Q2_Silent_Shrink,1,1
SNA-KUR-2262,Kurkure Masala Munch (Potato Chips),Kurkure,PepsiCo India,Snacks & Instant Foods,Potato Chips,1,₹50 Pack,Poly Bag,50.0,50.0,125.0,91.1,g,40.0,54.88,0.0,-27.12,37.2,0.3163,0.0,-0.3164,1.0,0.0,0.729,"Q2: Silent Shrinkflation (Weight Down, Price Flat)",Q2_Silent_Shrink,1,1
SNA-KUR-2287,Kurkure Masala Munch (Potato Chips),Kurkure,PepsiCo India,Snacks & Instant Foods,Potato Chips,1,₹5 Pack,Paper Wrapper,5.0,5.0,25.0,18.6,g,20.0,26.88,0.0,-25.6,34.4,0.2957,0.0,-0.2957,1.0,0.0,0.7442,"Q2: Silent Shrinkflation (Weight Down, Price Flat)",Q2_Silent_Shrink,1,1
SNA-KUR-2308,Kurkure Masala Munch (Corn Chips),Kurkure,PepsiCo India,Snacks & Instant Foods,Corn Chips,1,₹5 Pack,Poly Bag,5.0,5.0,15.0,11.4,g,33.33,43.86,0.0,-24.0,31.59,0.2745,0.0,-0.2744,0.9996,0.0,0.7597,"Q2: Silent Shrinkflation (Weight Down, Price Flat)",Q2_Silent_Shrink,1,1
SNA-KUR-2321,Kurkure Chilli Chatka (Potato Chips),Kurkure,PepsiCo India,Snacks & Instant Foods,Potato Chips,1,₹10 Pack,Paper Wrapper,10.0,10.0,35.0,28.5,g,28.57,35.09,0.0,-18.57,22.82,0.2056,0.0,-0.2054,0.9994,0.0,0.8138,"Q2: Silent Shrinkflation (Weight Down, Price Flat)",Q2_Silent_Shrink,1,1
SNA-KUR-2343,Kurkure Chilli Chatka (Corn Chips),Kurkure,PepsiCo India,Snacks & Instant Foods,Corn Chips,0,Standard / Non-LUP,Stand-up Spout Pouch,151.0,184.3,200.0,200.0,g,75.5,92.15,22.05,0.0,22.05,0.1993,0.1993,0.0,0.0,1.0,0.0,"Q1: Overt Inflation (Price Up, Weight Flat)",Q1_Overt_Inflation,0,0
SNA-LAY-1024,Lay's Classic (Extruded Snacks),Lay's,PepsiCo India,Snacks & Instant Foods,Extruded Snacks,1,₹10 Pack,Mono Carton Box,10.0,10.0,30.0,21.8,g,33.33,45.87,0.0,-27.33,37.62,0.3194,0.0,-0.3193,0.9998,0.0,0.7265,"Q2: Silent Shrinkflation (Weight Down, Price Flat)",Q2_Silent_Shrink,1,1
SNA-LAY-1042,Lay's Cream & Onion (Corn Chips),Lay's,PepsiCo India,Snacks & Instant Foods,Corn Chips,0,Standard / Non-LUP,HDPE Plastic Bottle,97.9,128.4,150.0,150.0,g,65.27,85.6,31.15,0.0,31.15,0.2712,0.2712,0.0,0.0,1.0,0.0,"Q1: Overt Inflation (Price Up, Weight Flat)",Q1_Overt_Inflation,0,0
SNA-LAY-1109,Lay's Magic Masala (Corn Chips),Lay's,PepsiCo India,Snacks & Instant Foods,Corn Chips,0,Standard / Non-LUP,Poly Bag,118.1,149.9,250.0,220.9,g,47.24,67.86,26.93,-11.64,43.65,0.3622,0.2384,-0.1238,0.3417,0.6583,0.2667,Q3: Double Whammy (Price Up + Weight Down),Q3_Double_Whammy,1,1
SNA-LAY-1206,Lay's Magic Masala (Potato Chips),Lay's,PepsiCo India,Snacks & Instant Foods,Potato Chips,1,₹50 Pack,Flexible Pillow Pouch,50.0,62.0,175.0,148.1,g,28.57,41.86,24.0,-15.37,46.52,0.382,0.2151,-0.1669,0.4369,0.5632,0.3304,Q3: Double Whammy (Price Up + Weight Down),Q3_Double_Whammy,1,1
SNA-LAY-1252,Lay's Cream & Onion (Corn Chips),Lay's,PepsiCo India,Snacks & Instant Foods,Corn Chips,1,₹50 Pack,Paper Wrapper,50.0,58.0,125.0,105.8,g,40.0,54.82,16.0,-15.36,37.05,0.3152,0.1484,-0.1668,0.5291,0.4709,0.4146,Q3: Double Whammy (Price Up + Weight Down),Q3_Double_Whammy,1,1
SNA-LAY-1412,Lay's Classic (Extruded Snacks),Lay's,PepsiCo India,Snacks & Instant Foods,Extruded Snacks,0,Standard / Non-LUP,HDPE Plastic Bottle,95.0,95.0,400.0,291.6,g,23.75,32.58,0.0,-27.1,37.18,0.3161,0.0,-0.3161,0.9999,0.0,0.7289,"Q2: Silent Shrinkflation (Weight Down, Price Flat)",Q2_Silent_Shrink,1,1
SNA-LAY-1449,Lay's Cream & Onion (Potato Chips),Lay's,PepsiCo India,Snacks & Instant Foods,Potato Chips,0,Standard / Non-LUP,Flow Wrap,89.3,117.0,250.0,211.5,g,35.72,55.32,31.02,-15.4,54.87,0.4374,0.2702,-0.1672,0.3823,0.6176,0.2807,Q3: Double Whammy (Price Up + Weight Down),Q3_Double_Whammy,1,1
SNA-LAY-1459,Lay's Cream & Onion (Corn Chips),Lay's,PepsiCo India,Snacks & Instant Foods,Corn Chips,0,Standard / Non-LUP,Stand-up Spout Pouch,71.0,71.0,400.0,400.0,g,17.75,17.75,0.0,0.0,0.0,0.0,0.0,0.0,0.0,0.0,0.0,Q4: Stable / Fair Value,Q4_Stable_Fair,0,0
SNA-LAY-1491,Lay's Magic Masala (Extruded Snacks),Lay's,PepsiCo India,Snacks & Instant Foods,Extruded Snacks,1,₹50 Pack,Stand-up Spout Pouch,50.0,66.0,100.0,81.0,g,50.0,81.48,32.0,-19.0,62.96,0.4883,0.2776,-0.2107,0.4315,0.5685,0.3018,Q3: Double Whammy (Price Up + Weight Down),Q3_Double_Whammy,1,1
SNA-LAY-1522,Lay's Classic (Extruded Snacks),Lay's,PepsiCo India,Snacks & Instant Foods,Extruded Snacks,1,₹20 Pack,Stand-up Spout Pouch,20.0,20.0,90.0,67.1,g,22.22,29.81,0.0,-25.44,34.16,0.2939,0.0,-0.2936,0.9992,0.0,0.7449,"Q2: Silent Shrinkflation (Weight Down, Price Flat)",Q2_Silent_Shrink,1,1
SNA-LAY-1582,Lay's Magic Masala (Corn Chips),Lay's,PepsiCo India,Snacks & Instant Foods,Corn Chips,1,₹10 Pack,Mono Carton Box,10.0,10.0,55.0,41.9,g,18.18,23.87,0.0,-23.82,31.3,0.2723,0.0,-0.272,0.9991,0.0,0.761,"Q2: Silent Shrinkflation (Weight Down, Price Flat)",Q2_Silent_Shrink,1,1
SNA-LAY-1643,Lay's Cream & Onion (Corn Chips),Lay's,PepsiCo India,Snacks & Instant Foods,Corn Chips,1,₹5 Pack,LDPE Pouch,5.0,5.0,18.0,12.9,g,27.78,38.76,0.0,-28.33,39.52,0.3331,0.0,-0.3331,1.0,0.0,0.7168,"Q2: Silent Shrinkflation (Weight Down, Price Flat)",Q2_Silent_Shrink,1,1
SNA-LAY-1655,Lay's Magic Masala (Potato Chips),Lay's,PepsiCo India,Snacks & Instant Foods,Potato Chips,1,₹50 Pack,Stand-up Spout Pouch,50.0,66.0,115.0,97.3,g,43.48,67.83,32.0,-15.39,56.0,0.4447,0.2776,-0.1671,0.3758,0.6243,0.2748,Q3: Double Whammy (Price Up + Weight Down),Q3_Double_Whammy,1,1
SNA-LAY-1711,Lay's Classic (Extruded Snacks),Lay's,PepsiCo India,Snacks & Instant Foods,Extruded Snacks,1,₹5 Pack,Stand-up Spout Pouch,5.0,5.0,25.0,20.3,g,20.0,24.63,0.0,-18.8,23.15,0.2082,0.0,-0.2083,1.0,0.0,0.8121,"Q2: Silent Shrinkflation (Weight Down, Price Flat)",Q2_Silent_Shrink,1,1
SNA-LAY-1719,Lay's Magic Masala (Extruded Snacks),Lay's,PepsiCo India,Snacks & Instant Foods,Extruded Snacks,1,₹5 Pack,Flow Wrap,5.0,5.0,25.0,19.0,g,20.0,26.32,0.0,-24.0,31.6,0.2746,0.0,-0.2744,0.9994,0.0,0.7595,"Q2: Silent Shrinkflation (Weight Down, Price Flat)",Q2_Silent_Shrink,1,1
SNA-LAY-1743,Lay's Magic Masala (Extruded Snacks),Lay's,PepsiCo India,Snacks & Instant Foods,Extruded Snacks,1,₹5 Pack,LDPE Pouch,5.0,5.0,20.0,15.2,g,25.0,32.89,0.0,-24.0,31.56,0.2743,0.0,-0.2744,1.0,0.0,0.7605,"Q2: Silent Shrinkflation (Weight Down, Price Flat)",Q2_Silent_Shrink,1,1
SNA-LAY-1766,Lay's Magic Masala (Potato Chips),Lay's,PepsiCo India,Snacks & Instant Foods,Potato Chips,1,₹50 Pack,Flexible Pillow Pouch,50.0,50.0,125.0,99.5,g,40.0,50.25,0.0,-20.4,25.62,0.2281,0.0,-0.2282,1.0,0.0,0.7961,"Q2: Silent Shrinkflation (Weight Down, Price Flat)",Q2_Silent_Shrink,1,1
SNA-LAY-1808,Lay's Cream & Onion (Potato Chips),Lay's,PepsiCo India,Snacks & Instant Foods,Potato Chips,1,₹5 Pack,Paper Wrapper,5.0,5.0,18.0,14.0,g,27.78,35.71,0.0,-22.22,28.55,0.2511,0.0,-0.2513,1.0,0.0,0.7785,"Q2: Silent Shrinkflation (Weight Down, Price Flat)",Q2_Silent_Shrink,1,1
SNA-LAY-1852,Lay's Magic Masala (Corn Chips),Lay's,PepsiCo India,Snacks & Instant Foods,Corn Chips,1,₹10 Pack,HDPE Plastic Bottle,10.0,10.0,40.0,27.9,g,25.0,35.84,0.0,-30.25,43.36,0.3602,0.0,-0.3603,1.0,0.0,0.6976,"Q2: Silent Shrinkflation (Weight Down, Price Flat)",Q2_Silent_Shrink,1,1
SNA-LAY-1862,Lay's Cream & Onion (Corn Chips),Lay's,PepsiCo India,Snacks & Instant Foods,Corn Chips,1,₹50 Pack,Mono Carton Box,50.0,50.0,125.0,95.1,g,40.0,52.58,0.0,-23.92,31.45,0.2735,0.0,-0.2734,0.9997,0.0,0.7606,"Q2: Silent Shrinkflation (Weight Down, Price Flat)",Q2_Silent_Shrink,1,1
SNA-LAY-1940,Lay's Cream & Onion (Potato Chips),Lay's,PepsiCo India,Snacks & Instant Foods,Potato Chips,0,Standard / Non-LUP,Nitrogen Flushed Foil Pouch,123.0,118.1,400.0,285.1,g,30.75,41.42,-3.98,-28.72,34.7,0.2979,-0.0407,-0.3386,1.0,0.0,0.8278,"Q2: Silent Shrinkflation (Weight Down, Price Flat)",Q2_Silent_Shrink,1,1
SNA-LAY-1955,Lay's Magic Masala (Potato Chips),Lay's,PepsiCo India,Snacks & Instant Foods,Potato Chips,1,₹10 Pack,Flow Wrap,10.0,10.0,40.0,31.8,g,25.0,31.45,0.0,-20.5,25.8,0.2295,0.0,-0.2294,0.9995,0.0,0.7946,"Q2: Silent Shrinkflation (Weight Down, Price Flat)",Q2_Silent_Shrink,1,1
SNA-LAY-1975,Lay's Magic Masala (Potato Chips),Lay's,PepsiCo India,Snacks & Instant Foods,Potato Chips,1,₹50 Pack,Flow Wrap,50.0,50.0,115.0,95.5,g,43.48,52.36,0.0,-16.96,20.42,0.1858,0.0,-0.1858,0.9998,0.0,0.8303,"Q2: Silent Shrinkflation (Weight Down, Price Flat)",Q2_Silent_Shrink,1,1
SNA-LAY-1988,Lay's Classic (Potato Chips),Lay's,PepsiCo India,Snacks & Instant Foods,Potato Chips,1,₹10 Pack,Poly Bag,10.0,13.0,40.0,33.8,g,25.0,38.46,30.0,-15.5,53.84,0.4307,0.2624,-0.1684,0.391,0.6091,0.2879,Q3: Double Whammy (Price Up + Weight Down),Q3_Double_Whammy,1,1
SNA-LAY-2091,Lay's Magic Masala (Potato Chips),Lay's,PepsiCo India,Snacks & Instant Foods,Potato Chips,1,₹10 Pack,LDPE Pouch,10.0,10.0,30.0,22.4,g,33.33,44.64,0.0,-25.33,33.93,0.2922,0.0,-0.2921,0.9999,0.0,0.7466,"Q2: Silent Shrinkflation (Weight Down, Price Flat)",Q2_Silent_Shrink,1,1
SNA-LAY-2189,Lay's Magic Masala (Extruded Snacks),Lay's,PepsiCo India,Snacks & Instant Foods,Extruded Snacks,1,₹5 Pack,Nitrogen Flushed Foil Pouch,5.0,5.0,15.0,12.7,g,33.33,39.37,0.0,-15.33,18.12,0.1665,0.0,-0.1664,0.9994,0.0,0.8461,"Q2: Silent Shrinkflation (Weight Down, Price Flat)",Q2_Silent_Shrink,1,1
SNA-LAY-2193,Lay's Classic (Extruded Snacks),Lay's,PepsiCo India,Snacks & Instant Foods,Extruded Snacks,1,₹50 Pack,Paper Wrapper,50.0,50.0,175.0,145.3,g,28.57,34.41,0.0,-16.97,20.44,0.186,0.0,-0.186,1.0,0.0,0.8303,"Q2: Silent Shrinkflation (Weight Down, Price Flat)",Q2_Silent_Shrink,1,1
SNA-LAY-2215,Lay's Cream & Onion (Potato Chips),Lay's,PepsiCo India,Snacks & Instant Foods,Potato Chips,0,Standard / Non-LUP,HDPE Plastic Bottle,154.6,192.0,300.0,265.1,g,51.53,72.43,24.19,-11.63,40.56,0.3405,0.2167,-0.1237,0.3633,0.6364,0.2868,Q3: Double Whammy (Price Up + Weight Down),Q3_Double_Whammy,1,1
SNA-LAY-2267,Lay's Cream & Onion (Corn Chips),Lay's,PepsiCo India,Snacks & Instant Foods,Corn Chips,1,₹5 Pack,Nitrogen Flushed Foil Pouch,5.0,5.0,15.0,15.0,g,33.33,33.33,0.0,0.0,0.0,0.0,0.0,0.0,0.0,0.0,0.0,Q4: Stable / Fair Value,Q4_Stable_Fair,0,0
SNA-MAG-1012,Maggi Special Masala (Cup Noodles),Maggi,Nestle India,Snacks & Instant Foods,Cup Noodles,1,₹50 Pack,Flexible Pillow Pouch,50.0,50.0,115.0,85.7,g,43.48,58.34,0.0,-25.48,34.18,0.294,0.0,-0.2941,1.0,0.0,0.7455,"Q2: Silent Shrinkflation (Weight Down, Price Flat)",Q2_Silent_Shrink,1,1
SNA-MAG-1023,Maggi Hot Heads (Ready-to-Eat Soups),Maggi,Nestle India,Snacks & Instant Foods,Ready-to-Eat Soups,1,₹5 Pack,Stand-up Spout Pouch,5.0,5.0,15.0,11.2,g,33.33,44.64,0.0,-25.33,33.93,0.2922,0.0,-0.2921,0.9999,0.0,0.7466,"Q2: Silent Shrinkflation (Weight Down, Price Flat)",Q2_Silent_Shrink,1,1
SNA-MAG-1033,Maggi Cuppa (Cup Noodles),Maggi,Nestle India,Snacks & Instant Foods,Cup Noodles,0,Standard / Non-LUP,Flow Wrap,153.9,153.9,200.0,148.9,g,76.95,103.36,0.0,-25.55,34.32,0.2951,0.0,-0.295,0.9999,0.0,0.7444,"Q2: Silent Shrinkflation (Weight Down, Price Flat)",Q2_Silent_Shrink,1,1
SNA-MAG-1056,Maggi 2-Minute (Instant Noodles),Maggi,Nestle India,Snacks & Instant Foods,Instant Noodles,1,₹5 Pack,Stand-up Spout Pouch,5.0,5.0,20.0,14.5,g,25.0,34.48,0.0,-27.5,37.92,0.3215,0.0,-0.3216,1.0,0.0,0.7252,"Q2: Silent Shrinkflation (Weight Down, Price Flat)",Q2_Silent_Shrink,1,1
SNA-MAG-1073,Maggi Atta Noodles (Cup Noodles),Maggi,Nestle India,Snacks & Instant Foods,Cup Noodles,0,Standard / Non-LUP,Flow Wrap,74.9,91.2,500.0,500.0,g,14.98,18.24,21.76,0.0,21.76,0.1969,0.1969,0.0,0.0,1.0,0.0,"Q1: Overt Inflation (Price Up, Weight Flat)",Q1_Overt_Inflation,0,0
SNA-MAG-1093,Maggi Cuppa (Ready-to-Eat Soups),Maggi,Nestle India,Snacks & Instant Foods,Ready-to-Eat Soups,1,₹5 Pack,Poly Bag,5.0,5.0,25.0,18.2,g,20.0,27.47,0.0,-27.2,37.35,0.3174,0.0,-0.3175,1.0,0.0,0.7282,"Q2: Silent Shrinkflation (Weight Down, Price Flat)",Q2_Silent_Shrink,1,1
SNA-MAG-1113,Maggi Atta Noodles (Ready-to-Eat Soups),Maggi,Nestle India,Snacks & Instant Foods,Ready-to-Eat Soups,1,₹50 Pack,Mono Carton Box,50.0,50.0,125.0,99.4,g,40.0,50.3,0.0,-20.48,25.75,0.2291,0.0,-0.2292,1.0,0.0,0.7953,"Q2: Silent Shrinkflation (Weight Down, Price Flat)",Q2_Silent_Shrink,1,1
SNA-MAG-1119,Maggi Special Masala (Ready-to-Eat Soups),Maggi,Nestle India,Snacks & Instant Foods,Ready-to-Eat Soups,1,₹5 Pack,LDPE Pouch,5.0,5.0,20.0,20.0,g,25.0,25.0,0.0,0.0,0.0,0.0,0.0,0.0,0.0,0.0,0.0,Q4: Stable / Fair Value,Q4_Stable_Fair,0,0
SNA-MAG-1145,Maggi Atta Noodles (Cup Noodles),Maggi,Nestle India,Snacks & Instant Foods,Cup Noodles,1,₹50 Pack,Paper Wrapper,50.0,50.0,115.0,83.8,g,43.48,59.67,0.0,-27.13,37.24,0.3165,0.0,-0.3165,0.9999,0.0,0.7286,"Q2: Silent Shrinkflation (Weight Down, Price Flat)",Q2_Silent_Shrink,1,1
SNA-MAG-1194,Maggi Special Masala (Ready-to-Eat Soups),Maggi,Nestle India,Snacks & Instant Foods,Ready-to-Eat Soups,1,₹10 Pack,HDPE Plastic Bottle,10.0,10.0,35.0,26.6,g,28.57,37.59,0.0,-24.0,31.57,0.2744,0.0,-0.2744,1.0,0.0,0.7602,"Q2: Silent Shrinkflation (Weight Down, Price Flat)",Q2_Silent_Shrink,1,1
SNA-MAG-1234,Maggi 2-Minute (Ready-to-Eat Soups),Maggi,Nestle India,Snacks & Instant Foods,Ready-to-Eat Soups,1,₹10 Pack,Flexible Pillow Pouch,10.0,12.0,40.0,33.8,g,25.0,35.5,20.0,-15.5,42.0,0.3507,0.1823,-0.1684,0.4803,0.5199,0.369,Q3: Double Whammy (Price Up + Weight Down),Q3_Double_Whammy,1,1
SNA-MAG-1247,Maggi Hot Heads (Instant Noodles),Maggi,Nestle India,Snacks & Instant Foods,Instant Noodles,0,Standard / Non-LUP,Flow Wrap,168.0,206.1,400.0,400.0,g,42.0,51.52,22.68,0.0,22.67,0.2043,0.2044,0.0,0.0,1.0,0.0,"Q1: Overt Inflation (Price Up, Weight Flat)",Q1_Overt_Inflation,0,0
SNA-MAG-1320,Maggi Cuppa (Instant Noodles),Maggi,Nestle India,Snacks & Instant Foods,Instant Noodles,0,Standard / Non-LUP,Flexible Pillow Pouch,54.0,52.9,300.0,223.3,g,18.0,23.69,-2.04,-25.57,31.61,0.2747,-0.0206,-0.2953,1.0,0.0,0.8088,"Q2: Silent Shrinkflation (Weight Down, Price Flat)",Q2_Silent_Shrink,1,1
SNA-MAG-1329,Maggi Atta Noodles (Ready-to-Eat Soups),Maggi,Nestle India,Snacks & Instant Foods,Ready-to-Eat Soups,1,₹50 Pack,Poly Bag,50.0,50.0,125.0,99.5,g,40.0,50.25,0.0,-20.4,25.62,0.2281,0.0,-0.2282,1.0,0.0,0.7961,"Q2: Silent Shrinkflation (Weight Down, Price Flat)",Q2_Silent_Shrink,1,1
SNA-MAG-1349,Maggi 2-Minute (Ready-to-Eat Soups),Maggi,Nestle India,Snacks & Instant Foods,Ready-to-Eat Soups,1,₹20 Pack,Flow Wrap,20.0,20.0,50.0,38.9,g,40.0,51.41,0.0,-22.2,28.52,0.251,0.0,-0.251,1.0,0.0,0.7783,"Q2: Silent Shrinkflation (Weight Down, Price Flat)",Q2_Silent_Shrink,1,1
SNA-MAG-1355,Maggi Hot Heads (Cup Noodles),Maggi,Nestle India,Snacks & Instant Foods,Cup Noodles,1,₹10 Pack,Stand-up Spout Pouch,10.0,10.0,30.0,22.4,g,33.33,44.64,0.0,-25.33,33.93,0.2922,0.0,-0.2921,0.9999,0.0,0.7466,"Q2: Silent Shrinkflation (Weight Down, Price Flat)",Q2_Silent_Shrink,1,1
SNA-MAG-1392,Maggi Hot Heads (Cup Noodles),Maggi,Nestle India,Snacks & Instant Foods,Cup Noodles,1,₹5 Pack,Stand-up Spout Pouch,5.0,5.0,25.0,19.4,g,20.0,25.77,0.0,-22.4,28.85,0.2535,0.0,-0.2536,1.0,0.0,0.7764,"Q2: Silent Shrinkflation (Weight Down, Price Flat)",Q2_Silent_Shrink,1,1
SNA-MAG-1455,Maggi Cuppa (Ready-to-Eat Soups),Maggi,Nestle India,Snacks & Instant Foods,Ready-to-Eat Soups,0,Standard / Non-LUP,HDPE Plastic Bottle,95.0,91.2,300.0,213.8,g,31.67,42.66,-4.0,-28.73,34.7,0.2979,-0.0408,-0.3387,1.0,0.0,0.828,"Q2: Silent Shrinkflation (Weight Down, Price Flat)",Q2_Silent_Shrink,1,1
SNA-MAG-1464,Maggi 2-Minute (Instant Noodles),Maggi,Nestle India,Snacks & Instant Foods,Instant Noodles,0,Standard / Non-LUP,Paper Wrapper,104.6,106.8,100.0,77.7,g,104.6,137.45,2.1,-22.3,31.41,0.2731,0.0208,-0.2523,0.9238,0.0762,0.7101,"Q2: Silent Shrinkflation (Weight Down, Price Flat)",Q2_Silent_Shrink,1,1
SNA-MAG-1471,Maggi Cuppa (Cup Noodles),Maggi,Nestle India,Snacks & Instant Foods,Cup Noodles,1,₹10 Pack,Nitrogen Flushed Foil Pouch,10.0,10.0,30.0,23.9,g,33.33,41.84,0.0,-20.33,25.53,0.2274,0.0,-0.2273,0.9997,0.0,0.7964,"Q2: Silent Shrinkflation (Weight Down, Price Flat)",Q2_Silent_Shrink,1,1
SNA-MAG-1483,Maggi Special Masala (Instant Noodles),Maggi,Nestle India,Snacks & Instant Foods,Instant Noodles,1,₹20 Pack,LDPE Pouch,20.0,20.0,90.0,68.4,g,22.22,29.24,0.0,-24.0,31.59,0.2745,0.0,-0.2744,0.9996,0.0,0.7597,"Q2: Silent Shrinkflation (Weight Down, Price Flat)",Q2_Silent_Shrink,1,1
SNA-MAG-1497,Maggi Cuppa (Instant Noodles),Maggi,Nestle India,Snacks & Instant Foods,Instant Noodles,1,₹20 Pack,Mono Carton Box,20.0,20.0,60.0,42.8,g,33.33,46.73,0.0,-28.67,40.2,0.3379,0.0,-0.3378,0.9996,0.0,0.713,"Q2: Silent Shrinkflation (Weight Down, Price Flat)",Q2_Silent_Shrink,1,1
SNA-MAG-1560,Maggi 2-Minute (Ready-to-Eat Soups),Maggi,Nestle India,Snacks & Instant Foods,Ready-to-Eat Soups,0,Standard / Non-LUP,Flexible Pillow Pouch,121.5,150.7,400.0,400.0,g,30.38,37.67,24.03,0.0,24.0,0.2151,0.2154,0.0,0.0,1.0,0.0,"Q1: Overt Inflation (Price Up, Weight Flat)",Q1_Overt_Inflation,0,0
SNA-MAG-1573,Maggi Hot Heads (Instant Noodles),Maggi,Nestle India,Snacks & Instant Foods,Instant Noodles,1,₹50 Pack,Paper Wrapper,50.0,58.0,115.0,97.3,g,43.48,59.61,16.0,-15.39,37.1,0.3155,0.1484,-0.1671,0.5297,0.4704,0.4149,Q3: Double Whammy (Price Up + Weight Down),Q3_Double_Whammy,1,1
SNA-MAG-1605,Maggi Hot Heads (Instant Noodles),Maggi,Nestle India,Snacks & Instant Foods,Instant Noodles,1,₹5 Pack,Mono Carton Box,5.0,5.0,20.0,20.0,g,25.0,25.0,0.0,0.0,0.0,0.0,0.0,0.0,0.0,0.0,0.0,Q4: Stable / Fair Value,Q4_Stable_Fair,0,0
SNA-MAG-1631,Maggi Atta Noodles (Instant Noodles),Maggi,Nestle India,Snacks & Instant Foods,Instant Noodles,1,₹20 Pack,Paper Wrapper,20.0,25.0,120.0,101.5,g,16.67,24.63,25.0,-15.42,47.75,0.3904,0.2231,-0.1674,0.4289,0.5716,0.3229,Q3: Double Whammy (Price Up + Weight Down),Q3_Double_Whammy,1,1
SNA-MAG-1671,Maggi Hot Heads (Cup Noodles),Maggi,Nestle India,Snacks & Instant Foods,Cup Noodles,1,₹50 Pack,LDPE Pouch,50.0,50.0,150.0,116.7,g,33.33,42.84,0.0,-22.2,28.53,0.251,0.0,-0.251,1.0,0.0,0.7781,"Q2: Silent Shrinkflation (Weight Down, Price Flat)",Q2_Silent_Shrink,1,1
SNA-MAG-1680,Maggi Cuppa (Cup Noodles),Maggi,Nestle India,Snacks & Instant Foods,Cup Noodles,1,₹20 Pack,Nitrogen Flushed Foil Pouch,20.0,20.0,60.0,44.6,g,33.33,44.84,0.0,-25.67,34.53,0.2966,0.0,-0.2966,0.9999,0.0,0.7432,"Q2: Silent Shrinkflation (Weight Down, Price Flat)",Q2_Silent_Shrink,1,1
SNA-MAG-1707,Maggi 2-Minute (Instant Noodles),Maggi,Nestle India,Snacks & Instant Foods,Instant Noodles,0,Standard / Non-LUP,Paper Wrapper,60.8,77.0,400.0,400.0,g,15.2,19.25,26.64,0.0,26.64,0.2362,0.2362,0.0,0.0,1.0,0.0,"Q1: Overt Inflation (Price Up, Weight Flat)",Q1_Overt_Inflation,0,0
SNA-MAG-1764,Maggi Atta Noodles (Instant Noodles),Maggi,Nestle India,Snacks & Instant Foods,Instant Noodles,0,Standard / Non-LUP,Mono Carton Box,145.9,181.3,400.0,400.0,g,36.48,45.33,24.26,0.0,24.26,0.2172,0.2172,0.0,0.0,1.0,0.0,"Q1: Overt Inflation (Price Up, Weight Flat)",Q1_Overt_Inflation,0,0
SNA-MAG-1799,Maggi Cuppa (Instant Noodles),Maggi,Nestle India,Snacks & Instant Foods,Instant Noodles,0,Standard / Non-LUP,Stand-up Spout Pouch,179.0,233.0,150.0,150.0,g,119.33,155.33,30.17,0.0,30.17,0.2637,0.2637,0.0,0.0,1.0,0.0,"Q1: Overt Inflation (Price Up, Weight Flat)",Q1_Overt_Inflation,0,0
SNA-MAG-1827,Maggi Hot Heads (Instant Noodles),Maggi,Nestle India,Snacks & Instant Foods,Instant Noodles,1,₹5 Pack,Nitrogen Flushed Foil Pouch,5.0,5.0,18.0,13.1,g,27.78,38.17,0.0,-27.22,37.4,0.3177,0.0,-0.3178,1.0,0.0,0.7278,"Q2: Silent Shrinkflation (Weight Down, Price Flat)",Q2_Silent_Shrink,1,1
SNA-MAG-1890,Maggi Special Masala (Cup Noodles),Maggi,Nestle India,Snacks & Instant Foods,Cup Noodles,1,₹20 Pack,Poly Bag,20.0,26.0,120.0,97.2,g,16.67,26.75,30.0,-19.0,60.47,0.4729,0.2624,-0.2107,0.4456,0.5548,0.3142,Q3: Double Whammy (Price Up + Weight Down),Q3_Double_Whammy,1,1
SNA-MAG-1907,Maggi 2-Minute (Cup Noodles),Maggi,Nestle India,Snacks & Instant Foods,Cup Noodles,0,Standard / Non-LUP,Flexible Pillow Pouch,165.0,190.9,100.0,100.0,g,165.0,190.9,15.7,0.0,15.7,0.1458,0.1458,0.0,0.0,1.0,0.0,"Q1: Overt Inflation (Price Up, Weight Flat)",Q1_Overt_Inflation,0,0
SNA-MAG-1926,Maggi 2-Minute (Instant Noodles),Maggi,Nestle India,Snacks & Instant Foods,Instant Noodles,0,Standard / Non-LUP,Mono Carton Box,115.9,161.0,300.0,243.0,g,38.63,66.26,38.91,-19.0,71.52,0.5396,0.3287,-0.2107,0.3905,0.6092,0.2656,Q3: Double Whammy (Price Up + Weight Down),Q3_Double_Whammy,1,1
SNA-MAG-1969,Maggi Hot Heads (Cup Noodles),Maggi,Nestle India,Snacks & Instant Foods,Cup Noodles,0,Standard / Non-LUP,Mono Carton Box,111.7,145.0,500.0,405.0,g,22.34,35.8,29.81,-19.0,60.25,0.4716,0.2609,-0.2107,0.4469,0.5533,0.3153,Q3: Double Whammy (Price Up + Weight Down),Q3_Double_Whammy,1,1
SNA-MAG-1987,Maggi Special Masala (Instant Noodles),Maggi,Nestle India,Snacks & Instant Foods,Instant Noodles,0,Standard / Non-LUP,Paper Wrapper,91.0,87.4,100.0,74.5,g,91.0,117.32,-3.96,-25.5,28.92,0.254,-0.0404,-0.2944,1.0,0.0,0.8816,"Q2: Silent Shrinkflation (Weight Down, Price Flat)",Q2_Silent_Shrink,1,1
SNA-MAG-1989,Maggi Cuppa (Cup Noodles),Maggi,Nestle India,Snacks & Instant Foods,Cup Noodles,0,Standard / Non-LUP,Paper Wrapper,56.8,55.1,400.0,311.3,g,14.2,17.7,-2.99,-22.17,24.65,0.2203,-0.0304,-0.2507,1.0,0.0,0.8997,"Q2: Silent Shrinkflation (Weight Down, Price Flat)",Q2_Silent_Shrink,1,1
SNA-MAG-2001,Maggi Cuppa (Ready-to-Eat Soups),Maggi,Nestle India,Snacks & Instant Foods,Ready-to-Eat Soups,1,₹5 Pack,Flexible Pillow Pouch,5.0,5.0,18.0,13.6,g,27.78,36.76,0.0,-24.44,32.33,0.2801,0.0,-0.2803,1.0,0.0,0.7562,"Q2: Silent Shrinkflation (Weight Down, Price Flat)",Q2_Silent_Shrink,1,1
SNA-MAG-2003,Maggi 2-Minute (Ready-to-Eat Soups),Maggi,Nestle India,Snacks & Instant Foods,Ready-to-Eat Soups,0,Standard / Non-LUP,Nitrogen Flushed Foil Pouch,101.8,125.8,400.0,338.4,g,25.45,37.17,23.58,-15.4,46.05,0.3788,0.2117,-0.1672,0.4415,0.5588,0.3344,Q3: Double Whammy (Price Up + Weight Down),Q3_Double_Whammy,1,1
SNA-MAG-2015,Maggi Atta Noodles (Cup Noodles),Maggi,Nestle India,Snacks & Instant Foods,Cup Noodles,1,₹20 Pack,Mono Carton Box,20.0,20.0,90.0,64.2,g,22.22,31.15,0.0,-28.67,40.19,0.3378,0.0,-0.3378,1.0,0.0,0.7133,"Q2: Silent Shrinkflation (Weight Down, Price Flat)",Q2_Silent_Shrink,1,1
SNA-MAG-2048,Maggi 2-Minute (Cup Noodles),Maggi,Nestle India,Snacks & Instant Foods,Cup Noodles,1,₹20 Pack,HDPE Plastic Bottle,20.0,25.0,90.0,76.1,g,22.22,32.85,25.0,-15.44,47.84,0.391,0.2231,-0.1678,0.4291,0.5708,0.3228,Q3: Double Whammy (Price Up + Weight Down),Q3_Double_Whammy,1,1
SNA-MAG-2055,Maggi Atta Noodles (Ready-to-Eat Soups),Maggi,Nestle India,Snacks & Instant Foods,Ready-to-Eat Soups,0,Standard / Non-LUP,Poly Bag,56.6,59.0,500.0,500.0,g,11.32,11.8,4.24,0.0,4.24,0.0415,0.0415,0.0,0.0,1.0,0.0,"Q1: Overt Inflation (Price Up, Weight Flat)",Q1_Overt_Inflation,0,0
SNA-MAG-2089,Maggi Hot Heads (Ready-to-Eat Soups),Maggi,Nestle India,Snacks & Instant Foods,Ready-to-Eat Soups,1,₹50 Pack,Nitrogen Flushed Foil Pouch,50.0,50.0,125.0,101.6,g,40.0,49.21,0.0,-18.72,23.03,0.2072,0.0,-0.2073,1.0,0.0,0.813,"Q2: Silent Shrinkflation (Weight Down, Price Flat)",Q2_Silent_Shrink,1,1
SNA-MAG-2096,Maggi 2-Minute (Ready-to-Eat Soups),Maggi,Nestle India,Snacks & Instant Foods,Ready-to-Eat Soups,1,₹20 Pack,Nitrogen Flushed Foil Pouch,20.0,25.0,110.0,89.1,g,18.18,28.06,25.0,-19.0,54.35,0.434,0.2231,-0.2107,0.4855,0.5141,0.3496,Q3: Double Whammy (Price Up + Weight Down),Q3_Double_Whammy,1,1
SNA-MAG-2104,Maggi Cuppa (Cup Noodles),Maggi,Nestle India,Snacks & Instant Foods,Cup Noodles,1,₹10 Pack,LDPE Pouch,10.0,13.0,48.0,38.9,g,20.83,33.42,30.0,-18.96,60.44,0.4728,0.2624,-0.2102,0.4446,0.555,0.3137,Q3: Double Whammy (Price Up + Weight Down),Q3_Double_Whammy,1,1
SNA-MAG-2105,Maggi Atta Noodles (Instant Noodles),Maggi,Nestle India,Snacks & Instant Foods,Instant Noodles,1,₹20 Pack,Paper Wrapper,20.0,25.0,60.0,50.8,g,33.33,49.21,25.0,-15.33,47.64,0.3896,0.2231,-0.1664,0.4272,0.5727,0.3218,Q3: Double Whammy (Price Up + Weight Down),Q3_Double_Whammy,1,1
SNA-MAG-2141,Maggi Cuppa (Ready-to-Eat Soups),Maggi,Nestle India,Snacks & Instant Foods,Ready-to-Eat Soups,0,Standard / Non-LUP,Flow Wrap,142.1,142.1,400.0,318.1,g,35.52,44.67,0.0,-20.47,25.76,0.2292,0.0,-0.2291,0.9995,0.0,0.7948,"Q2: Silent Shrinkflation (Weight Down, Price Flat)",Q2_Silent_Shrink,1,1
SNA-MAG-2159,Maggi Cuppa (Ready-to-Eat Soups),Maggi,Nestle India,Snacks & Instant Foods,Ready-to-Eat Soups,1,₹50 Pack,HDPE Plastic Bottle,50.0,50.0,100.0,72.9,g,50.0,68.59,0.0,-27.1,37.18,0.3161,0.0,-0.3161,0.9999,0.0,0.7289,"Q2: Silent Shrinkflation (Weight Down, Price Flat)",Q2_Silent_Shrink,1,1
SNA-MAG-2166,Maggi Special Masala (Ready-to-Eat Soups),Maggi,Nestle India,Snacks & Instant Foods,Ready-to-Eat Soups,0,Standard / Non-LUP,LDPE Pouch,117.1,145.3,500.0,500.0,g,23.42,29.06,24.08,0.0,24.08,0.2158,0.2158,0.0,0.0,1.0,0.0,"Q1: Overt Inflation (Price Up, Weight Flat)",Q1_Overt_Inflation,0,0
SNA-MAG-2213,Maggi Special Masala (Cup Noodles),Maggi,Nestle India,Snacks & Instant Foods,Cup Noodles,1,₹5 Pack,Stand-up Spout Pouch,5.0,7.0,18.0,15.9,g,27.78,44.03,40.0,-11.67,58.5,0.4606,0.3365,-0.1241,0.2694,0.7306,0.1994,Q3: Double Whammy (Price Up + Weight Down),Q3_Double_Whammy,1,1
SNA-MAG-2224,Maggi Atta Noodles (Ready-to-Eat Soups),Maggi,Nestle India,Snacks & Instant Foods,Ready-to-Eat Soups,1,₹10 Pack,Paper Wrapper,10.0,10.0,55.0,40.0,g,18.18,25.0,0.0,-27.27,37.51,0.3186,0.0,-0.3185,0.9997,0.0,0.727,"Q2: Silent Shrinkflation (Weight Down, Price Flat)",Q2_Silent_Shrink,1,1
SNA-MAG-2226,Maggi Special Masala (Ready-to-Eat Soups),Maggi,Nestle India,Snacks & Instant Foods,Ready-to-Eat Soups,0,Standard / Non-LUP,Flexible Pillow Pouch,72.2,72.2,150.0,150.0,g,48.13,48.13,0.0,0.0,0.0,0.0,0.0,0.0,0.0,0.0,0.0,Q4: Stable / Fair Value,Q4_Stable_Fair,0,0
SNA-MAG-2241,Maggi Hot Heads (Cup Noodles),Maggi,Nestle India,Snacks & Instant Foods,Cup Noodles,0,Standard / Non-LUP,LDPE Pouch,113.0,129.4,150.0,126.9,g,75.33,101.97,14.51,-15.4,35.36,0.3028,0.1355,-0.1672,0.5523,0.4476,0.4355,Q3: Double Whammy (Price Up + Weight Down),Q3_Double_Whammy,1,1
SNA-MAG-2246,Maggi 2-Minute (Instant Noodles),Maggi,Nestle India,Snacks & Instant Foods,Instant Noodles,1,₹50 Pack,Stand-up Spout Pouch,50.0,50.0,175.0,127.5,g,28.57,39.22,0.0,-27.14,37.28,0.3168,0.0,-0.3167,0.9995,0.0,0.7281,"Q2: Silent Shrinkflation (Weight Down, Price Flat)",Q2_Silent_Shrink,1,1
SNA-MAG-2299,Maggi Cuppa (Instant Noodles),Maggi,Nestle India,Snacks & Instant Foods,Instant Noodles,0,Standard / Non-LUP,Stand-up Spout Pouch,39.4,41.0,200.0,149.0,g,19.7,27.52,4.06,-25.5,39.7,0.3343,0.0398,-0.2944,0.8806,0.1191,0.6424,Q3: Double Whammy (Price Up + Weight Down),Q3_Double_Whammy,1,1
SNA-MAG-2300,Maggi 2-Minute (Instant Noodles),Maggi,Nestle India,Snacks & Instant Foods,Instant Noodles,0,Standard / Non-LUP,HDPE Plastic Bottle,68.4,89.3,400.0,400.0,g,17.1,22.32,30.56,0.0,30.53,0.2664,0.2666,0.0,0.0,1.0,0.0,"Q1: Overt Inflation (Price Up, Weight Flat)",Q1_Overt_Inflation,0,0
SNA-MAG-2341,Maggi Special Masala (Instant Noodles),Maggi,Nestle India,Snacks & Instant Foods,Instant Noodles,1,₹10 Pack,Flexible Pillow Pouch,10.0,12.0,35.0,29.6,g,28.57,40.54,20.0,-15.43,41.9,0.3499,0.1823,-0.1676,0.4789,0.521,0.3682,Q3: Double Whammy (Price Up + Weight Down),Q3_Double_Whammy,1,1
SNA-MAG-2377,Maggi 2-Minute (Instant Noodles),Maggi,Nestle India,Snacks & Instant Foods,Instant Noodles,0,Standard / Non-LUP,Paper Wrapper,114.7,144.4,200.0,200.0,g,57.35,72.2,25.89,0.0,25.89,0.2303,0.2303,0.0,0.0,1.0,0.0,"Q1: Overt Inflation (Price Up, Weight Flat)",Q1_Overt_Inflation,0,0
SNA-SUN-1338,Sunfeast Yippee! Noodles (Instant Noodles),Sunfeast,ITC Limited,Snacks & Instant Foods,Instant Noodles,0,Standard / Non-LUP,Flexible Pillow Pouch,162.4,162.4,150.0,150.0,g,108.27,108.27,0.0,0.0,0.0,0.0,0.0,0.0,0.0,0.0,0.0,Q4: Stable / Fair Value,Q4_Stable_Fair,0,0
SNA-SUN-1433,Sunfeast Yippee! Noodles (Extruded Snacks),Sunfeast,ITC Limited,Snacks & Instant Foods,Extruded Snacks,0,Standard / Non-LUP,Poly Bag,158.4,158.4,150.0,119.3,g,105.6,132.77,0.0,-20.47,25.73,0.229,0.0,-0.229,1.0,0.0,0.7955,"Q2: Silent Shrinkflation (Weight Down, Price Flat)",Q2_Silent_Shrink,1,1
SNA-SUN-1539,Sunfeast Yippee! Noodles (Instant Noodles),Sunfeast,ITC Limited,Snacks & Instant Foods,Instant Noodles,0,Standard / Non-LUP,Flexible Pillow Pouch,103.9,126.7,250.0,220.9,g,41.56,57.36,21.94,-11.64,38.02,0.3222,0.1984,-0.1238,0.3841,0.6157,0.3062,Q3: Double Whammy (Price Up + Weight Down),Q3_Double_Whammy,1,1
SNA-SUN-1614,Sunfeast Yippee! Noodles (Corn Chips),Sunfeast,ITC Limited,Snacks & Instant Foods,Corn Chips,1,₹50 Pack,Poly Bag,50.0,50.0,175.0,127.4,g,28.57,39.25,0.0,-27.2,37.38,0.3176,0.0,-0.3175,0.9996,0.0,0.7276,"Q2: Silent Shrinkflation (Weight Down, Price Flat)",Q2_Silent_Shrink,1,1
SNA-SUN-1768,Sunfeast Yippee! Noodles (Extruded Snacks),Sunfeast,ITC Limited,Snacks & Instant Foods,Extruded Snacks,0,Standard / Non-LUP,LDPE Pouch,112.1,154.0,250.0,250.0,g,44.84,61.6,37.38,0.0,37.38,0.3176,0.3176,0.0,0.0,1.0,0.0,"Q1: Overt Inflation (Price Up, Weight Flat)",Q1_Overt_Inflation,0,0
SNA-SUN-1819,Sunfeast Yippee! Noodles (Instant Noodles),Sunfeast,ITC Limited,Snacks & Instant Foods,Instant Noodles,1,₹20 Pack,Mono Carton Box,20.0,20.0,120.0,85.5,g,16.67,23.39,0.0,-28.75,40.31,0.3387,0.0,-0.339,1.0,0.0,0.7132,"Q2: Silent Shrinkflation (Weight Down, Price Flat)",Q2_Silent_Shrink,1,1
SNA-SUN-2234,Sunfeast Yippee! Noodles (Extruded Snacks),Sunfeast,ITC Limited,Snacks & Instant Foods,Extruded Snacks,1,₹5 Pack,Stand-up Spout Pouch,5.0,5.0,20.0,14.9,g,25.0,33.56,0.0,-25.5,34.24,0.2945,0.0,-0.2944,0.9997,0.0,0.7447,"Q2: Silent Shrinkflation (Weight Down, Price Flat)",Q2_Silent_Shrink,1,1
SNA-SUN-2283,Sunfeast Yippee! Noodles (Corn Chips),Sunfeast,ITC Limited,Snacks & Instant Foods,Corn Chips,1,₹5 Pack,Paper Wrapper,5.0,5.0,15.0,10.9,g,33.33,45.87,0.0,-27.33,37.62,0.3194,0.0,-0.3193,0.9998,0.0,0.7265,"Q2: Silent Shrinkflation (Weight Down, Price Flat)",Q2_Silent_Shrink,1,1
SNA-WAI-1170,Wai Wai 1-2-3 (Instant Noodles),Wai,CG Foods,Snacks & Instant Foods,Instant Noodles,0,Standard / Non-LUP,Flow Wrap,117.0,133.4,100.0,100.0,g,117.0,133.4,14.02,0.0,14.02,0.1312,0.1312,0.0,0.0,1.0,0.0,"Q1: Overt Inflation (Price Up, Weight Flat)",Q1_Overt_Inflation,0,0
SNA-WAI-1171,Wai Wai 1-2-3 (Instant Noodles),Wai,CG Foods,Snacks & Instant Foods,Instant Noodles,0,Standard / Non-LUP,Paper Wrapper,74.1,76.4,300.0,223.6,g,24.7,34.17,3.1,-25.47,38.34,0.3245,0.0306,-0.2939,0.9056,0.0942,0.6642,Q3: Double Whammy (Price Up + Weight Down),Q3_Double_Whammy,1,1
SNA-WAI-1290,Wai Wai 1-2-3 (Instant Noodles),Wai,CG Foods,Snacks & Instant Foods,Instant Noodles,1,₹5 Pack,HDPE Plastic Bottle,5.0,5.0,25.0,19.9,g,20.0,25.13,0.0,-20.4,25.65,0.2283,0.0,-0.2282,0.9992,0.0,0.7953,"Q2: Silent Shrinkflation (Weight Down, Price Flat)",Q2_Silent_Shrink,1,1
SNA-WAI-1292,Wai Wai 1-2-3 (Instant Noodles),Wai,CG Foods,Snacks & Instant Foods,Instant Noodles,1,₹10 Pack,Mono Carton Box,10.0,10.0,35.0,25.5,g,28.57,39.22,0.0,-27.14,37.28,0.3168,0.0,-0.3167,0.9995,0.0,0.7281,"Q2: Silent Shrinkflation (Weight Down, Price Flat)",Q2_Silent_Shrink,1,1
SNA-WAI-1357,Wai Wai Masala (Instant Noodles),Wai,CG Foods,Snacks & Instant Foods,Instant Noodles,0,Standard / Non-LUP,LDPE Pouch,144.0,144.0,300.0,233.3,g,48.0,61.72,0.0,-22.23,28.58,0.2514,0.0,-0.2515,1.0,0.0,0.7778,"Q2: Silent Shrinkflation (Weight Down, Price Flat)",Q2_Silent_Shrink,1,1
SNA-WAI-1530,Wai Wai Masala (Instant Noodles),Wai,CG Foods,Snacks & Instant Foods,Instant Noodles,1,₹5 Pack,LDPE Pouch,5.0,5.0,15.0,12.2,g,33.33,40.98,0.0,-18.67,22.95,0.2066,0.0,-0.2066,0.9999,0.0,0.8133,"Q2: Silent Shrinkflation (Weight Down, Price Flat)",Q2_Silent_Shrink,1,1
SNA-WAI-1570,Wai Wai 1-2-3 (Instant Noodles),Wai,CG Foods,Snacks & Instant Foods,Instant Noodles,1,₹5 Pack,Stand-up Spout Pouch,5.0,5.0,25.0,18.6,g,20.0,26.88,0.0,-25.6,34.4,0.2957,0.0,-0.2957,1.0,0.0,0.7442,"Q2: Silent Shrinkflation (Weight Down, Price Flat)",Q2_Silent_Shrink,1,1
SNA-WAI-1603,Wai Wai Quick (Instant Noodles),Wai,CG Foods,Snacks & Instant Foods,Instant Noodles,1,₹5 Pack,Stand-up Spout Pouch,5.0,6.0,20.0,16.9,g,25.0,35.5,20.0,-15.5,42.0,0.3507,0.1823,-0.1684,0.4803,0.5199,0.369,Q3: Double Whammy (Price Up + Weight Down),Q3_Double_Whammy,1,1
SNA-WAI-1638,Wai Wai 1-2-3 (Instant Noodles),Wai,CG Foods,Snacks & Instant Foods,Instant Noodles,0,Standard / Non-LUP,Poly Bag,156.8,199.5,400.0,400.0,g,39.2,49.88,27.23,0.0,27.24,0.2409,0.2408,0.0,0.0,0.9996,0.0,"Q1: Overt Inflation (Price Up, Weight Flat)",Q1_Overt_Inflation,0,0
SNA-WAI-1678,Wai Wai Masala (Instant Noodles),Wai,CG Foods,Snacks & Instant Foods,Instant Noodles,0,Standard / Non-LUP,Poly Bag,34.2,40.3,500.0,423.0,g,6.84,9.53,17.84,-15.4,39.33,0.3317,0.1641,-0.1672,0.5042,0.4949,0.3916,Q3: Double Whammy (Price Up + Weight Down),Q3_Double_Whammy,1,1
SNA-WAI-1717,Wai Wai Quick (Instant Noodles),Wai,CG Foods,Snacks & Instant Foods,Instant Noodles,1,₹10 Pack,Nitrogen Flushed Foil Pouch,10.0,10.0,40.0,30.5,g,25.0,32.79,0.0,-23.75,31.16,0.2712,0.0,-0.2712,0.9996,0.0,0.7622,"Q2: Silent Shrinkflation (Weight Down, Price Flat)",Q2_Silent_Shrink,1,1
SNA-WAI-1763,Wai Wai Masala (Instant Noodles),Wai,CG Foods,Snacks & Instant Foods,Instant Noodles,0,Standard / Non-LUP,Poly Bag,58.0,72.2,100.0,100.0,g,58.0,72.2,24.48,0.0,24.48,0.219,0.219,0.0,0.0,1.0,0.0,"Q1: Overt Inflation (Price Up, Weight Flat)",Q1_Overt_Inflation,0,0
SNA-WAI-2073,Wai Wai 1-2-3 (Instant Noodles),Wai,CG Foods,Snacks & Instant Foods,Instant Noodles,0,Standard / Non-LUP,Mono Carton Box,106.6,131.1,500.0,423.0,g,21.32,30.99,22.98,-15.4,45.36,0.374,0.2069,-0.1672,0.4471,0.5531,0.3395,Q3: Double Whammy (Price Up + Weight Down),Q3_Double_Whammy,1,1
SNA-WAI-2083,Wai Wai Masala (Instant Noodles),Wai,CG Foods,Snacks & Instant Foods,Instant Noodles,1,₹5 Pack,LDPE Pouch,5.0,5.0,20.0,20.0,g,25.0,25.0,0.0,0.0,0.0,0.0,0.0,0.0,0.0,0.0,0.0,Q4: Stable / Fair Value,Q4_Stable_Fair,0,0
SNA-WAI-2137,Wai Wai Quick (Instant Noodles),Wai,CG Foods,Snacks & Instant Foods,Instant Noodles,0,Standard / Non-LUP,Nitrogen Flushed Foil Pouch,77.0,94.1,150.0,126.9,g,51.33,74.15,22.21,-15.4,44.46,0.3678,0.2006,-0.1672,0.4547,0.5453,0.3464,Q3: Double Whammy (Price Up + Weight Down),Q3_Double_Whammy,1,1
SNA-WAI-2142,Wai Wai 1-2-3 (Instant Noodles),Wai,CG Foods,Snacks & Instant Foods,Instant Noodles,1,₹50 Pack,Stand-up Spout Pouch,50.0,50.0,125.0,95.1,g,40.0,52.58,0.0,-23.92,31.45,0.2735,0.0,-0.2734,0.9997,0.0,0.7606,"Q2: Silent Shrinkflation (Weight Down, Price Flat)",Q2_Silent_Shrink,1,1
SNA-WAI-2145,Wai Wai Masala (Instant Noodles),Wai,CG Foods,Snacks & Instant Foods,Instant Noodles,1,₹20 Pack,Stand-up Spout Pouch,20.0,20.0,75.0,54.6,g,26.67,36.63,0.0,-27.2,37.35,0.3173,0.0,-0.3175,1.0,0.0,0.7283,"Q2: Silent Shrinkflation (Weight Down, Price Flat)",Q2_Silent_Shrink,1,1
SNA-WAI-2207,Wai Wai Masala (Instant Noodles),Wai,CG Foods,Snacks & Instant Foods,Instant Noodles,0,Standard / Non-LUP,Nitrogen Flushed Foil Pouch,154.8,214.0,100.0,100.0,g,154.8,214.0,38.24,0.0,38.24,0.3238,0.3238,0.0,0.0,1.0,0.0,"Q1: Overt Inflation (Price Up, Weight Flat)",Q1_Overt_Inflation,0,0
SNA-WAI-2230,Wai Wai Masala (Instant Noodles),Wai,CG Foods,Snacks & Instant Foods,Instant Noodles,1,₹5 Pack,Poly Bag,5.0,5.0,25.0,19.0,g,20.0,26.32,0.0,-24.0,31.6,0.2746,0.0,-0.2744,0.9994,0.0,0.7595,"Q2: Silent Shrinkflation (Weight Down, Price Flat)",Q2_Silent_Shrink,1,1
SNA-WAI-2235,Wai Wai 1-2-3 (Instant Noodles),Wai,CG Foods,Snacks & Instant Foods,Instant Noodles,1,₹10 Pack,Nitrogen Flushed Foil Pouch,10.0,10.0,48.0,35.7,g,20.83,28.01,0.0,-25.62,34.47,0.2962,0.0,-0.2961,0.9996,0.0,0.7434,"Q2: Silent Shrinkflation (Weight Down, Price Flat)",Q2_Silent_Shrink,1,1
SNA-WAI-2244,Wai Wai 1-2-3 (Instant Noodles),Wai,CG Foods,Snacks & Instant Foods,Instant Noodles,0,Standard / Non-LUP,Flow Wrap,75.8,94.1,150.0,126.9,g,50.53,74.15,24.14,-15.4,46.74,0.3835,0.2163,-0.1672,0.4361,0.5639,0.3295,Q3: Double Whammy (Price Up + Weight Down),Q3_Double_Whammy,1,1
SNA-WAI-2331,Wai Wai 1-2-3 (Instant Noodles),Wai,CG Foods,Snacks & Instant Foods,Instant Noodles,1,₹10 Pack,Mono Carton Box,10.0,12.0,35.0,28.4,g,28.57,42.25,20.0,-18.86,47.88,0.3912,0.1823,-0.209,0.5341,0.466,0.3938,Q3: Double Whammy (Price Up + Weight Down),Q3_Double_Whammy,1,1
SNA-WAI-2379,Wai Wai Quick (Instant Noodles),Wai,CG Foods,Snacks & Instant Foods,Instant Noodles,0,Standard / Non-LUP,HDPE Plastic Bottle,151.0,190.1,300.0,243.0,g,50.33,78.23,25.89,-19.0,55.43,0.4411,0.2303,-0.2107,0.4778,0.5221,0.3427,Q3: Double Whammy (Price Up + Weight Down),Q3_Double_Whammy,1,1
